6.92,6.92,28.87,31.19,24.42
22.48,22.48,49.13,50.45,36.69
34.50,34.50,54.96,53.19,49.20
39.78,39.78,87.42,54.46,70.77
43.94,43.94,91.48,54.04,73.09
49.68,49.68,89.04,52.03,73.38
51.94,51.94,88.08,52.56,71.30
56.83,56.83,87.30,57.89,74.58
58.17,58.17,87.35,61.51,73.76
59.13,59.13,85.38,60.95,76.21
59.53,59.53,84.00,61.66,74.88
58.14,58.14,82.93,60.32,72.70
59.04,59.04,82.55,57.80,73.22
57.00,57.00,79.58,60.14,76.43
55.76,55.76,77.22,60.91,75.63
56.48,56.48,75.41,62.36,75.05
55.02,55.02,72.83,64.67,75.50
52.58,52.58,70.38,64.60,74.95
49.57,49.57,66.81,63.82,71.29
50.77,50.77,66.06,67.76,70.36
51.52,51.52,65.02,60.26,70.13
57.47,57.47,62.67,49.68,70.17
67.44,67.44,62.83,39.22,75.18
63.90,63.90,61.05,28.50,76.27
64.72,64.72,59.31,29.00,76.31
67.02,67.02,59.62,28.04,76.63
68.16,68.16,59.75,23.42,74.27
63.20,63.20,59.97,21.01,74.92
58.68,58.68,60.88,15.39,73.53
59.86,59.86,58.83,16.65,75.47
61.14,61.14,58.27,13.91,74.28
62.05,62.05,56.11,17.87,76.63
69.31,69.31,54.68,23.26,75.33
67.56,67.56,52.05,20.83,74.90
66.72,66.72,48.32,10.51,74.48
66.95,66.95,46.86,11.84,72.93
67.35,67.35,47.92,18.64,73.29
67.57,67.57,48.78,18.22,71.24
75.00,75.00,49.79,11.72,71.81
73.19,73.19,51.04,6.65,69.40
76.49,76.49,50.98,3.56,69.68
74.98,74.98,48.94,3.62,70.72
69.75,69.75,48.69,7.39,74.80
73.36,73.36,45.85,4.68,74.06
71.29,71.29,45.27,6.43,74.18
69.46,69.46,44.27,10.60,73.13
69.55,69.55,43.16,9.70,75.03
63.11,63.11,43.04,8.85,72.95
65.76,65.76,43.18,4.19,75.01
63.06,63.06,42.20,2.45,74.08
64.61,64.61,41.10,1.07,74.62
64.50,64.50,40.42,0.01,73.51
69.92,69.92,40.77,1.56,73.09
71.46,71.46,39.32,7.65,72.75
76.90,76.90,36.33,11.11,71.89
78.21,78.21,35.51,11.64,71.24
73.46,73.46,28.86,10.60,70.05
74.45,74.45,32.42,9.73,72.11
72.54,72.54,32.89,10.38,70.93
72.84,72.84,30.12,11.94,69.84
73.88,73.88,29.74,11.89,69.27
73.02,73.02,28.90,12.71,68.95
73.31,73.31,30.64,11.25,70.32
73.69,73.69,31.63,11.62,69.65
73.40,73.40,30.57,13.64,70.62
73.14,73.14,32.09,11.48,72.81
74.84,74.84,32.08,10.35,71.78
73.49,73.49,32.60,8.96,71.16
73.21,73.21,31.17,9.17,70.37
69.37,69.37,30.99,11.57,68.75
70.97,70.97,28.24,13.87,69.17
68.45,68.45,27.20,14.14,68.47
69.48,69.48,25.72,15.26,70.49
72.14,72.14,25.96,14.64,69.68
73.28,73.28,27.21,5.56,72.11
71.25,71.25,28.08,6.51,70.69
72.06,72.06,27.94,5.74,72.80
67.81,67.81,23.65,3.60,71.43
61.89,61.89,23.09,1.92,72.82
59.89,59.89,25.14,0.70,72.22
63.18,63.18,26.69,3.96,73.94
65.04,65.04,26.36,5.51,72.65
70.15,70.15,26.20,7.88,73.71
76.29,76.29,25.42,6.43,70.80
71.40,71.40,24.49,4.61,74.61
65.35,65.35,25.03,0.04,71.49
68.39,68.39,23.92,0.25,74.61
65.88,65.88,22.16,-0.00,70.46
64.18,64.18,20.52,-0.00,74.12
65.46,65.46,19.10,0.03,75.87
67.72,67.72,19.26,1.23,73.82
63.25,63.25,19.23,4.78,70.30
68.48,68.48,28.23,8.03,73.35
70.01,70.01,29.23,2.56,71.11
74.34,74.34,27.07,3.96,71.99
75.07,75.07,26.53,6.09,72.02
76.61,76.61,28.52,8.74,73.13
71.65,71.65,23.34,12.67,69.95
73.76,73.76,25.60,19.17,69.25
64.64,64.64,42.20,22.92,68.70
57.97,57.97,44.75,25.83,69.35
55.70,55.70,40.22,26.86,67.52
65.61,65.61,24.70,24.67,67.89
71.50,71.50,19.25,20.40,68.21
75.26,75.26,22.49,11.16,70.24
75.64,75.64,22.95,5.47,70.01
71.25,71.25,19.68,2.72,69.96
72.76,72.76,18.80,1.71,68.08
71.89,71.89,12.15,0.65,68.65
75.83,75.83,12.00,1.88,71.66
73.16,73.16,13.71,2.09,70.52
75.03,75.03,15.92,4.62,69.96
76.68,76.68,25.57,3.89,70.50
71.83,71.83,29.64,6.22,73.87
70.67,70.67,27.47,13.48,72.85
70.79,70.79,27.25,16.57,71.27
70.77,70.77,24.66,18.50,71.45
68.48,68.48,20.07,16.99,69.67
69.13,69.13,12.93,16.52,69.29
69.29,69.29,13.45,17.72,69.22
74.28,74.28,14.08,18.78,68.85
71.52,71.52,15.27,20.36,69.02
71.79,71.79,22.02,21.58,70.00
75.76,75.76,25.08,23.33,70.77
71.97,71.97,23.83,23.93,70.37
73.00,73.00,22.43,24.17,71.61
68.64,68.64,17.66,22.37,72.01
73.92,73.92,21.77,17.23,72.64
68.59,68.59,23.36,14.15,73.91
68.37,68.37,22.03,15.07,75.03
66.94,66.94,24.53,18.83,73.44
65.41,65.41,24.77,20.59,73.33
68.51,68.51,25.01,20.56,73.99
71.60,71.60,25.09,21.48,72.65
75.86,75.86,25.49,22.90,70.73
71.85,71.85,27.25,24.97,68.45
74.38,74.38,18.98,26.08,68.70
70.81,70.81,18.96,24.13,69.45
70.07,70.07,26.62,23.61,71.45
69.58,69.58,24.64,24.27,72.87
72.39,72.39,21.81,24.14,73.12
73.36,73.36,26.37,23.94,74.35
70.34,70.34,27.47,24.72,72.74
73.51,73.51,27.22,26.50,70.07
70.15,70.15,24.35,28.11,71.23
75.20,75.20,23.39,28.87,70.12
76.33,76.33,23.83,28.02,70.25
73.74,73.74,25.38,26.80,69.50
72.81,72.81,25.42,27.25,70.74
71.08,71.08,24.33,27.83,71.15
70.21,70.21,24.27,28.99,71.52
68.63,68.63,24.41,29.50,70.95
71.64,71.64,25.99,28.41,70.01
73.67,73.67,24.91,29.72,70.13
74.29,74.29,24.40,31.09,69.50
73.93,73.93,22.99,30.76,69.55
73.61,73.61,22.67,30.39,69.23
69.17,69.17,22.45,28.95,70.94
72.84,72.84,27.76,27.40,73.94
71.20,71.20,23.21,25.27,74.79
69.84,69.84,23.00,24.14,73.02
68.95,68.95,23.29,25.50,71.65
69.84,69.84,28.64,26.93,73.37
71.11,71.11,28.94,26.13,72.83
72.64,72.64,24.61,25.71,71.91
71.88,71.88,23.17,22.35,70.78
69.79,69.79,24.05,21.41,71.43
70.21,70.21,28.48,21.48,70.59
71.58,71.58,30.85,22.16,73.81
71.69,71.69,28.61,20.90,72.97
70.18,70.18,33.04,21.05,72.06
70.91,70.91,29.46,20.97,70.67
72.49,72.49,24.95,20.18,72.93
71.99,71.99,24.58,19.00,69.84
72.99,72.99,20.03,21.86,71.17
72.90,72.90,22.09,25.77,69.69
75.71,75.71,23.73,29.04,68.59
72.11,72.11,22.30,28.63,68.71
68.94,68.94,14.50,27.06,70.72
61.98,61.98,16.36,27.10,70.68
57.22,57.22,18.11,27.72,68.27
55.64,55.64,15.89,25.84,70.09
61.01,61.01,16.23,23.80,70.04
71.89,71.89,21.26,20.93,72.44
71.75,71.75,18.24,18.81,70.70
75.44,75.44,20.04,17.17,73.40
70.21,70.21,17.99,14.97,72.64
71.08,71.08,17.46,13.04,72.08
67.51,67.51,13.14,11.78,72.58
69.17,69.17,14.73,17.04,71.17
69.07,69.07,17.63,15.74,70.95
70.52,70.52,12.69,17.66,71.88
67.88,67.88,12.32,17.52,71.55
75.06,75.06,14.77,12.86,73.02
74.53,74.53,17.21,10.53,71.36
72.62,72.62,17.20,10.54,72.09
69.54,69.54,16.58,14.77,70.67
71.30,71.30,21.21,16.55,72.20
67.49,67.49,12.21,16.23,69.17
70.79,70.79,13.66,17.85,71.52
69.56,69.56,16.49,22.14,71.71
70.60,70.60,13.24,24.39,70.54
71.84,71.84,11.79,25.66,68.82
74.18,74.18,19.97,24.39,70.71
74.84,74.84,20.32,22.89,70.46
75.99,75.99,23.34,21.55,69.22
76.46,76.46,14.79,19.56,69.96
74.27,74.27,19.91,14.34,70.50
72.84,72.84,20.68,10.01,72.97
74.64,74.64,19.51,11.62,73.34
71.97,71.97,15.58,12.72,73.49
72.89,72.89,15.67,12.30,74.35
73.36,73.36,15.60,11.91,72.33
71.83,71.83,18.85,13.87,73.16
73.36,73.36,16.30,14.11,71.81
76.85,76.85,21.50,17.78,71.57
74.46,74.46,19.24,17.71,69.02
72.20,72.20,10.99,15.77,69.56
74.86,74.86,21.10,17.19,70.38
73.91,73.91,18.20,18.66,70.94
74.13,74.13,17.81,22.96,70.50
73.68,73.68,23.38,25.62,71.84
73.61,73.61,21.34,25.25,70.82
73.50,73.50,19.45,28.16,71.00
74.09,74.09,22.29,28.92,70.22
78.82,78.82,22.28,24.83,68.70
78.83,78.83,23.73,25.44,69.35
75.69,75.69,20.19,27.08,69.97
74.64,74.64,25.16,25.72,69.56
71.03,71.03,23.33,28.83,69.75
71.73,71.73,27.49,27.10,71.18
70.60,70.60,25.27,26.70,71.18
70.97,70.97,18.84,25.57,69.58
71.30,71.30,25.98,21.58,69.84
73.41,73.41,22.31,21.53,70.56
72.32,72.32,22.96,22.83,70.72
72.95,72.95,23.46,20.40,70.21
72.36,72.36,22.44,19.10,70.06
68.13,68.13,21.13,19.06,70.04
67.04,67.04,16.31,20.04,73.85
67.41,67.41,16.67,20.88,74.50
68.07,68.07,15.96,22.02,76.63
68.73,68.73,18.21,21.77,75.46
69.37,69.37,19.49,19.22,73.97
72.54,72.54,18.74,18.29,71.56
71.82,71.82,16.96,20.35,69.75
72.34,72.34,15.49,20.20,71.45
69.19,69.19,11.66,20.74,71.98
66.75,66.75,17.94,19.73,73.21
68.91,68.91,16.57,18.75,72.58
68.75,68.75,15.91,18.36,72.73
69.97,69.97,17.55,18.76,69.84
68.85,68.85,14.24,18.47,69.82
73.05,73.05,20.18,16.89,71.92
75.40,75.40,21.38,11.31,70.09
75.45,75.45,21.71,13.55,70.65
74.04,74.04,18.98,16.05,67.03
73.35,73.35,25.10,11.26,67.55
69.74,69.74,20.27,13.80,67.98
69.13,69.13,13.17,14.09,70.45
66.21,66.21,15.29,15.79,71.25
57.29,57.29,15.73,19.09,70.14
58.77,58.77,13.60,16.82,66.77
69.96,69.96,18.77,12.87,71.62
73.71,73.71,19.57,15.37,71.04
73.81,73.81,18.06,14.76,71.77
74.65,74.65,24.20,15.02,73.58
71.41,71.41,22.02,14.96,73.42
71.81,71.81,17.53,12.34,73.17
69.37,69.37,12.95,12.53,70.89
67.69,67.69,13.19,17.02,70.27
72.20,72.20,11.66,13.00,71.78
75.18,75.18,9.83,12.08,72.71
71.18,71.18,17.50,6.38,73.32
71.88,71.88,14.81,6.53,72.72
73.13,73.13,17.54,2.44,71.20
74.18,74.18,15.50,2.42,73.84
74.67,74.67,17.52,3.16,74.71
71.25,71.25,11.46,3.27,74.75
66.30,66.30,5.88,1.88,74.76
64.76,64.76,7.25,4.37,74.45
64.74,64.74,8.79,4.06,73.81
66.86,66.86,6.72,1.65,73.35
67.87,67.87,15.33,5.42,72.23
69.34,69.34,11.85,2.28,72.43
71.16,71.16,12.03,0.67,72.04
72.12,72.12,12.02,5.68,71.08
70.27,70.27,12.28,7.78,71.23
71.14,71.14,16.57,11.20,70.27
70.12,70.12,28.14,13.43,72.45
70.78,70.78,26.22,12.99,70.84
69.80,69.80,27.61,9.63,71.75
70.29,70.29,22.88,6.77,70.85
71.25,71.25,23.09,17.15,73.05
75.37,75.37,23.74,12.19,70.73
71.94,71.94,21.01,5.70,69.52
72.24,72.24,23.56,2.68,73.03
72.47,72.47,13.30,0.85,70.60
72.30,72.30,12.27,2.33,69.43
71.98,71.98,21.13,7.41,72.01
68.20,68.20,18.01,6.94,71.65
69.08,69.08,18.66,9.83,70.36
68.03,68.03,17.55,9.33,69.22
69.74,69.74,22.46,6.65,69.40
72.51,72.51,28.69,6.70,69.26
72.44,72.44,33.56,5.85,69.81
74.63,74.63,30.74,2.53,72.61
74.69,74.69,28.87,2.71,78.73
74.12,74.12,23.53,4.24,75.63
72.62,72.62,22.12,6.05,73.90
73.38,73.38,22.03,8.00,70.87
72.15,72.15,16.25,9.64,69.56
71.52,71.52,17.12,7.93,67.39
71.29,71.29,18.74,7.42,68.92
71.87,71.87,21.42,7.65,71.16
72.31,72.31,20.84,8.45,70.84
71.64,71.64,21.61,8.42,72.11
71.06,71.06,19.90,13.63,72.58
71.59,71.59,21.32,13.12,73.03
70.10,70.10,23.12,10.03,70.70
70.39,70.39,24.69,7.85,70.98
69.57,69.57,20.72,5.32,74.14
64.50,64.50,14.09,5.03,73.83
66.12,66.12,17.06,10.15,71.25
70.02,70.02,21.65,17.77,72.62
69.46,69.46,19.96,7.63,73.14
68.82,68.82,26.64,6.23,74.60
70.86,70.86,22.34,8.83,74.32
70.96,70.96,18.14,7.89,71.99
69.93,69.93,22.80,9.40,76.08
68.70,68.70,16.14,5.27,77.45
69.82,69.82,21.32,8.99,75.23
68.60,68.60,27.91,8.15,73.35
70.14,70.14,26.80,3.96,71.88
72.46,72.46,24.63,9.24,73.31
70.28,70.28,21.40,9.54,72.92
71.18,71.18,22.02,7.88,72.68
71.72,71.72,19.68,7.86,71.41
69.22,69.22,17.74,12.37,71.47
63.05,63.05,16.03,13.68,71.24
60.85,60.85,20.43,15.64,73.01
57.03,57.03,20.41,18.27,70.67
56.82,56.82,16.52,15.58,71.20
62.09,62.09,20.85,17.26,68.93
68.79,68.79,20.01,18.06,71.02
72.91,72.91,19.80,4.63,74.54
68.58,68.58,20.94,0.54,72.34
68.82,68.82,20.58,0.81,72.98
67.86,67.86,19.90,1.61,72.32
65.83,65.83,16.58,1.77,70.89
65.78,65.78,14.12,3.38,74.30
64.28,64.28,15.51,4.42,73.45
64.84,64.84,14.26,5.24,71.02
65.97,65.97,15.81,4.32,72.51
70.28,70.28,22.23,4.23,72.76
70.56,70.56,25.92,0.11,72.03
71.53,71.53,20.25,0.83,71.05
71.34,71.34,19.81,0.58,70.07
71.10,71.10,16.89,1.92,71.20
67.28,67.28,10.18,1.72,71.64
75.43,75.43,9.27,3.00,71.45
74.92,74.92,7.53,1.46,71.26
75.50,75.50,9.06,2.84,69.93
72.12,72.12,15.97,2.39,67.46
74.70,74.70,25.19,2.42,71.35
75.17,75.17,24.60,2.09,71.13
74.44,74.44,20.41,0.73,72.13
74.10,74.10,23.32,0.67,71.65
75.12,75.12,19.64,6.19,73.76
72.74,72.74,23.89,13.43,74.45
71.66,71.66,25.71,6.48,72.80
72.32,72.32,16.44,2.08,73.36
73.58,73.58,21.08,5.46,73.62
73.40,73.40,25.35,12.81,74.17
70.16,70.16,19.19,12.39,73.74
72.83,72.83,18.08,7.39,72.61
75.04,75.04,16.89,1.96,71.98
72.19,72.19,16.03,3.17,69.95
75.96,75.96,12.68,3.61,69.85
75.70,75.70,14.26,4.19,69.57
75.50,75.50,19.31,0.87,67.83
75.04,75.04,17.94,5.17,69.02
75.34,75.34,16.99,2.03,68.99
76.33,76.33,16.39,4.17,69.11
74.18,74.18,22.42,3.64,69.42
73.48,73.48,20.92,1.72,69.03
74.57,74.57,25.87,2.77,70.99
74.45,74.45,24.55,1.59,70.20
73.60,73.60,19.49,2.18,68.74
74.77,74.77,27.17,3.56,70.13
74.67,74.67,27.16,1.76,70.07
72.83,72.83,26.52,5.26,69.86
70.38,70.38,24.24,5.94,71.41
71.63,71.63,22.94,7.26,70.07
73.61,73.61,21.82,5.78,69.94
74.88,74.88,17.69,7.69,69.85
74.59,74.59,18.15,8.13,69.74
73.98,73.98,19.03,7.08,68.78
73.21,73.21,22.85,8.59,68.36
68.09,68.09,22.89,13.41,73.17
69.37,69.37,17.35,8.22,73.70
67.18,67.18,13.49,5.13,73.51
69.10,69.10,14.85,4.19,72.16
69.94,69.94,17.71,6.45,71.31
72.28,72.28,26.73,15.72,69.09
68.23,68.23,20.52,8.76,70.54
69.92,69.92,14.96,4.68,71.90
67.73,67.73,10.11,0.44,75.97
63.51,63.51,17.90,2.91,71.03
62.95,62.95,24.29,6.50,73.48
63.24,63.24,19.91,1.27,73.01
63.31,63.31,13.96,0.37,75.54
62.86,62.86,8.86,3.04,72.42
65.92,65.92,9.99,6.14,70.16
73.06,73.06,20.71,3.00,70.09
72.88,72.88,20.61,7.19,71.74
72.88,72.88,18.22,8.67,72.12
75.74,75.74,23.78,9.63,69.15
73.73,73.73,23.83,10.33,70.54
73.02,73.02,17.29,15.51,68.72
66.11,66.11,19.75,7.34,68.81
59.18,59.18,19.49,7.01,71.44
59.16,59.16,16.42,4.01,67.30
60.60,60.60,15.58,5.57,67.45
75.97,75.97,20.17,9.71,70.24
72.53,72.53,19.41,2.37,71.54
71.46,71.46,18.74,0.04,72.03
73.83,73.83,19.62,-0.00,70.91
75.99,75.99,19.04,-0.00,70.78
72.68,72.68,9.49,-0.00,69.38
74.31,74.31,9.39,-0.00,71.53
73.14,73.14,9.21,-0.00,71.38
77.30,77.30,6.97,-0.00,71.62
71.98,71.98,8.81,-0.00,72.86
74.06,74.06,22.04,-0.00,75.96
70.37,70.37,26.41,-0.00,74.38
69.53,69.53,20.72,-0.00,76.01
70.27,70.27,27.68,0.03,76.50
70.13,70.13,20.00,0.03,73.48
69.60,69.60,11.28,0.03,74.63
68.30,68.30,3.73,-0.00,70.60
72.78,72.78,2.46,0.02,70.00
76.43,76.43,2.65,1.00,69.42
74.13,74.13,4.12,0.76,72.26
72.47,72.47,13.88,0.01,72.91
73.04,73.04,17.32,0.03,72.00
71.76,71.76,21.11,0.62,73.07
73.33,73.33,18.21,0.93,71.52
73.46,73.46,15.26,0.80,71.80
73.31,73.31,11.64,0.07,73.74
67.70,67.70,14.70,1.33,76.14
69.65,69.65,18.31,0.37,75.54
65.10,65.10,22.76,0.72,75.79
66.17,66.17,21.64,0.00,74.24
70.14,70.14,18.82,0.17,74.86
72.73,72.73,20.73,1.87,74.22
74.95,74.95,20.98,3.22,73.19
73.97,73.97,22.32,2.81,72.60
74.42,74.42,13.55,2.31,71.19
73.17,73.17,16.51,7.60,72.54
71.59,71.59,19.74,11.35,74.82
68.48,68.48,22.86,9.76,75.32
73.64,73.64,17.80,5.69,74.56
72.71,72.71,18.94,9.09,76.77
70.85,70.85,19.47,10.51,76.62
74.89,74.89,22.60,11.58,74.92
73.55,73.55,22.07,17.10,73.97
71.40,71.40,21.60,17.23,72.85
75.23,75.23,23.79,14.29,71.07
73.15,73.15,20.22,11.43,70.65
71.04,71.04,25.74,9.21,70.90
69.18,69.18,24.10,7.70,71.29
68.52,68.52,22.89,3.84,71.18
66.59,66.59,22.05,1.68,70.90
69.68,69.68,29.56,4.30,71.57
73.91,73.91,23.71,7.77,72.14
73.35,73.35,23.61,11.03,73.30
77.01,77.01,23.34,12.26,72.75
74.03,74.03,25.54,11.63,71.21
72.88,72.88,20.99,8.45,72.05
70.08,70.08,26.53,3.85,74.07
71.49,71.49,27.99,2.59,76.41
67.83,67.83,20.66,4.70,75.66
63.53,63.53,16.68,3.81,72.32
65.93,65.93,19.65,2.09,72.11
67.58,67.58,27.33,5.59,73.61
70.32,70.32,28.73,7.60,76.66
68.97,68.97,24.35,9.07,74.03
67.55,67.55,24.14,8.12,73.10
65.36,65.36,26.04,5.18,74.52
74.32,74.32,24.10,3.32,73.22
68.80,68.80,22.44,3.87,74.85
69.40,69.40,20.39,3.42,75.18
68.14,68.14,24.41,6.47,76.82
68.94,68.94,32.58,4.62,75.35
69.82,69.82,28.26,3.52,73.57
72.58,72.58,31.06,5.39,72.04
74.17,74.17,29.65,6.94,74.43
73.85,73.85,27.20,6.68,71.24
71.53,71.53,29.21,6.49,72.20
63.53,63.53,25.18,6.90,71.14
58.84,58.84,14.20,4.72,72.55
57.65,57.65,17.65,5.52,71.81
57.11,57.11,24.36,5.40,71.90
64.33,64.33,25.26,5.48,72.37
72.66,72.66,30.87,5.31,71.72
72.31,72.31,23.84,4.90,70.73
75.68,75.68,23.74,9.35,70.49
74.67,74.67,20.97,10.50,71.93
75.92,75.92,19.00,9.43,72.76
68.69,68.69,17.52,6.70,71.16
74.09,74.09,12.16,9.52,71.42
74.49,74.49,17.88,9.85,71.66
67.91,67.91,17.26,8.61,72.92
68.09,68.09,22.36,6.56,71.62
68.78,68.78,22.46,5.35,74.19
67.98,67.98,20.46,5.30,73.75
68.36,68.36,26.74,4.24,75.41
68.10,68.10,30.21,3.46,76.61
68.30,68.30,18.62,6.28,75.81
68.53,68.53,17.06,9.05,72.62
73.90,73.90,11.55,7.00,71.73
72.23,72.23,8.12,5.13,72.81
73.82,73.82,14.59,4.26,73.15
71.40,71.40,17.32,5.12,73.53
78.07,78.07,24.52,6.06,72.09
76.29,76.29,29.69,6.60,71.04
78.24,78.24,27.58,9.61,70.66
76.80,76.80,27.19,11.15,70.78
74.68,74.68,21.93,11.88,69.98
74.98,74.98,26.05,12.05,73.17
73.26,73.26,30.05,11.24,73.83
73.36,73.36,25.95,14.55,72.13
72.01,72.01,22.59,10.79,73.29
72.93,72.93,26.26,15.34,72.50
70.21,70.21,26.74,13.77,73.72
70.94,70.94,24.76,12.08,73.85
73.62,73.62,22.25,11.46,72.98
75.77,75.77,20.75,12.22,73.04
76.28,76.28,17.53,10.33,72.91
78.36,78.36,23.12,9.09,71.72
70.35,70.35,20.63,7.51,72.37
72.93,72.93,21.77,7.27,72.83
74.74,74.74,21.02,9.45,73.96
74.37,74.37,25.90,13.69,73.37
74.89,74.89,23.69,9.29,73.42
74.21,74.21,20.66,7.62,73.92
76.45,76.45,22.34,11.41,74.19
74.77,74.77,24.14,7.56,73.68
73.88,73.88,28.14,14.46,74.10
74.19,74.19,25.24,9.88,72.24
69.79,69.79,26.86,10.35,73.59
65.44,65.44,26.51,11.66,73.75
65.02,65.02,27.35,11.25,73.70
65.12,65.12,26.19,9.09,72.20
73.36,73.36,24.10,12.45,72.43
76.51,76.51,28.33,11.43,72.94
72.45,72.45,23.68,10.35,73.57
73.88,73.88,20.85,8.76,71.67
73.76,73.76,26.21,9.30,72.81
67.27,67.27,26.96,6.56,72.51
65.20,65.20,16.71,7.91,73.96
62.02,62.02,23.19,11.20,73.56
57.97,57.97,18.86,10.69,73.76
59.98,59.98,22.92,5.79,74.12
65.22,65.22,21.32,6.19,74.43
65.20,65.20,15.65,3.77,73.73
65.58,65.58,20.30,2.49,71.80
67.71,67.71,19.84,2.31,73.75
66.35,66.35,19.19,6.95,72.21
68.15,68.15,27.26,8.85,72.67
69.36,69.36,12.63,7.41,71.67
69.19,69.19,11.16,6.01,73.46
69.66,69.66,11.72,5.47,70.75
74.06,74.06,15.03,6.67,72.79
74.40,74.40,21.09,8.35,68.99
74.56,74.56,21.45,8.08,69.17
75.74,75.74,25.26,8.78,70.39
76.92,76.92,25.28,4.43,71.14
74.03,74.03,17.74,4.04,71.12
75.38,75.38,13.55,4.92,72.25
71.16,71.16,9.63,5.11,73.01
61.58,61.58,10.31,1.93,70.53
55.33,55.33,10.61,3.04,68.69
54.90,54.90,13.77,3.35,71.13
66.40,66.40,23.11,5.50,73.00
70.42,70.42,21.33,9.52,74.24
72.77,72.77,23.92,13.77,72.68
73.79,73.79,24.57,12.28,72.50
74.04,74.04,20.97,16.21,72.47
74.29,74.29,14.63,14.14,72.16
70.25,70.25,14.95,10.93,69.54
67.61,67.61,14.06,9.60,69.92
66.55,66.55,14.49,2.73,71.05
67.06,67.06,13.24,4.88,69.17
63.51,63.51,21.56,3.98,74.80
61.59,61.59,22.67,5.36,73.59
61.65,61.65,25.10,3.78,76.43
61.18,61.18,25.84,6.52,73.35
62.93,62.93,27.43,6.64,75.25
64.84,64.84,20.95,4.66,72.67
72.95,72.95,16.13,7.03,71.67
77.58,77.58,11.97,8.79,69.67
77.29,77.29,10.59,8.49,69.87
79.31,79.31,11.39,3.42,70.27
71.45,71.45,21.78,2.19,72.22
72.72,72.72,19.92,2.75,73.16
72.56,72.56,19.94,2.07,74.01
71.94,71.94,24.29,4.27,73.79
63.65,63.65,15.85,4.28,71.86
63.45,63.45,23.33,3.94,73.69
61.63,61.63,26.78,3.96,75.39
71.37,71.37,27.07,2.41,73.76
67.72,67.72,22.74,0.65,73.63
66.36,66.36,22.71,1.43,75.21
69.03,69.03,28.99,3.16,75.86
73.59,73.59,22.81,1.93,73.34
68.88,68.88,17.73,2.75,72.42
70.40,70.40,19.64,3.72,73.00
71.39,71.39,14.89,4.05,74.36
73.15,73.15,23.50,4.01,73.72
71.99,71.99,26.51,4.12,75.48
74.18,74.18,23.25,4.44,73.39
73.97,73.97,26.64,6.48,75.61
73.25,73.25,23.67,7.24,75.95
70.03,70.03,23.40,7.71,73.33
69.12,69.12,29.95,8.64,77.39
67.87,67.87,30.42,11.28,74.20
67.38,67.38,24.66,13.23,75.21
68.57,68.57,27.23,12.89,78.69
67.00,67.00,30.00,11.58,75.77
69.92,69.92,24.54,9.71,72.97
69.61,69.61,26.37,5.70,72.32
68.66,68.66,30.43,2.05,71.47
67.66,67.66,26.49,0.94,70.67
62.03,62.03,24.84,3.56,72.91
58.97,58.97,25.17,6.00,77.26
56.71,56.71,24.23,7.67,79.13
57.94,57.94,27.26,5.13,76.44
57.32,57.32,24.48,0.80,75.43
61.43,61.43,28.70,-0.00,73.48
67.74,67.74,32.71,-0.00,74.03
73.56,73.56,45.41,6.85,71.96
73.18,73.18,56.78,28.52,71.29
69.38,69.38,64.84,34.45,69.55
70.61,70.61,82.22,36.06,71.20
73.82,73.82,88.41,28.70,76.99
68.79,68.79,90.59,17.09,76.05
69.75,69.75,91.12,15.95,77.56
70.35,70.35,88.45,7.68,77.77
70.12,70.12,87.96,0.25,79.57
68.75,68.75,86.90,0.07,77.27
69.69,69.69,85.00,0.10,78.49
71.28,71.28,83.98,0.38,79.05
74.05,74.05,83.19,1.71,79.01
67.70,67.70,83.98,11.36,76.61
65.03,65.03,81.35,23.96,77.60
63.44,63.44,78.58,29.28,77.12
62.46,62.46,77.00,30.68,76.11
64.63,64.63,75.24,29.46,76.14
59.87,59.87,73.79,23.89,75.53
54.92,54.92,69.24,21.67,77.46
54.24,54.24,65.70,37.18,76.52
54.67,54.67,59.54,43.12,74.77
54.25,54.25,56.02,45.14,73.73
60.53,60.53,55.68,44.12,74.02
63.61,63.61,53.76,40.66,76.62
67.08,67.08,50.79,36.35,78.15
63.19,63.19,48.63,32.62,81.32
62.51,62.51,50.65,30.06,76.55
61.28,61.28,49.86,27.69,76.98
61.13,61.13,50.25,27.25,77.33
56.40,56.40,50.07,27.37,75.60
57.69,57.69,49.16,26.72,74.80
56.62,56.62,44.88,25.09,76.53
60.60,60.60,38.39,22.24,77.31
65.85,65.85,31.64,27.72,78.20
66.57,66.57,30.98,31.73,76.53
64.64,64.64,31.17,33.97,76.66
66.69,66.69,29.11,33.67,77.72
64.63,64.63,27.17,31.39,75.37
68.76,68.76,26.49,25.88,75.29
74.41,74.41,29.30,21.58,76.10
67.87,67.87,30.97,20.26,73.03
69.62,69.62,28.14,18.07,72.36
76.17,76.17,29.26,15.65,75.51
75.11,75.11,29.38,21.91,76.07
75.39,75.39,30.41,17.90,76.82
77.13,77.13,29.76,13.58,75.61
76.39,76.39,28.44,10.62,76.05
73.29,73.29,26.33,7.91,76.46
72.27,72.27,30.38,2.51,78.68
73.76,73.76,28.04,7.21,76.25
75.71,75.71,28.44,6.60,76.64
74.44,74.44,30.47,7.11,76.77
72.37,72.37,29.89,3.14,76.53
72.81,72.81,27.14,3.82,77.35
72.89,72.89,29.77,2.69,75.96
68.07,68.07,27.89,0.23,76.11
73.63,73.63,24.20,4.43,74.97
78.93,78.93,21.43,6.63,75.21
73.67,73.67,27.56,9.06,75.02
73.11,73.11,27.69,12.31,75.29
71.12,71.12,27.95,13.48,75.24
72.50,72.50,25.19,10.11,77.62
68.93,68.93,22.75,4.21,76.43
73.55,73.55,20.71,8.06,76.67
71.71,71.71,21.89,5.68,75.37
70.87,70.87,23.66,7.50,75.13
71.47,71.47,21.80,14.58,76.02
70.33,70.33,22.81,18.72,74.91
69.20,69.20,27.88,23.22,75.09
64.19,64.19,27.50,26.27,74.51
54.54,54.54,24.55,29.25,74.67
57.80,57.80,22.05,30.31,74.34
60.91,60.91,21.25,28.26,74.31
72.00,72.00,22.91,25.71,75.46
75.56,75.56,24.81,23.52,75.32
73.83,73.83,23.85,25.66,75.02
72.86,72.86,25.02,26.72,75.50
76.55,76.55,25.70,21.67,74.99
70.46,70.46,24.77,25.98,75.49
68.17,68.17,25.39,27.54,75.14
67.54,67.54,27.30,29.08,74.62
69.85,69.85,27.70,27.84,74.75
68.41,68.41,25.23,27.02,73.38
72.58,72.58,27.76,27.26,75.78
74.15,74.15,30.29,26.24,76.94
75.86,75.86,26.71,25.79,76.62
75.01,75.01,23.86,25.29,75.35
76.51,76.51,27.53,25.87,76.12
75.46,75.46,29.47,23.25,74.81
76.35,76.35,23.13,24.48,75.26
73.44,73.44,25.24,27.01,77.94
73.63,73.63,26.43,29.14,74.46
74.60,74.60,26.80,26.72,74.55
70.49,70.49,25.88,22.79,76.67
73.87,73.87,24.75,15.79,75.38
75.09,75.09,24.37,14.58,75.47
75.23,75.23,24.42,15.68,73.94
74.68,74.68,23.69,15.38,75.11
71.45,71.45,17.03,19.19,74.24
67.89,67.89,12.63,23.30,73.31
65.18,65.18,11.06,26.52,72.72
60.28,60.28,10.95,27.87,73.04
66.06,66.06,16.94,26.42,73.03
78.43,78.43,27.64,22.85,76.60
78.72,78.72,24.95,23.14,74.92
77.94,77.94,27.44,18.74,75.15
77.45,77.45,27.33,15.42,77.33
78.32,78.32,29.49,16.04,75.13
76.23,76.23,23.64,16.27,75.48
77.74,77.74,15.20,17.17,73.34
75.89,75.89,20.07,17.44,75.19
80.07,80.07,23.19,18.09,74.57
76.20,76.20,20.48,17.86,74.66
72.60,72.60,21.62,16.73,76.86
68.72,68.72,25.02,18.02,75.24
72.02,72.02,26.45,20.09,77.49
70.65,70.65,19.65,19.35,78.09
66.98,66.98,19.12,17.02,76.28
66.18,66.18,14.79,17.31,73.38
71.36,71.36,10.96,17.24,76.46
69.69,69.69,11.66,18.93,76.47
69.38,69.38,10.58,20.88,74.99
72.31,72.31,16.50,21.91,73.65
74.23,74.23,24.71,18.92,76.20
75.10,75.10,18.97,19.13,78.08
75.28,75.28,19.76,17.70,76.47
74.86,74.86,19.50,13.41,74.90
75.70,75.70,17.76,15.50,76.51
75.42,75.42,25.80,17.01,76.45
74.30,74.30,27.58,16.73,77.48
74.47,74.47,18.39,16.08,76.97
74.74,74.74,25.62,17.28,77.00
71.87,71.87,23.21,14.99,76.62
73.55,73.55,28.44,15.28,76.22
75.49,75.49,35.49,18.36,78.18
77.53,77.53,26.26,23.58,78.22
75.42,75.42,21.91,21.68,77.74
77.10,77.10,24.96,17.10,75.98
77.52,77.52,23.79,16.12,78.72
76.56,76.56,24.40,17.83,78.53
75.47,75.47,27.23,18.57,77.24
72.18,72.18,24.07,18.92,78.05
74.60,74.60,26.61,17.60,79.44
77.34,77.34,23.76,22.43,76.67
77.61,77.61,22.62,23.77,74.04
75.18,75.18,27.74,17.89,74.87
74.01,74.01,21.59,20.43,75.12
70.87,70.87,25.21,23.14,74.06
70.09,70.09,22.97,24.20,76.16
65.47,65.47,26.38,26.92,74.93
62.39,62.39,24.09,26.43,76.15
60.97,60.97,20.63,25.76,73.58
60.76,60.76,21.59,22.16,72.86
63.38,63.38,24.57,20.78,75.31
68.16,68.16,21.88,18.40,78.93
71.90,71.90,31.09,20.12,77.83
69.23,69.23,25.09,19.32,79.24
64.74,64.74,14.82,20.55,78.40
66.48,66.48,19.07,21.34,77.72
64.01,64.01,17.63,21.67,75.89
64.18,64.18,22.89,20.85,77.82
65.52,65.52,22.44,17.77,80.31
64.47,64.47,17.77,19.39,78.04
67.83,67.83,22.64,18.59,77.53
67.38,67.38,25.94,20.74,75.22
71.97,71.97,24.03,19.73,78.26
68.81,68.81,21.34,16.52,76.86
66.82,66.82,23.37,13.58,77.91
66.02,66.02,23.85,11.93,77.43
66.67,66.67,24.80,11.67,76.44
67.87,67.87,28.05,16.09,76.33
66.24,66.24,22.18,16.49,76.64
66.85,66.85,24.91,16.54,77.06
64.18,64.18,25.96,17.30,75.45
63.13,63.13,26.72,18.24,76.25
62.79,62.79,24.19,19.68,77.23
63.57,63.57,20.99,19.03,78.85
64.50,64.50,19.15,16.98,79.13
62.02,62.02,23.22,17.19,80.49
58.57,58.57,22.02,20.08,76.01
55.02,55.02,17.27,23.27,74.17
50.91,50.91,17.67,25.10,74.62
47.42,47.42,16.93,24.86,71.86
56.90,56.90,23.45,22.80,76.36
59.08,59.08,25.08,18.59,76.65
58.62,58.62,26.79,17.03,78.39
62.25,62.25,21.64,14.98,77.02
63.35,63.35,21.96,12.03,77.66
60.14,60.14,20.23,14.51,77.13
58.47,58.47,14.69,13.91,77.08
58.85,58.85,15.99,12.99,76.40
58.42,58.42,17.14,11.61,77.12
58.40,58.40,18.74,15.17,77.73
58.74,58.74,23.93,21.71,78.72
58.29,58.29,23.93,19.53,79.19
57.76,57.76,25.32,17.09,78.57
55.99,55.99,26.07,12.33,79.08
56.01,56.01,27.04,13.17,78.95
55.47,55.47,21.69,19.34,78.58
57.58,57.58,14.75,21.04,77.40
60.98,60.98,12.33,19.69,77.99
63.25,63.25,12.44,18.16,78.21
64.90,64.90,11.57,18.19,76.92
66.47,66.47,17.21,17.46,77.18
68.43,68.43,25.34,15.92,78.14
68.16,68.16,22.36,14.64,77.67
66.26,66.26,23.83,14.59,76.57
69.42,69.42,26.59,16.46,76.36
67.18,67.18,22.31,17.13,77.30
61.70,61.70,29.31,16.50,77.49
54.48,54.48,25.84,15.03,75.42
54.83,54.83,28.80,15.48,77.90
58.08,58.08,23.88,16.09,77.31
60.35,60.35,18.98,14.42,78.32
64.59,64.59,22.19,8.94,77.95
69.75,69.75,16.24,5.13,77.21
69.75,69.75,20.48,4.95,76.27
68.48,68.48,17.03,3.63,77.31
68.47,68.47,15.43,0.69,76.28
67.14,67.14,19.14,2.34,77.22
66.09,66.09,22.46,11.26,77.47
69.92,69.92,24.69,14.89,77.44
69.42,69.42,22.07,8.70,77.55
67.48,67.48,22.92,4.59,77.11
68.15,68.15,16.12,7.26,78.11
64.78,64.78,20.28,9.53,77.37
66.36,66.36,21.08,14.83,76.93
67.31,67.31,22.71,15.52,78.11
65.26,65.26,24.37,15.50,77.69
62.56,62.56,22.64,14.51,77.16
56.24,56.24,21.69,13.59,75.67
53.74,53.74,28.53,12.70,75.77
49.80,49.80,29.70,10.50,75.14
49.00,49.00,19.83,12.01,74.17
57.38,57.38,19.30,7.46,79.23
60.92,60.92,17.62,9.97,77.98
64.31,64.31,12.72,2.43,78.66
64.00,64.00,19.91,8.41,79.25
60.16,60.16,16.22,11.30,79.54
57.65,57.65,13.00,14.83,77.83
52.69,52.69,11.26,8.59,76.90
45.82,45.82,10.66,8.30,76.85
45.96,45.96,12.51,5.89,77.76
47.89,47.89,14.41,4.13,79.90
43.53,43.53,14.50,5.13,77.92
40.97,40.97,13.67,0.14,77.62
44.02,44.02,13.02,1.17,77.32
41.53,41.53,12.34,2.45,77.49
40.45,40.45,10.53,3.58,78.49
43.34,43.34,12.63,5.12,77.67
42.63,42.63,12.80,3.94,78.28
42.14,42.14,14.20,0.48,77.74
42.32,42.32,20.13,3.24,77.38
44.85,44.85,24.80,4.25,77.48
47.19,47.19,28.05,4.10,78.64
50.65,50.65,25.15,5.36,78.88
56.86,56.86,23.81,5.42,79.48
58.84,58.84,23.50,6.47,78.88
58.33,58.33,22.30,6.85,78.02
51.77,51.77,19.31,5.22,76.55
48.61,48.61,16.84,7.41,76.28
44.85,44.85,14.17,6.45,73.99
39.16,39.16,11.85,5.38,74.50
45.80,45.80,13.64,7.85,74.15
52.05,52.05,18.02,9.69,78.35
49.06,49.06,17.54,11.03,79.17
54.14,54.14,18.51,6.11,80.35
55.18,55.18,17.99,1.47,78.97
49.69,49.69,17.68,4.79,77.82
51.37,51.37,12.97,6.48,77.59
53.27,53.27,15.21,2.19,77.23
56.75,56.75,9.05,5.15,78.69
49.11,49.11,6.89,6.32,79.52
52.34,52.34,9.48,3.29,78.63
51.41,51.41,15.13,3.06,79.21
46.76,46.76,19.49,4.94,78.11
44.75,44.75,16.91,6.52,77.52
42.96,42.96,17.16,5.12,78.67
39.83,39.83,20.62,6.08,77.82
40.67,40.67,13.55,4.93,76.99
46.02,46.02,11.84,3.39,80.09
47.90,47.90,11.78,4.15,79.62
46.27,46.27,15.33,6.85,78.31
42.57,42.57,20.35,7.47,78.32
41.75,41.75,26.43,5.00,80.13
43.40,43.40,22.83,3.40,79.61
45.73,45.73,20.20,0.43,79.06
45.60,45.60,14.08,1.29,77.51
43.97,43.97,7.80,2.01,78.24
41.23,41.23,13.74,0.36,77.75
41.64,41.64,19.22,2.91,78.09
39.02,39.02,17.78,4.63,77.77
42.07,42.07,21.94,3.49,78.59
39.50,39.50,12.27,6.09,77.76
39.88,39.88,17.63,3.75,78.27
39.81,39.81,25.97,1.47,78.64
40.23,40.23,24.01,0.83,77.93
41.64,41.64,24.84,1.92,78.32
40.82,40.82,22.42,1.42,78.21
38.61,38.61,27.81,1.18,79.25
39.00,39.00,23.90,0.59,79.56
43.67,43.67,24.33,1.21,79.65
44.21,44.21,28.09,2.76,80.69
39.34,39.34,25.52,4.47,78.10
34.56,34.56,25.60,2.96,79.81
32.21,32.21,23.63,2.97,79.02
36.32,36.32,23.93,5.46,81.28
34.50,34.50,23.81,2.01,80.30
32.07,32.07,26.36,1.26,79.04
34.04,34.04,25.92,1.36,78.09
34.16,34.16,26.18,1.62,77.58
31.56,31.56,25.12,3.49,75.90
28.79,28.79,21.18,2.19,75.61
26.89,26.89,21.09,4.43,74.86
28.81,28.81,27.04,9.73,77.55
27.67,27.67,23.09,6.55,78.07
29.53,29.53,27.82,8.60,78.80
32.16,32.16,31.26,12.20,79.12
37.06,37.06,23.52,5.99,78.62
39.50,39.50,25.19,5.42,80.61
40.94,40.94,31.06,2.36,80.42
40.43,40.43,46.05,1.47,79.79
38.22,38.22,57.12,2.66,76.79
39.04,39.04,64.13,1.78,76.87
41.02,41.02,86.14,0.13,78.93
34.46,34.46,88.19,0.31,80.33
34.50,34.50,90.61,1.26,80.64
38.03,38.03,89.79,1.68,80.36
38.50,38.50,87.86,0.94,81.12
41.81,41.81,86.97,0.15,81.16
34.03,34.03,86.62,0.05,80.69
26.93,26.93,87.39,0.14,80.30
26.93,26.93,84.72,0.37,80.79
24.74,24.74,83.05,0.39,81.38
23.59,23.59,81.70,0.04,79.11
25.10,25.10,80.43,0.15,80.65
29.13,29.13,81.00,2.09,80.72
28.39,28.39,77.77,7.99,79.10
25.13,25.13,74.57,9.84,79.72
27.68,27.68,72.14,8.31,79.07
26.06,26.06,68.66,28.11,78.20
20.09,20.09,69.06,36.51,76.25
20.87,20.87,58.73,39.70,74.97
22.11,22.11,55.17,39.23,74.86
25.66,25.66,52.90,35.96,76.24
25.13,25.13,53.57,31.02,80.10
20.86,20.86,51.40,26.07,80.53
19.30,19.30,47.61,24.40,80.97
22.85,22.85,43.83,25.54,80.37
21.82,21.82,41.09,25.62,79.99
12.82,12.82,41.21,24.19,80.13
14.06,14.06,42.98,23.90,78.36
15.90,15.90,46.63,25.72,78.61
15.51,15.51,45.60,27.65,77.67
14.96,14.96,48.76,29.67,79.06
16.08,16.08,44.62,31.60,80.06
17.65,17.65,42.78,32.09,79.39
20.86,20.86,40.14,30.90,79.67
17.58,17.58,38.96,27.22,79.68
22.35,22.35,38.85,22.36,78.52
27.94,27.94,39.85,15.42,79.88
31.62,31.62,39.79,5.08,79.71
32.50,32.50,36.67,1.82,80.45
26.61,26.61,35.78,3.22,79.93
22.31,22.31,38.19,1.64,81.20
21.27,21.27,40.97,2.63,82.66
21.98,21.98,44.66,1.51,82.08
21.84,21.84,45.01,3.31,81.05
22.78,22.78,44.82,2.40,80.94
20.92,20.92,47.49,1.09,80.62
19.03,19.03,47.81,5.38,79.78
17.99,17.99,45.13,12.07,80.91
19.02,19.02,44.15,16.34,80.30
17.41,17.41,45.99,14.45,80.02
18.71,18.71,47.81,7.61,79.31
20.25,20.25,52.07,0.90,80.59
21.77,21.77,57.06,2.32,80.27
21.25,21.25,58.58,10.77,79.59
22.21,22.21,58.79,19.71,79.22
23.69,23.69,59.85,27.16,78.88
25.14,25.14,60.26,31.59,78.64
25.90,25.90,59.99,34.19,79.81
27.38,27.38,59.25,36.38,79.15
28.08,28.08,58.20,38.26,80.12
24.53,24.53,60.48,39.20,77.40
29.56,29.56,57.75,39.75,77.96
37.50,37.50,61.81,39.67,79.40
40.80,40.80,61.47,38.73,79.83
38.54,38.54,63.37,37.96,78.70
36.25,36.25,62.27,38.73,79.77
29.53,29.53,61.93,38.92,78.18
20.66,20.66,58.85,39.18,76.95
20.49,20.49,56.68,40.14,74.94
21.28,21.28,56.11,41.31,75.58
25.19,25.19,56.91,41.97,75.12
25.13,25.13,59.16,42.00,80.32
23.56,23.56,59.46,42.16,79.36
24.83,24.83,58.50,41.89,80.68
22.94,22.94,55.75,40.95,80.57
20.46,20.46,54.80,39.70,79.55
19.14,19.14,52.86,38.00,78.69
15.59,15.59,50.91,35.08,78.48
17.52,17.52,49.59,32.57,77.29
19.47,19.47,48.17,32.84,77.30
19.97,19.97,49.00,33.97,78.07
19.42,19.42,49.22,34.55,80.24
18.52,18.52,55.19,34.49,80.31
20.22,20.22,55.78,34.60,81.36
22.69,22.69,56.00,34.99,80.80
20.78,20.78,55.07,35.03,80.75
21.46,21.46,53.93,34.13,80.86
23.14,23.14,55.16,34.07,79.55
24.36,24.36,54.04,34.64,80.07
28.29,28.29,52.42,33.19,79.82
27.14,27.14,53.45,28.96,80.21
23.86,23.86,55.09,22.47,79.66
20.73,20.73,57.49,20.25,79.13
19.12,19.12,59.69,22.00,80.31
21.50,21.50,55.40,25.97,79.96
24.07,24.07,55.04,29.08,80.12
23.45,23.45,53.13,31.08,79.75
23.61,23.61,48.89,31.68,77.90
25.52,25.52,46.53,31.01,75.22
26.17,26.17,44.81,29.01,74.01
30.37,30.37,51.02,27.45,77.53
28.81,28.81,58.35,25.36,81.00
28.54,28.54,59.18,23.54,83.37
33.71,33.71,60.23,20.50,83.37
34.97,34.97,60.08,18.46,80.78
33.35,33.35,57.83,19.36,80.71
34.48,34.48,57.63,21.84,79.87
32.44,32.44,55.28,24.91,79.31
31.15,31.15,55.43,28.04,79.79
30.26,30.26,52.81,30.70,80.68
29.45,29.45,55.33,32.85,80.06
26.34,26.34,57.75,34.16,78.34
25.67,25.67,55.50,34.79,80.06
25.61,25.61,54.86,35.15,78.06
25.39,25.39,54.44,34.92,78.27
26.30,26.30,57.02,33.71,79.03
26.54,26.54,56.07,32.95,77.39
32.13,32.13,56.32,32.73,79.44
38.18,38.18,55.60,32.94,78.65
43.19,43.19,55.86,32.74,77.87
49.70,49.70,55.94,30.29,78.70
45.70,45.70,56.35,26.62,79.72
43.48,43.48,57.82,25.10,80.84
39.94,39.94,62.05,25.02,80.39
43.10,43.10,57.68,27.53,81.21
43.78,43.78,58.61,30.08,79.91
50.75,50.75,61.31,30.56,79.15
56.46,56.46,63.55,29.14,79.70
55.78,55.78,61.97,27.28,80.03
49.75,49.75,55.18,25.50,79.20
40.17,40.17,54.96,24.40,81.12
45.25,45.25,57.14,25.38,81.94
47.33,47.33,55.96,29.10,82.01
47.79,47.79,56.92,33.10,82.61
52.91,52.91,54.74,34.44,80.88
48.51,48.51,51.85,33.80,81.28
42.45,42.45,51.15,32.36,81.39
35.47,35.47,51.49,30.40,81.60
35.51,35.51,48.26,28.76,80.47
34.22,34.22,53.32,28.24,80.90
34.85,34.85,55.54,28.74,80.33
36.04,36.04,58.14,28.86,78.85
30.98,30.98,59.43,28.17,80.39
27.95,27.95,59.66,25.63,80.35
32.40,32.40,57.19,21.31,80.46
31.94,31.94,60.00,17.48,80.12
27.61,27.61,59.91,19.91,80.23
29.27,29.27,58.28,22.90,78.17
25.81,25.81,59.60,22.24,78.09
19.68,19.68,58.25,20.31,77.01
15.69,15.69,58.98,22.39,75.86
23.20,23.20,61.60,26.50,78.93
27.93,27.93,61.01,28.10,79.29
29.98,29.98,61.49,29.52,79.69
28.33,28.33,63.23,29.27,81.02
32.61,32.61,59.91,25.81,79.51
33.49,33.49,58.79,18.58,80.01
27.14,27.14,56.48,16.78,79.74
23.92,23.92,56.03,22.99,78.10
24.41,24.41,56.86,26.81,79.38
24.72,24.72,57.04,27.04,80.15
23.52,23.52,59.83,25.77,81.00
18.95,18.95,59.81,26.22,80.17
17.45,17.45,59.05,26.22,77.72
20.03,20.03,59.05,22.38,78.70
21.72,21.72,60.37,16.13,79.08
21.43,21.43,58.19,13.27,79.83
23.56,23.56,57.88,10.17,78.86
22.05,22.05,56.90,4.48,78.15
24.31,24.31,56.79,10.02,78.58
24.13,24.13,58.95,21.15,78.44
27.30,27.30,60.07,23.94,77.73
27.21,27.21,58.79,23.20,79.37
32.47,32.47,60.54,22.62,79.83
33.81,33.81,59.63,22.88,79.19
34.01,34.01,58.56,19.12,79.12
31.42,31.42,55.21,6.54,78.54
31.34,31.34,53.23,3.51,78.98
22.70,22.70,49.43,16.12,76.61
19.84,19.84,49.64,23.32,73.69
20.47,20.47,50.39,25.01,73.32
27.01,27.01,61.10,23.86,76.64
24.72,24.72,60.49,22.60,78.91
30.16,30.16,59.89,22.30,78.98
31.27,31.27,58.18,22.22,79.54
35.64,35.64,56.37,17.84,80.68
31.92,31.92,54.76,5.40,79.01
29.35,29.35,51.22,7.18,78.53
33.98,33.98,50.56,9.41,79.38
31.41,31.41,49.71,18.91,77.94
27.06,27.06,47.85,23.06,77.99
23.59,23.59,51.75,24.04,79.61
21.11,21.11,51.56,21.80,77.90
18.51,18.51,50.34,19.71,78.41
19.81,19.81,51.38,19.36,78.18
24.45,24.45,55.19,17.82,79.14
26.98,26.98,53.77,14.85,78.55
26.08,26.08,59.64,12.97,79.79
23.26,23.26,60.03,8.69,77.90
26.10,26.10,55.36,3.36,77.36
28.66,28.66,56.57,8.95,79.25
30.33,30.33,55.30,12.36,77.89
30.76,30.76,53.30,11.97,79.64
32.76,32.76,54.45,11.13,80.70
32.86,32.86,53.90,10.80,79.53
31.64,31.64,54.12,8.50,79.92
26.84,26.84,52.86,7.46,79.76
22.11,22.11,54.54,9.87,80.40
21.18,21.18,53.60,11.18,79.83
25.48,25.48,51.10,12.34,78.35
25.61,25.61,49.58,11.27,79.03
27.56,27.56,54.96,11.73,78.05
26.66,26.66,58.80,9.97,78.49
27.96,27.96,61.55,10.32,78.46
27.68,27.68,59.91,11.16,79.12
26.34,26.34,57.47,10.64,78.04
24.37,24.37,58.27,9.62,78.20
27.24,27.24,57.96,9.26,79.75
29.32,29.32,56.21,8.78,78.72
30.95,30.95,55.20,7.37,79.88
29.47,29.47,55.07,6.02,80.21
33.38,33.38,52.82,6.89,78.86
33.14,33.14,54.18,8.47,79.99
30.34,30.34,55.06,9.51,81.22
27.66,27.66,54.66,10.01,79.43
25.48,25.48,52.74,9.44,80.33
24.39,24.39,53.57,6.65,79.78
22.19,22.19,50.75,2.02,78.63
22.30,22.30,49.62,0.39,78.06
18.14,18.14,46.85,2.18,75.53
16.18,16.18,45.59,6.24,76.19
24.07,24.07,46.89,7.61,79.22
23.70,23.70,47.87,7.82,79.76
22.77,22.77,50.11,6.68,79.47
28.04,28.04,48.98,4.71,79.48
30.59,30.59,45.38,2.54,79.52
28.66,28.66,42.72,1.26,81.01
21.40,21.40,40.78,1.14,79.58
26.51,26.51,51.61,5.80,78.85
20.15,20.15,60.34,8.59,77.46
16.29,16.29,69.37,5.21,76.06
11.07,11.07,79.88,3.20,77.01
20.00,20.00,89.65,14.48,77.12
17.51,17.51,89.43,18.77,77.89
18.39,18.39,91.41,16.93,77.75
23.30,23.30,89.46,7.25,78.72
27.37,27.37,87.32,0.22,78.18
32.48,32.48,86.05,0.05,79.35
34.44,34.44,85.34,0.00,78.96
30.64,30.64,84.82,0.07,80.32
26.55,26.55,85.27,0.04,78.35
38.72,38.72,83.36,0.02,79.33
45.63,45.63,80.92,0.02,79.87
45.00,45.00,78.94,0.05,80.55
41.14,41.14,78.06,0.72,81.38
39.86,39.86,76.58,2.04,79.98
34.54,34.54,73.00,3.97,79.23
30.78,30.78,70.00,18.14,77.15
28.79,28.79,68.57,26.99,77.67
33.50,33.50,59.64,31.11,74.84
35.87,35.87,55.11,31.46,74.65
48.40,48.40,57.28,28.41,74.80
60.41,60.41,62.93,22.57,78.18
49.47,49.47,62.24,16.63,80.67
45.96,45.96,62.49,14.44,82.48
50.42,50.42,62.41,18.10,82.49
49.57,49.57,60.22,21.28,81.31
48.57,48.57,57.49,23.32,80.38
45.50,45.50,56.69,25.22,79.05
45.55,45.55,54.41,24.96,80.49
50.36,50.36,56.20,24.36,80.67
51.09,51.09,61.38,19.39,81.11
50.37,50.37,62.95,14.33,80.69
54.40,54.40,63.86,11.11,82.47
54.49,54.49,63.44,10.12,80.51
54.96,54.96,63.62,5.24,80.43
54.56,54.56,63.60,8.98,80.01
50.80,50.80,64.88,16.28,79.62
55.82,55.82,62.20,19.85,79.68
60.43,60.43,61.61,21.22,79.06
60.48,60.48,61.72,21.87,78.04
59.53,59.53,63.36,23.68,78.37
55.13,55.13,67.24,24.17,78.86
56.39,56.39,68.49,22.36,80.85
58.19,58.19,68.10,18.89,79.85
60.13,60.13,66.40,15.76,78.61
62.25,62.25,66.22,13.97,78.53
62.96,62.96,67.05,11.71,79.08
61.98,61.98,66.57,8.65,78.46
65.06,65.06,66.24,4.42,77.31
62.99,62.99,67.05,1.11,78.56
60.17,60.17,67.32,0.05,78.39
61.16,61.16,68.16,0.04,78.52
62.04,62.04,66.84,0.00,79.77
59.69,59.69,68.17,0.05,80.52
60.44,60.44,65.00,0.13,79.30
58.98,58.98,61.76,0.03,81.16
60.09,60.09,62.94,0.01,82.84
59.12,59.12,61.17,-0.00,80.49
57.74,57.74,64.77,0.00,80.26
50.99,50.99,67.87,0.00,78.57
52.81,52.81,75.65,-0.00,78.66
50.19,50.19,88.48,0.44,76.88
49.41,49.41,88.91,9.48,76.77
46.65,46.65,90.63,15.66,78.95
50.27,50.27,87.77,15.41,78.59
50.67,50.67,86.81,8.46,79.02
49.02,49.02,88.17,0.11,78.18
49.18,49.18,87.10,-0.00,78.81
50.36,50.36,85.64,-0.00,76.93
45.85,45.85,84.13,-0.00,75.21
44.68,44.68,83.87,-0.00,75.39
45.14,45.14,83.09,-0.00,77.23
40.82,40.82,79.96,-0.00,79.44
43.74,43.74,77.55,0.00,82.52
42.82,42.82,75.69,0.01,81.62
39.81,39.81,74.46,0.03,80.77
37.53,37.53,72.36,1.34,80.33
41.62,41.62,67.05,10.38,81.18
40.91,40.91,68.78,15.75,79.43
37.87,37.87,66.67,15.94,78.97
35.82,35.82,70.08,13.72,77.47
29.12,29.12,88.62,12.44,77.46
20.83,20.83,89.68,4.80,78.54
25.95,25.95,89.49,8.62,80.80
28.86,28.86,89.70,13.80,78.82
30.82,30.82,87.69,12.69,80.02
28.77,28.77,87.26,10.57,80.19
34.75,34.75,86.23,29.16,79.42
36.95,36.95,85.24,50.55,78.40
32.37,32.37,84.41,56.73,79.29
24.16,24.16,84.64,60.41,79.07
20.03,20.03,83.07,78.70,81.08
22.37,22.37,81.81,77.14,79.44
23.20,23.20,78.34,77.50,77.95
26.35,26.35,75.95,77.56,77.59
23.88,23.88,71.83,76.84,77.84
22.92,22.92,67.26,77.02,77.91
19.11,19.11,64.34,75.65,75.96
15.54,15.54,64.07,74.71,75.78
11.92,11.92,62.39,72.07,74.41
12.33,12.33,63.12,76.41,73.27
19.71,19.71,70.89,74.68,81.49
20.59,20.59,72.04,74.40,79.05
21.95,21.95,70.44,72.92,78.14
23.47,23.47,70.55,69.55,78.23
23.18,23.18,69.93,67.78,80.28
19.58,19.58,66.93,67.04,79.70
19.27,19.27,65.34,66.59,79.27
18.72,18.72,63.70,68.14,78.40
18.59,18.59,64.44,67.21,77.76
20.29,20.29,66.38,72.21,77.01
23.72,23.72,72.30,73.68,78.61
21.90,21.90,70.32,78.13,78.54
18.47,18.47,68.85,76.87,79.36
18.17,18.17,66.81,78.39,78.09
19.09,19.09,66.99,76.97,80.17
19.41,19.41,65.17,74.13,77.35
20.81,20.81,65.01,75.93,77.74
24.14,24.14,64.11,75.58,78.45
17.69,17.69,65.64,75.45,77.51
17.17,17.17,67.65,75.24,77.32
19.59,19.59,71.80,72.72,80.53
16.93,16.93,72.27,78.10,80.62
10.92,10.92,71.37,73.04,79.44
14.47,14.47,71.19,72.26,79.06
17.33,17.33,70.73,71.59,79.31
17.00,17.00,69.72,71.49,77.28
20.24,20.24,68.99,70.48,79.23
16.09,16.09,66.51,68.39,77.89
16.23,16.23,66.69,69.42,78.55
16.68,16.68,67.72,68.56,77.87
22.50,22.50,72.19,74.68,78.83
21.80,21.80,73.42,78.51,78.23
21.29,21.29,72.87,75.02,78.21
21.33,21.33,71.57,76.42,78.20
17.09,17.09,70.08,76.62,75.42
16.35,16.35,69.18,77.39,78.15
18.01,18.01,68.13,78.19,77.50
19.36,19.36,66.69,78.92,77.88
18.46,18.46,66.55,77.85,78.24
12.64,12.64,67.49,78.06,77.63
15.55,15.55,71.78,75.01,78.51
14.21,14.21,74.56,79.24,77.74
12.41,12.41,74.56,73.08,76.59
16.27,16.27,73.53,70.66,78.16
19.21,19.21,73.35,71.47,77.74
16.04,16.04,73.62,71.23,76.81
17.49,17.49,69.99,72.03,75.25
14.03,14.03,68.93,69.99,76.65
10.49,10.49,66.52,67.95,75.38
6.16,6.16,66.62,63.89,74.47
13.64,13.64,72.22,77.22,77.53
14.09,14.09,73.94,79.03,77.58
19.63,19.63,73.64,78.41,77.88
21.40,21.40,73.18,76.60,76.80
19.89,19.89,73.21,73.27,77.47
17.96,17.96,72.94,75.22,75.51
16.77,16.77,70.67,75.75,77.39
18.49,18.49,69.87,76.10,76.83
12.90,12.90,68.85,74.86,76.35
14.68,14.68,68.78,76.31,78.23
6.75,6.75,72.77,80.67,79.29
13.16,13.16,74.07,74.60,78.32
14.31,14.31,73.05,73.38,78.32
16.61,16.61,70.46,72.28,78.43
20.63,20.63,69.15,72.59,79.21
17.88,17.88,69.51,71.47,78.96
13.70,13.70,69.50,70.59,78.71
15.37,15.37,69.12,69.87,76.20
14.89,14.89,68.87,67.27,77.70
17.05,17.05,69.92,69.06,77.43
20.27,20.27,73.35,72.63,79.23
24.29,24.29,74.84,79.74,78.42
24.74,24.74,74.26,79.21,76.75
22.83,22.83,72.97,79.26,77.96
19.30,19.30,72.29,78.87,77.59
19.21,19.21,71.90,78.69,76.86
21.13,21.13,70.27,77.76,75.26
23.84,23.84,67.02,77.93,75.01
24.09,24.09,62.30,77.60,73.26
17.58,17.58,63.78,77.85,72.18
14.12,14.12,69.70,75.01,77.44
18.64,18.64,74.36,75.89,80.68
19.17,19.17,73.70,72.45,76.93
19.76,19.76,75.28,72.81,77.84
23.02,23.02,74.42,71.64,77.87
25.95,25.95,73.14,70.14,77.29
21.32,21.32,71.61,70.00,77.58
22.26,22.26,70.45,70.23,79.42
22.91,22.91,69.22,69.70,80.45
27.18,27.18,69.77,66.54,78.69
25.95,25.95,72.02,67.01,78.50
21.60,21.60,72.91,80.72,77.99
17.39,17.39,72.14,77.63,77.26
16.28,16.28,71.88,78.94,76.25
17.79,17.79,70.70,79.89,76.49
20.59,20.59,68.81,79.05,75.62
21.71,21.71,69.02,78.33,76.71
27.50,27.50,67.75,78.10,75.40
29.71,29.71,68.24,76.20,77.45
29.94,29.94,69.34,74.64,76.01
33.84,33.84,71.94,80.08,78.97
27.18,27.18,73.09,77.91,78.01
21.96,21.96,75.22,72.32,78.48
22.08,22.08,74.10,72.77,75.93
22.20,22.20,72.42,71.55,77.96
20.98,20.98,70.88,70.30,77.55
22.86,22.86,71.70,69.59,77.76
20.21,20.21,71.42,70.08,76.64
23.65,23.65,70.89,70.84,77.49
22.34,22.34,70.48,69.70,76.87
15.46,15.46,71.75,75.48,78.38
23.07,23.07,73.14,80.48,79.62
15.64,15.64,72.02,78.72,79.48
18.34,18.34,73.51,77.44,79.85
15.06,15.06,72.15,78.89,80.11
19.63,19.63,71.37,79.03,79.00
19.44,19.44,70.80,77.97,78.95
17.82,17.82,69.69,77.71,80.17
19.12,19.12,69.49,77.15,78.58
18.39,18.39,69.17,76.50,76.80
18.37,18.37,71.16,73.17,78.55
20.87,20.87,75.65,76.27,78.23
15.42,15.42,75.17,68.61,77.69
16.43,16.43,75.57,73.17,76.00
16.34,16.34,77.18,72.58,76.90
20.21,20.21,75.43,71.41,77.62
26.53,26.53,73.33,70.86,76.06
29.30,29.30,72.10,70.60,75.55
29.00,29.00,68.99,70.00,74.22
23.65,23.65,67.51,68.34,74.76
15.09,15.09,69.60,72.99,75.19
19.09,19.09,75.65,79.22,78.03
18.86,18.86,75.23,77.16,76.51
19.77,19.77,74.96,74.27,77.13
18.46,18.46,73.21,75.70,75.82
17.71,17.71,72.12,75.89,75.58
19.23,19.23,70.50,75.74,74.30
13.86,13.86,70.04,75.98,76.00
11.94,11.94,68.31,76.94,77.21
18.49,18.49,68.90,76.94,76.49
18.12,18.12,70.83,74.93,75.30
14.28,14.28,74.75,76.95,77.81
14.50,14.50,73.71,74.40,75.73
16.57,16.57,71.45,74.08,77.45
17.44,17.44,71.08,73.08,77.23
20.59,20.59,68.55,71.30,76.18
17.41,17.41,69.39,70.28,76.54
14.91,14.91,68.91,71.13,77.59
16.44,16.44,68.76,70.77,79.48
15.98,15.98,68.80,69.60,77.15
19.82,19.82,69.65,67.98,76.28
23.37,23.37,74.66,76.64,78.47
20.47,20.47,73.35,78.33,78.04
25.13,25.13,72.76,78.15,75.20
22.86,22.86,70.77,79.83,75.69
26.80,26.80,70.52,79.92,77.33
28.10,28.10,68.97,80.46,76.58
25.03,25.03,66.10,78.95,74.04
22.18,22.18,62.97,78.52,73.24
15.01,15.01,61.81,80.25,72.19
11.23,11.23,63.66,76.74,73.06
11.21,11.21,72.09,81.35,77.85
14.04,14.04,71.86,74.64,74.84
15.90,15.90,72.35,71.85,79.14
18.22,18.22,72.56,70.90,77.54
18.11,18.11,71.69,70.78,77.73
17.02,17.02,68.20,67.18,77.61
21.24,21.24,66.80,72.22,77.13
20.16,20.16,67.49,72.65,78.21
21.25,21.25,66.15,72.83,75.70
15.72,15.72,68.37,70.44,74.94
18.09,18.09,73.99,79.52,77.50
14.38,14.38,73.49,76.69,75.54
17.06,17.06,71.90,77.27,76.68
15.47,15.47,70.64,77.75,75.61
14.38,14.38,70.00,76.81,75.85
14.80,14.80,68.77,78.69,74.69
18.28,18.28,67.53,78.43,74.78
14.56,14.56,66.87,76.78,78.43
18.15,18.15,66.37,80.27,77.00
12.47,12.47,66.12,78.35,75.71
14.92,14.92,71.87,74.39,77.28
15.85,15.85,72.08,75.43,76.65
18.24,18.24,69.57,73.77,77.49
24.04,24.04,69.57,71.76,78.22
25.42,25.42,67.95,69.16,76.70
25.98,25.98,67.72,69.99,76.81
26.87,26.87,65.73,70.72,77.25
23.65,23.65,63.30,68.51,76.37
16.04,16.04,64.25,70.33,77.01
14.83,14.83,65.27,68.07,74.93
17.36,17.36,72.02,77.33,79.33
20.08,20.08,72.82,78.13,78.08
17.45,17.45,71.67,79.55,77.65
23.25,23.25,70.16,78.65,78.48
23.48,23.48,67.90,76.57,76.54
23.12,23.12,65.87,77.04,77.73
20.05,20.05,62.55,76.81,77.10
12.41,12.41,62.06,78.18,77.87
13.45,13.45,61.83,79.57,77.26
10.49,10.49,65.55,78.94,77.72
16.68,16.68,71.72,78.31,79.15
11.36,11.36,73.65,77.99,77.61
13.08,13.08,71.95,71.21,75.51
20.01,20.01,73.07,71.87,79.15
15.29,15.29,72.84,73.61,76.27
18.89,18.89,70.49,71.11,77.62
12.19,12.19,68.79,71.00,74.76
10.04,10.04,66.95,71.22,75.09
5.76,5.76,65.67,72.30,74.35
5.33,5.33,65.16,69.58,73.98
11.84,11.84,71.24,78.12,77.94
19.39,19.39,72.66,76.00,77.70
20.30,20.30,72.75,80.16,78.63
23.32,23.32,71.83,80.50,77.73
25.53,25.53,71.18,79.80,76.91
21.39,21.39,70.39,79.95,76.32
15.43,15.43,68.51,79.54,76.07
11.83,11.83,65.43,79.14,74.22
15.35,15.35,65.92,78.27,74.96
17.86,17.86,66.74,77.69,73.93
18.58,18.58,72.33,80.99,76.95
14.04,14.04,74.32,75.49,76.80
11.26,11.26,70.64,74.47,76.57
17.52,17.52,67.50,71.47,77.03
14.49,14.49,67.25,70.32,76.39
13.09,13.09,65.15,70.80,75.71
16.58,16.58,65.79,71.63,77.27
14.37,14.37,65.09,71.55,76.33
11.84,11.84,64.07,68.98,76.53
14.01,14.01,65.93,70.66,75.70
15.59,15.59,71.59,81.16,77.43
20.62,20.62,73.40,78.53,78.62
18.53,18.53,71.64,74.87,79.20
23.28,23.28,70.99,76.49,76.23
23.88,23.88,70.33,77.86,77.41
24.76,24.76,68.95,76.76,76.26
27.80,27.80,66.81,76.75,75.13
31.72,31.72,64.14,77.94,73.68
34.08,34.08,61.46,78.46,73.22
29.61,29.61,59.00,76.41,69.91
20.85,20.85,66.49,73.25,75.60
18.26,18.26,72.26,78.98,77.20
22.51,22.51,71.66,75.51,78.74
18.79,18.79,72.79,74.48,78.80
20.61,20.61,70.77,72.88,78.98
21.61,21.61,69.58,71.82,76.66
22.80,22.80,68.29,71.15,76.04
24.41,24.41,66.62,71.18,76.70
21.09,21.09,66.71,68.66,76.74
20.46,20.46,66.47,67.48,74.89
17.42,17.42,70.90,72.88,76.28
24.20,24.20,73.33,80.39,77.19
18.48,18.48,71.79,79.80,76.56
12.79,12.79,70.60,77.43,76.28
17.68,17.68,69.04,78.70,75.22
12.49,12.49,68.00,77.40,75.21
17.71,17.71,66.91,77.16,75.56
16.22,16.22,65.78,76.44,75.66
19.83,19.83,65.39,78.83,75.81
18.36,18.36,66.90,76.76,77.38
15.11,15.11,69.14,76.70,76.14
18.94,18.94,71.25,80.81,77.73
19.18,19.18,70.05,75.05,77.88
16.21,16.21,69.59,73.83,77.36
16.92,16.92,68.25,72.10,75.43
18.32,18.32,68.65,71.90,77.10
20.03,20.03,65.69,72.51,78.24
23.08,23.08,64.76,71.72,76.40
20.41,20.41,63.70,69.97,76.34
19.64,19.64,65.03,68.20,74.55
15.43,15.43,69.13,75.02,76.95
22.95,22.95,71.84,79.33,78.73
16.42,16.42,70.64,77.97,77.10
20.65,20.65,69.94,78.87,77.92
18.05,18.05,67.60,78.91,77.34
21.14,21.14,67.04,79.07,76.43
17.70,17.70,66.41,77.96,78.72
17.72,17.72,65.34,79.52,77.09
16.42,16.42,64.93,79.62,76.89
15.87,15.87,65.61,76.88,78.32
17.84,17.84,68.75,74.52,78.04
17.69,17.69,73.42,79.75,77.92
16.08,16.08,72.63,73.11,79.06
17.08,17.08,72.19,73.38,77.42
20.79,20.79,71.79,73.67,78.08
25.16,25.16,69.92,71.71,76.14
25.44,25.44,69.14,71.08,77.10
17.78,17.78,66.31,71.14,76.24
15.30,15.30,64.08,69.70,75.28
12.73,12.73,62.47,69.86,74.66
13.78,13.78,66.86,67.89,75.24
17.62,17.62,73.44,78.32,78.13
17.59,17.59,71.34,77.74,78.75
24.95,24.95,69.37,76.59,78.79
22.04,22.04,68.27,76.29,79.41
20.08,20.08,68.46,75.86,78.30
18.44,18.44,68.60,76.09,77.12
11.61,11.61,68.33,75.92,78.21
14.32,14.32,67.20,74.61,77.33
15.66,15.66,69.27,77.77,76.45
16.34,16.34,78.98,77.28,77.54
15.66,15.66,87.08,73.25,76.83
15.15,15.15,88.53,71.73,78.59
18.87,18.87,89.29,71.18,78.12
15.02,15.02,88.02,62.27,78.92
15.80,15.80,86.18,59.24,78.74
12.17,12.17,85.47,56.64,79.46
15.01,15.01,85.60,55.47,77.83
15.21,15.21,84.43,58.44,78.47
13.56,13.56,82.58,63.03,78.37
16.13,16.13,82.25,70.12,77.81
17.64,17.64,83.96,74.32,76.87
20.49,20.49,83.09,76.61,77.23
21.80,21.80,78.37,80.11,77.46
19.48,19.48,74.26,80.52,78.46
19.80,19.80,72.31,80.04,78.50
19.21,19.21,71.09,78.82,77.69
20.46,20.46,69.68,77.77,75.84
21.84,21.84,67.63,76.77,73.56
17.19,17.19,66.71,76.46,72.27
15.40,15.40,67.23,77.96,73.19
14.44,14.44,73.05,80.20,77.42
17.90,17.90,73.98,74.18,78.31
17.51,17.51,73.29,75.06,77.26
21.45,21.45,73.38,73.44,76.62
23.24,23.24,72.68,72.34,78.02
18.48,18.48,70.26,72.61,76.96
19.33,19.33,70.00,71.13,76.49
16.48,16.48,68.49,69.09,76.03
16.94,16.94,68.72,68.18,78.56
17.14,17.14,70.13,72.90,76.95
19.09,19.09,74.80,77.57,78.16
11.95,11.95,74.59,76.27,76.77
18.41,18.41,73.19,77.80,76.09
15.52,15.52,72.63,78.02,76.64
16.85,16.85,72.54,77.57,76.92
19.03,19.03,70.23,77.11,75.12
28.62,28.62,70.25,76.65,75.04
26.76,26.76,69.83,76.17,77.11
18.39,18.39,70.19,75.70,76.42
17.27,17.27,70.99,73.79,76.20
16.11,16.11,74.39,77.47,80.73
16.40,16.40,73.96,76.01,79.26
19.77,19.77,73.15,73.12,78.95
16.02,16.02,72.25,73.91,78.50
15.95,15.95,71.98,72.17,77.25
19.90,19.90,71.41,71.15,77.34
20.21,20.21,70.28,70.55,77.27
18.18,18.18,69.40,70.02,77.75
14.40,14.40,68.72,70.90,77.92
12.03,12.03,69.48,70.04,78.01
14.94,14.94,75.10,80.78,78.35
14.67,14.67,74.00,78.75,76.86
17.38,17.38,73.51,77.43,77.41
23.02,23.02,72.94,76.23,77.75
22.35,22.35,71.47,75.04,76.75
20.13,20.13,71.46,75.91,76.80
22.91,22.91,71.09,78.15,77.74
21.43,21.43,70.36,79.28,79.93
15.84,15.84,70.44,76.86,76.88
14.16,14.16,70.90,79.12,76.93
14.20,14.20,73.63,74.93,78.19
21.52,21.52,73.90,78.10,76.17
28.56,28.56,74.36,72.49,77.26
32.97,32.97,74.45,72.24,77.58
32.69,32.69,73.03,72.09,76.34
22.76,22.76,71.97,70.41,75.54
11.70,11.70,70.04,69.90,75.66
16.25,16.25,66.87,70.80,75.51
14.60,14.60,65.20,69.41,74.61
10.38,10.38,64.84,70.51,72.78
17.55,17.55,74.16,80.01,76.95
18.15,18.15,74.64,80.49,77.71
20.08,20.08,73.99,79.72,77.97
18.79,18.79,72.27,80.11,77.72
18.76,18.76,71.67,79.43,77.79
19.55,19.55,70.79,78.49,76.24
14.31,14.31,68.52,78.47,77.02
16.08,16.08,67.67,78.18,75.90
19.29,19.29,68.92,78.69,76.62
17.07,17.07,72.66,77.37,75.12
13.06,13.06,86.82,73.68,75.65
11.38,11.38,87.61,69.58,77.28
15.78,15.78,90.11,63.31,77.60
19.67,19.67,88.03,54.35,78.42
16.08,16.08,87.72,53.62,79.72
16.41,16.41,86.44,51.98,79.63
17.21,17.21,86.23,53.52,78.88
17.30,17.30,86.64,60.49,78.17
14.97,14.97,84.53,61.82,78.78
11.64,11.64,82.30,66.95,79.46
13.34,13.34,82.94,70.14,78.23
21.23,21.23,82.29,78.58,78.66
18.20,18.20,79.82,79.29,80.15
20.68,20.68,77.83,77.83,78.47
21.15,21.15,75.18,78.65,79.24
18.54,18.54,73.34,79.49,78.61
19.63,19.63,70.26,78.27,75.29
17.53,17.53,70.16,78.51,74.38
12.86,12.86,68.33,77.21,72.49
8.42,8.42,67.59,77.67,73.51
13.12,13.12,73.17,78.74,77.28
21.51,21.51,74.42,74.84,80.21
19.49,19.49,74.51,70.35,79.43
20.29,20.29,74.72,70.49,79.87
14.43,14.43,74.85,70.39,80.41
16.37,16.37,71.77,70.46,78.67
15.58,15.58,71.11,70.14,78.03
17.70,17.70,70.60,69.83,80.04
19.63,19.63,69.96,68.10,78.60
19.90,19.90,71.10,68.52,78.26
15.71,15.71,73.13,74.34,77.14
17.97,17.97,75.28,79.84,77.42
19.50,19.50,73.48,77.06,77.13
16.17,16.17,72.75,75.87,76.84
19.22,19.22,71.77,78.29,76.36
9.95,9.95,70.80,79.24,75.51
17.38,17.38,71.07,78.11,75.30
25.60,25.60,70.43,77.93,75.85
17.70,17.70,70.46,77.63,76.80
15.11,15.11,71.06,77.12,76.88
14.63,14.63,72.10,79.36,77.88
13.99,13.99,73.22,74.65,79.70
16.93,16.93,73.70,69.78,80.75
19.66,19.66,72.86,72.24,77.71
23.36,23.36,72.76,71.24,77.48
21.67,21.67,71.08,71.39,77.41
21.86,21.86,69.87,70.28,77.53
20.57,20.57,70.37,69.27,78.22
23.48,23.48,69.73,68.74,79.64
26.00,26.00,69.60,73.21,78.68
22.28,22.28,73.03,78.65,77.84
22.86,22.86,74.74,78.87,79.43
17.97,17.97,73.57,76.97,79.94
20.43,20.43,72.82,78.83,79.58
16.56,16.56,71.31,78.19,80.27
19.22,19.22,72.22,77.71,81.14
21.59,21.59,71.23,77.92,81.02
23.32,23.32,70.37,78.05,78.26
22.47,22.47,70.21,76.86,78.27
19.01,19.01,70.31,76.22,79.14
18.59,18.59,71.30,72.61,77.83
15.46,15.46,74.70,76.36,77.14
17.42,17.42,74.22,70.16,78.88
22.17,22.17,73.35,72.85,77.67
21.52,21.52,74.22,69.22,78.08
26.23,26.23,73.53,66.64,77.51
25.61,25.61,72.20,68.07,76.55
21.00,21.00,68.89,68.05,75.02
16.26,16.26,68.56,66.96,75.24
9.47,9.47,66.37,65.63,73.58
11.26,11.26,69.41,70.09,75.87
19.57,19.57,74.60,78.29,78.82
16.17,16.17,74.43,78.32,78.27
20.50,20.50,74.12,79.14,77.52
22.37,22.37,72.90,78.79,76.43
16.66,16.66,71.86,76.73,75.94
15.86,15.86,70.57,76.38,75.86
19.00,19.00,69.99,76.12,78.03
14.94,14.94,69.96,75.96,76.89
17.69,17.69,72.28,77.55,77.30
16.77,16.77,80.18,75.72,75.00
13.08,13.08,87.29,63.17,78.04
19.51,19.51,89.99,57.85,78.59
14.82,14.82,88.48,49.48,76.66
12.13,12.13,88.14,48.86,75.90
19.58,19.58,86.03,51.16,77.68
15.65,15.65,85.19,55.79,78.77
16.34,16.34,86.36,60.77,77.95
22.45,22.45,87.44,63.05,77.09
23.66,23.66,85.67,63.47,77.75
21.76,21.76,81.71,72.97,77.23
22.20,22.20,78.87,77.23,77.35
19.73,19.73,78.59,78.80,76.99
20.26,20.26,78.74,79.13,76.25
23.71,23.71,76.99,78.93,74.79
18.12,18.12,74.66,78.16,77.05
16.35,16.35,72.50,78.54,77.28
15.37,15.37,71.72,78.89,74.53
13.71,13.71,70.92,76.37,71.72
12.67,12.67,70.36,77.70,70.87
13.81,13.81,70.30,80.18,74.67
12.82,12.82,74.11,77.13,79.69
16.14,16.14,75.71,73.71,78.78
19.92,19.92,75.31,71.97,77.55
17.90,17.90,75.07,72.92,75.63
16.33,16.33,74.65,73.65,77.21
16.47,16.47,73.80,70.49,77.35
21.78,21.78,72.28,70.88,76.08
24.10,24.10,71.85,69.02,77.05
25.33,25.33,71.35,69.88,74.20
21.24,21.24,72.16,72.60,75.39
17.69,17.69,76.41,80.18,78.57
16.96,16.96,74.23,78.17,77.01
19.76,19.76,73.51,75.72,76.26
18.03,18.03,73.21,76.19,74.64
16.95,16.95,72.83,75.85,75.19
20.31,20.31,72.65,76.65,75.30
30.31,30.31,73.75,77.18,77.42
33.11,33.11,73.54,78.13,73.86
37.97,37.97,73.23,77.15,74.09
39.66,39.66,78.16,74.85,74.83
40.64,40.64,85.78,70.06,77.13
35.03,35.03,88.97,62.90,76.61
22.56,22.56,90.05,53.67,77.03
19.96,19.96,88.91,43.38,78.56
22.14,22.14,88.42,48.96,77.18
19.63,19.63,88.30,51.39,77.40
14.38,14.38,87.65,51.34,77.84
17.54,17.54,85.06,58.05,78.54
16.12,16.12,82.71,63.97,77.98
20.51,20.51,83.05,67.17,79.74
23.37,23.37,82.46,77.65,77.88
26.81,26.81,80.65,79.98,76.69
31.16,31.16,77.66,79.70,77.50
31.82,31.82,74.07,79.54,77.06
36.67,36.67,71.89,78.20,77.19
36.55,36.55,73.20,76.38,79.85
34.33,34.33,72.45,76.57,77.51
34.79,34.79,73.12,78.54,76.83
35.39,35.39,72.78,78.34,77.44
38.88,38.88,72.49,76.45,78.33
34.70,34.70,73.70,74.68,78.39
39.07,39.07,75.42,73.52,78.67
31.95,31.95,75.15,71.93,77.31
26.25,26.25,74.51,69.18,80.11
30.26,30.26,74.76,69.31,77.20
28.53,28.53,74.90,69.86,78.37
27.83,27.83,73.40,70.14,76.56
33.12,33.12,72.97,69.99,76.12
26.89,26.89,70.92,69.38,75.14
22.92,22.92,69.60,69.43,74.38
26.27,26.27,74.68,80.30,79.57
26.84,26.84,74.31,78.48,78.42
21.93,21.93,74.72,79.29,79.52
18.85,18.85,72.54,80.15,78.17
17.68,17.68,72.44,80.49,78.67
16.08,16.08,72.72,80.85,76.14
12.23,12.23,72.30,79.82,78.56
12.75,12.75,72.33,77.80,78.22
16.11,16.11,72.74,78.33,77.56
18.25,18.25,76.94,76.10,74.79
18.88,18.88,87.01,74.02,75.06
18.48,18.48,89.55,65.17,76.29
19.29,19.29,89.38,58.75,77.61
22.80,22.80,90.28,59.26,76.67
17.45,17.45,87.68,61.54,76.12
20.20,20.20,86.21,61.46,78.27
27.82,27.82,83.58,62.16,76.70
24.75,24.75,85.63,66.71,77.28
25.46,25.46,85.35,67.95,77.61
29.00,29.00,83.59,67.91,76.66
37.44,37.44,79.20,79.03,76.92
41.74,41.74,76.99,76.98,79.53
40.54,40.54,79.69,79.20,78.38
36.56,36.56,77.66,78.74,78.31
32.96,32.96,72.21,77.67,79.03
33.36,33.36,70.97,77.81,78.50
31.11,31.11,71.88,79.07,74.93
36.41,36.41,71.76,78.86,75.14
40.77,40.77,70.84,81.79,72.80
43.08,43.08,70.69,81.48,73.25
50.70,50.70,73.38,79.00,76.57
61.83,61.83,75.35,71.12,78.51
65.26,65.26,74.95,74.43,79.71
62.14,62.14,74.15,71.45,80.12
62.02,62.02,72.41,68.63,79.47
60.02,60.02,67.62,67.97,79.66
64.31,64.31,65.54,70.54,79.89
68.36,68.36,63.49,68.68,79.83
60.34,60.34,64.25,69.79,76.70
61.03,61.03,67.79,64.74,77.66
59.06,59.06,72.45,75.83,78.20
55.22,55.22,76.48,80.76,77.82
59.12,59.12,74.50,79.28,77.94
61.48,61.48,72.77,81.43,78.09
61.96,61.96,71.41,79.86,78.84
62.80,62.80,67.35,77.65,77.63
61.93,61.93,63.38,78.22,75.81
62.95,62.95,62.70,80.40,78.46
62.09,62.09,62.34,80.36,77.13
65.09,65.09,64.58,79.49,79.17
63.44,63.44,71.32,76.15,79.91
65.94,65.94,75.30,72.56,79.14
61.71,61.71,74.52,74.88,76.09
66.26,66.26,72.87,72.38,76.37
65.75,65.75,72.18,71.92,77.31
63.58,63.58,69.58,72.94,75.05
66.58,66.58,69.23,71.90,77.43
65.34,65.34,68.56,71.14,78.73
63.60,63.60,68.08,72.57,77.29
61.65,61.65,66.02,68.77,76.72
60.55,60.55,67.45,74.16,77.95
60.28,60.28,70.03,80.95,78.96
60.08,60.08,68.65,79.83,78.15
60.22,60.22,65.88,79.21,78.73
62.08,62.08,64.07,77.86,79.78
64.47,64.47,60.36,78.61,80.73
61.66,61.66,60.11,78.39,79.14
61.39,61.39,60.06,80.60,78.82
61.26,61.26,63.93,77.81,78.16
62.79,62.79,71.71,75.97,78.68
62.08,62.08,80.54,64.67,78.06
59.49,59.49,88.19,64.14,77.36
55.71,55.71,89.64,60.07,77.61
56.35,56.35,90.93,56.99,76.46
53.90,53.90,88.99,63.24,77.51
54.04,54.04,88.18,66.13,79.24
55.06,55.06,85.09,66.74,76.23
51.02,51.02,86.51,68.30,77.20
54.92,54.92,85.57,68.57,75.96
64.36,64.36,85.08,70.57,77.51
51.71,51.71,84.69,73.45,76.64
55.93,55.93,82.43,81.09,76.54
58.95,58.95,75.34,80.40,79.34
57.15,57.15,75.22,79.18,78.84
53.03,53.03,75.46,78.67,77.76
56.21,56.21,71.94,77.21,76.55
65.24,65.24,69.69,79.02,77.25
72.18,72.18,69.02,79.04,76.64
68.76,68.76,68.74,81.26,74.96
75.01,75.01,71.83,77.49,75.66
68.37,68.37,81.05,75.02,74.55
69.90,69.90,88.18,68.41,76.16
70.71,70.71,88.14,57.08,76.21
72.87,72.87,90.48,53.15,77.63
75.98,75.98,88.45,52.42,74.58
76.56,76.56,85.71,54.55,75.28
71.15,71.15,86.18,57.89,74.83
69.20,69.20,86.53,61.60,78.24
63.25,63.25,84.31,63.28,76.64
62.88,62.88,84.13,66.56,76.84
62.66,62.66,82.51,77.10,77.89
61.14,61.14,81.48,77.19,76.57
58.67,58.67,78.92,78.34,78.56
61.00,61.00,75.08,80.72,79.38
59.94,59.94,71.74,80.43,77.90
59.33,59.33,69.61,80.80,78.54
55.99,55.99,67.22,78.36,74.13
54.62,54.62,66.34,79.84,75.96
49.65,49.65,67.16,75.91,73.83
43.52,43.52,65.69,77.91,69.76
46.54,46.54,67.18,74.33,72.90
50.42,50.42,70.42,77.56,74.71
55.70,55.70,70.19,69.33,76.80
56.85,56.85,69.88,71.27,76.78
58.86,58.86,69.00,70.81,77.20
60.00,60.00,66.91,71.66,76.49
57.76,57.76,63.56,70.35,74.51
55.87,55.87,62.24,69.11,72.60
60.16,60.16,60.76,69.73,75.77
59.39,59.39,61.17,67.60,75.07
59.74,59.74,60.85,70.24,79.61
59.24,59.24,62.01,80.28,76.73
57.62,57.62,61.58,76.47,78.11
54.59,54.59,60.92,77.17,73.88
52.48,52.48,60.62,79.21,73.73
54.64,54.64,61.11,79.30,74.05
57.33,57.33,57.38,77.73,74.14
63.21,63.21,56.53,79.19,75.81
62.20,62.20,54.94,77.93,73.57
64.38,64.38,55.35,78.96,74.60
63.54,63.54,57.92,78.42,74.94
67.49,67.49,61.14,75.25,77.89
68.00,68.00,62.43,78.27,76.82
68.58,68.58,63.68,73.22,77.53
68.87,68.87,64.36,73.35,75.78
67.31,67.31,63.69,72.40,75.34
67.00,67.00,64.52,71.55,76.21
66.13,66.13,65.89,70.81,75.85
68.92,68.92,64.08,70.18,75.61
67.38,67.38,62.85,70.97,74.99
65.34,65.34,62.76,73.19,74.90
63.49,63.49,58.47,79.01,75.01
65.14,65.14,56.46,79.18,75.07
71.16,71.16,54.92,79.17,75.69
67.73,67.73,53.89,78.38,73.79
62.49,62.49,53.23,78.72,72.17
65.31,65.31,57.89,77.24,73.82
64.30,64.30,58.83,76.87,74.45
63.26,63.26,59.73,78.41,75.24
63.81,63.81,60.30,78.36,76.37
68.81,68.81,62.01,75.84,77.90
70.82,70.82,64.06,78.51,76.99
75.90,75.90,65.11,74.35,74.93
71.35,71.35,65.79,74.30,75.86
67.93,67.93,66.03,71.67,76.84
64.93,64.93,62.82,71.82,75.76
65.38,65.38,60.87,71.17,74.52
58.92,58.92,61.93,72.02,74.93
56.28,56.28,60.97,68.25,75.21
53.10,53.10,59.40,65.93,74.37
54.98,54.98,60.00,67.56,74.95
61.53,61.53,59.08,76.66,74.93
66.77,66.77,60.23,77.17,73.57
68.16,68.16,60.15,76.04,75.55
71.13,71.13,59.43,78.29,75.14
71.16,71.16,59.55,76.86,73.41
65.66,65.66,57.08,76.59,74.35
63.22,63.22,54.89,78.42,74.20
59.27,59.27,57.25,77.48,75.31
59.87,59.87,63.10,78.07,75.48
61.94,61.94,72.37,77.00,72.99
67.05,67.05,88.59,71.34,74.56
70.84,70.84,88.42,68.43,77.38
69.91,69.91,90.42,63.14,75.15
74.14,74.14,90.11,59.19,75.24
72.78,72.78,86.93,61.66,73.76
72.29,72.29,85.91,65.96,75.10
66.03,66.03,84.66,69.19,76.75
64.11,64.11,83.97,72.30,77.44
64.06,64.06,83.15,71.86,78.01
63.91,63.91,83.78,70.74,78.41
63.35,63.35,82.81,79.33,74.31
62.70,62.70,81.59,78.41,73.98
63.38,63.38,79.39,79.06,74.81
62.15,62.15,77.12,78.89,73.58
61.27,61.27,72.52,78.91,74.59
60.85,60.85,69.37,77.80,72.76
54.31,54.31,67.74,77.01,71.18
52.25,52.25,66.27,78.98,71.59
48.57,48.57,67.12,78.18,70.30
48.50,48.50,64.86,76.47,70.95
59.22,59.22,68.42,79.35,76.11
59.75,59.75,66.17,77.26,76.17
66.04,66.04,67.21,73.89,77.28
65.54,65.54,65.71,71.72,79.00
65.71,65.71,64.96,70.92,77.04
63.39,63.39,62.24,70.95,74.94
67.26,67.26,62.07,70.28,74.70
67.46,67.46,61.18,70.81,73.56
67.07,67.07,61.82,69.82,75.46
65.39,65.39,62.11,70.74,73.41
66.95,66.95,63.09,77.05,75.35
68.63,68.63,63.15,80.94,75.01
64.98,64.98,63.36,80.55,75.72
59.04,59.04,61.76,79.82,74.46
61.96,61.96,61.83,80.10,76.20
59.65,59.65,59.73,77.90,71.72
67.14,67.14,57.83,77.19,71.14
64.98,64.98,56.71,78.51,70.64
69.75,69.75,56.45,77.96,73.37
68.66,68.66,57.24,76.75,73.18
71.95,71.95,60.85,81.46,75.33
72.83,72.83,60.61,78.77,75.99
71.67,71.67,60.90,74.67,77.24
71.98,71.98,60.97,73.04,75.36
71.87,71.87,60.27,72.80,74.35
68.23,68.23,60.81,73.24,76.25
69.07,69.07,60.18,73.24,76.74
71.55,71.55,60.87,70.55,76.08
70.13,70.13,60.39,67.89,76.08
71.64,71.64,59.87,69.26,75.41
63.80,63.80,56.42,74.15,72.71
64.98,64.98,56.02,79.76,74.89
64.47,64.47,55.98,79.27,75.02
68.35,68.35,56.13,81.10,74.12
67.57,67.57,52.77,79.34,71.47
71.24,71.24,56.01,80.42,72.04
66.64,66.64,55.66,79.06,71.99
72.13,72.13,54.72,80.02,73.58
69.48,69.48,57.46,80.09,74.64
70.69,70.69,58.79,78.31,75.44
67.68,67.68,63.08,72.50,74.95
73.70,73.70,64.67,78.27,75.93
72.97,72.97,65.26,74.16,74.01
70.63,70.63,63.42,72.92,76.76
67.96,67.96,61.66,73.46,76.07
69.73,69.73,59.87,72.01,75.87
67.56,67.56,57.65,70.33,78.23
58.30,58.30,58.36,69.15,75.04
56.95,56.95,58.34,67.26,72.96
57.02,57.02,57.94,68.48,71.26
60.21,60.21,58.48,77.38,74.39
65.67,65.67,59.07,80.23,74.25
63.85,63.85,58.43,78.70,74.60
67.53,67.53,57.81,79.54,75.43
69.70,69.70,56.89,79.54,76.54
66.40,66.40,55.16,77.68,73.97
62.92,62.92,54.22,76.26,73.61
58.09,58.09,55.06,78.59,72.38
57.49,57.49,59.53,78.82,73.41
58.99,58.99,68.51,78.67,73.22
61.92,61.92,81.71,74.86,74.05
68.78,68.78,88.13,70.94,76.39
68.19,68.19,90.40,63.40,74.69
68.71,68.71,90.61,50.45,77.29
70.28,70.28,87.66,60.33,77.67
72.33,72.33,88.32,63.73,76.49
65.95,65.95,87.38,68.50,77.14
62.22,62.22,85.92,71.60,77.70
62.08,62.08,84.72,74.13,76.73
64.05,64.05,84.14,73.55,76.37
63.30,63.30,82.68,72.50,75.36
60.96,60.96,76.96,78.77,78.03
60.55,60.55,75.26,78.88,74.91
58.90,58.90,74.41,76.84,73.98
60.13,60.13,72.01,76.61,77.95
62.61,62.61,70.93,76.23,79.16
57.67,57.67,68.69,76.40,74.24
55.74,55.74,67.71,79.11,72.90
49.97,49.97,67.15,77.94,72.95
48.96,48.96,65.38,76.85,70.86
55.81,55.81,67.09,74.90,73.03
63.03,63.03,69.21,78.73,76.50
63.65,63.65,68.31,71.56,77.29
65.83,65.83,67.00,69.82,78.41
65.21,65.21,66.65,71.63,76.85
63.34,63.34,64.76,73.04,76.05
68.38,68.38,62.66,71.93,75.76
64.91,64.91,61.27,70.39,72.19
65.15,65.15,61.64,69.11,73.94
65.94,65.94,60.34,66.95,75.46
66.15,66.15,61.50,74.25,75.64
62.59,62.59,62.16,77.86,74.10
65.50,65.50,61.96,77.32,76.57
64.07,64.07,61.61,78.95,75.85
61.80,61.80,60.22,79.24,76.46
63.62,63.62,58.92,78.20,76.07
65.40,65.40,57.19,78.76,73.56
66.01,66.01,56.37,77.38,73.01
72.31,72.31,54.29,78.71,71.61
70.66,70.66,54.51,78.45,73.64
70.82,70.82,55.98,74.73,76.20
60.88,60.88,58.34,78.59,78.30
64.60,64.60,59.87,72.71,78.70
66.33,66.33,60.56,73.01,78.00
73.14,73.14,60.05,73.57,77.24
65.65,65.65,59.24,72.16,76.74
67.89,67.89,59.95,70.21,77.72
63.12,63.12,59.21,70.47,75.98
66.22,66.22,58.57,68.94,76.66
63.56,63.56,57.11,69.16,77.60
60.23,60.23,56.11,71.56,76.72
64.97,64.97,55.91,76.70,75.07
69.97,69.97,54.76,75.56,75.43
70.59,70.59,53.72,75.15,74.25
69.14,69.14,53.47,76.10,74.25
69.14,69.14,55.05,75.34,72.28
69.00,69.00,57.71,76.37,74.41
67.16,67.16,56.22,78.59,74.80
66.62,66.62,57.07,79.28,73.62
73.14,73.14,57.25,78.19,75.88
67.51,67.51,61.13,75.37,76.10
67.82,67.82,63.42,75.78,76.50
66.41,66.41,65.28,76.81,76.33
66.32,66.32,65.21,71.03,78.16
66.47,66.47,64.16,70.54,77.18
65.05,65.05,62.91,70.75,76.14
63.15,63.15,62.05,70.87,76.01
62.49,62.49,61.69,70.40,75.24
58.06,58.06,60.68,70.18,74.44
56.21,56.21,59.66,68.08,72.97
56.98,56.98,58.84,70.15,73.21
65.19,65.19,60.09,79.38,77.07
66.64,66.64,58.82,78.19,75.13
63.80,63.80,59.50,79.05,75.88
67.26,67.26,58.43,78.66,75.29
73.71,73.71,58.24,77.92,75.54
64.69,64.69,55.05,78.48,73.10
61.41,61.41,52.83,79.61,73.62
58.97,58.97,57.43,79.96,73.51
56.37,56.37,64.80,77.19,74.51
56.08,56.08,74.75,78.13,73.95
55.47,55.47,88.28,72.90,75.37
60.65,60.65,90.07,67.18,77.96
63.23,63.23,89.74,60.48,78.69
60.95,60.95,88.84,59.78,78.46
62.35,62.35,88.66,63.26,79.01
62.19,62.19,88.88,67.26,79.16
54.52,54.52,87.33,72.68,78.07
52.56,52.56,85.79,74.57,77.54
56.30,56.30,84.65,74.97,77.52
56.50,56.50,83.01,75.48,77.02
54.09,54.09,78.08,79.35,75.41
55.25,55.25,75.51,79.17,74.57
55.17,55.17,72.19,78.14,75.07
54.23,54.23,70.02,78.83,75.22
56.79,56.79,68.24,78.03,76.88
53.28,53.28,67.79,78.74,73.93
48.63,48.63,66.86,77.21,71.22
45.89,45.89,67.27,78.27,71.18
46.64,46.64,67.51,76.91,70.07
50.17,50.17,65.20,76.88,71.67
57.09,57.09,69.56,75.78,75.06
63.72,63.72,68.56,73.15,78.76
60.77,60.77,67.89,71.73,76.83
63.12,63.12,67.31,71.72,76.59
63.44,63.44,65.89,71.57,77.12
63.59,63.59,62.82,70.95,74.81
65.86,65.86,62.10,70.61,74.41
62.50,62.50,61.61,67.66,73.94
61.19,61.19,60.87,66.44,75.40
59.83,59.83,60.61,67.84,74.89
60.12,60.12,63.62,78.11,76.23
59.63,59.63,61.94,78.62,75.51
59.31,59.31,61.81,80.26,77.40
59.23,59.23,61.04,80.44,76.44
58.22,58.22,61.47,79.90,75.16
59.82,59.82,58.59,79.04,73.87
63.18,63.18,57.83,78.17,72.76
67.17,67.17,57.50,79.13,73.58
61.92,61.92,57.43,78.66,73.50
65.87,65.87,56.33,79.22,74.16
70.10,70.10,60.22,76.03,78.38
68.92,68.92,61.66,76.77,79.11
64.12,64.12,61.60,71.16,78.82
66.87,66.87,62.49,71.51,79.16
67.87,67.87,61.88,71.06,77.09
63.80,63.80,61.92,71.17,77.43
62.28,62.28,61.61,70.68,77.03
58.50,58.50,60.64,70.18,78.02
63.28,63.28,60.29,71.34,77.96
59.57,59.57,60.28,70.20,76.37
55.90,55.90,61.22,79.68,75.38
63.95,63.95,63.10,78.56,75.08
66.20,66.20,62.02,76.97,76.03
65.96,65.96,62.42,78.91,74.31
65.41,65.41,58.17,77.58,73.60
68.42,68.42,59.05,77.44,75.35
67.94,67.94,60.29,77.77,73.90
65.00,65.00,58.19,77.21,72.80
68.15,68.15,60.19,77.70,76.54
65.11,65.11,59.69,77.18,77.56
64.64,64.64,64.52,81.14,77.74
64.04,64.04,65.09,75.65,77.15
70.95,70.95,66.21,72.97,78.33
63.92,63.92,65.47,72.21,78.84
69.23,69.23,64.10,72.36,77.26
63.02,63.02,60.22,72.98,74.90
61.74,61.74,59.04,71.28,75.96
57.20,57.20,58.21,70.00,74.66
54.06,54.06,57.99,67.75,74.21
55.90,55.90,55.26,68.63,73.57
59.29,59.29,56.03,71.76,75.39
64.38,64.38,56.70,79.53,76.91
61.29,61.29,57.60,80.06,76.89
64.26,64.26,56.70,79.87,77.54
71.88,71.88,56.29,79.02,76.71
67.35,67.35,53.94,78.59,76.26
61.19,61.19,52.71,77.38,75.65
55.38,55.38,54.29,79.22,76.95
55.57,55.57,60.79,78.40,78.99
53.02,53.02,71.10,76.32,77.95
50.44,50.44,85.37,77.87,75.57
55.93,55.93,89.38,71.13,78.68
59.38,59.38,89.90,62.77,78.45
60.50,60.50,89.78,60.38,76.72
60.07,60.07,88.89,65.97,78.99
60.07,60.07,88.06,70.73,79.77
55.59,55.59,87.78,73.52,80.60
50.95,50.95,85.99,74.93,79.55
49.60,49.60,84.31,75.01,77.72
52.77,52.77,83.31,72.27,77.54
53.46,53.46,83.50,78.88,75.27
52.60,52.60,83.33,78.29,76.31
52.67,52.67,81.04,79.66,76.19
54.43,54.43,78.70,78.70,77.17
55.94,55.94,76.12,77.74,77.56
55.38,55.38,70.95,78.54,78.89
50.79,50.79,66.65,79.44,75.55
46.62,46.62,66.76,78.59,72.98
45.00,45.00,67.53,78.38,73.45
42.98,42.98,65.41,79.57,72.08
47.05,47.05,67.72,74.11,75.50
51.80,51.80,68.80,77.10,79.27
47.94,47.94,67.76,70.23,77.70
50.81,50.81,67.25,69.87,78.18
53.74,53.74,66.01,69.22,78.25
54.29,54.29,63.99,68.99,79.08
58.13,58.13,62.41,69.45,77.83
58.35,58.35,62.22,70.85,76.47
55.98,55.98,61.94,69.08,76.00
55.67,55.67,61.61,67.85,73.08
54.11,54.11,62.35,70.99,74.60
55.64,55.64,63.17,78.60,76.40
54.45,54.45,62.71,77.97,75.86
56.40,56.40,62.41,78.20,77.69
54.79,54.79,62.55,77.17,76.07
58.53,58.53,61.17,76.55,76.63
57.76,57.76,59.10,76.65,74.22
65.44,65.44,58.99,75.91,75.68
62.34,62.34,57.47,76.57,74.78
61.25,61.25,57.57,76.83,77.00
58.74,58.74,59.49,79.09,77.89
59.90,59.90,60.46,77.99,80.43
61.11,61.11,59.79,73.99,80.50
60.51,60.51,61.25,72.86,80.18
62.50,62.50,61.70,74.11,79.26
61.36,61.36,61.55,73.24,80.26
58.33,58.33,62.11,72.71,79.76
53.05,53.05,60.39,71.05,79.10
52.33,52.33,60.19,70.47,80.57
54.24,54.24,59.03,69.07,77.92
53.03,53.03,56.99,72.67,77.47
54.93,54.93,57.14,76.71,77.90
55.43,55.43,57.52,79.09,78.65
54.93,54.93,57.05,80.23,79.30
53.73,53.73,55.71,79.42,76.84
56.14,56.14,54.99,79.25,75.95
55.68,55.68,58.76,78.36,77.32
57.18,57.18,58.38,79.06,77.38
53.96,53.96,57.52,77.76,73.76
58.07,58.07,60.09,76.80,76.62
54.21,54.21,62.23,77.31,77.40
52.95,52.95,64.77,78.73,78.16
56.57,56.57,65.03,75.36,79.11
65.42,65.42,64.36,74.87,78.55
65.56,65.56,63.02,74.08,78.62
58.49,58.49,61.72,72.85,77.64
57.69,57.69,60.67,72.11,76.81
54.93,54.93,61.06,71.81,76.49
49.33,49.33,60.54,72.40,73.80
50.64,50.64,59.51,69.76,75.22
52.40,52.40,59.85,75.96,76.34
52.64,52.64,59.77,79.02,77.66
54.28,54.28,59.59,78.37,75.96
58.83,58.83,60.45,77.62,77.48
56.99,56.99,60.18,78.11,75.98
62.34,62.34,59.23,77.86,77.29
55.17,55.17,56.19,80.68,76.26
53.76,53.76,56.83,79.21,76.09
49.42,49.42,56.18,78.72,74.04
47.52,47.52,66.02,75.90,74.39
43.99,43.99,75.31,77.21,75.47
47.93,47.93,88.12,72.94,78.50
55.29,55.29,88.13,67.82,79.69
54.50,54.50,91.08,67.56,78.64
59.46,59.46,88.50,69.71,78.72
62.12,62.12,85.87,73.01,79.65
56.69,56.69,85.82,75.47,80.15
54.83,54.83,86.65,76.27,78.95
52.18,52.18,83.90,75.92,79.12
51.79,51.79,82.23,74.85,78.97
46.54,46.54,81.17,72.67,78.63
46.08,46.08,83.85,76.39,77.59
46.15,46.15,82.02,77.25,77.87
47.83,47.83,78.58,77.61,77.73
50.48,50.48,75.35,76.62,80.94
47.38,47.38,73.22,76.74,79.82
46.38,46.38,71.34,78.62,74.85
45.72,45.72,68.17,76.43,75.46
43.26,43.26,66.81,75.33,74.01
39.69,39.69,67.81,75.81,72.42
39.35,39.35,65.99,76.91,73.09
42.13,42.13,67.69,79.82,78.20
43.74,43.74,67.80,76.95,78.89
47.78,47.78,66.75,72.84,79.88
48.99,48.99,66.28,72.17,79.09
49.14,49.14,64.82,71.97,79.18
45.94,45.94,61.77,71.07,78.52
49.25,49.25,61.41,70.41,78.71
48.42,48.42,60.88,68.85,78.28
47.75,47.75,61.53,70.36,76.95
48.01,48.01,61.46,72.63,76.06
47.72,47.72,63.12,80.63,76.94
40.51,40.51,62.41,79.36,75.12
43.05,43.05,62.08,79.86,75.87
42.56,42.56,60.98,79.95,74.97
48.97,48.97,61.80,79.73,77.12
49.22,49.22,59.44,80.30,76.48
52.35,52.35,58.03,80.76,76.61
55.85,55.85,57.09,79.14,77.92
51.09,51.09,57.42,79.28,75.86
45.39,45.39,56.18,80.16,75.37
38.81,38.81,59.69,74.11,80.29
38.40,38.40,59.78,75.77,79.39
41.02,41.02,60.78,72.38,79.35
43.34,43.34,60.87,71.61,80.67
47.93,47.93,61.19,70.79,78.62
48.84,48.84,61.28,70.18,78.92
47.99,47.99,61.14,69.78,78.16
48.28,48.28,60.84,69.16,80.56
45.70,45.70,58.91,65.39,78.16
41.77,41.77,56.67,67.89,76.76
43.24,43.24,55.06,73.19,76.91
47.94,47.94,53.05,77.07,77.72
46.36,46.36,53.17,78.35,76.98
46.30,46.30,53.26,77.66,78.42
45.10,45.10,51.28,75.90,78.48
47.54,47.54,55.60,77.67,79.10
46.77,46.77,55.67,76.31,77.69
50.47,50.47,56.14,75.16,78.06
48.15,48.15,57.17,77.58,77.94
47.93,47.93,59.52,77.69,78.29
40.57,40.57,64.12,70.89,78.08
40.44,40.44,64.42,77.04,78.97
39.04,39.04,65.06,72.48,78.60
42.11,42.11,63.06,71.87,79.82
45.90,45.90,62.32,71.48,80.51
46.16,46.16,61.34,71.58,79.53
46.73,46.73,59.60,72.77,78.49
40.26,40.26,59.87,70.80,77.09
35.64,35.64,59.74,69.02,75.89
32.48,32.48,59.01,67.84,74.70
33.14,33.14,58.83,78.83,76.35
39.70,39.70,59.20,78.62,77.70
41.63,41.63,60.08,79.89,78.00
40.02,40.02,59.58,78.51,78.02
41.91,41.91,59.48,78.20,78.40
41.68,41.68,56.80,78.45,77.47
39.87,39.87,56.17,78.91,76.07
40.48,40.48,55.33,77.78,76.69
35.90,35.90,65.05,77.20,77.95
29.06,29.06,73.47,77.42,76.48
22.40,22.40,85.42,71.26,75.13
16.38,16.38,88.72,68.48,78.52
18.45,18.45,90.00,63.36,79.52
25.15,25.15,89.14,65.28,79.76
22.88,22.88,88.44,67.68,79.87
26.01,26.01,86.76,71.40,79.82
27.22,27.22,86.35,74.41,78.11
29.97,29.97,87.41,74.66,79.39
24.42,24.42,85.18,72.05,79.89
15.51,15.51,82.99,73.52,79.33
16.22,16.22,80.47,71.37,77.59
19.78,19.78,78.23,76.30,76.96
23.46,23.46,72.92,76.15,78.70
24.04,24.04,70.43,75.74,78.38
27.57,27.57,70.14,76.82,77.57
31.64,31.64,70.15,78.45,76.29
30.59,30.59,69.43,77.37,77.41
26.58,26.58,67.81,75.74,76.75
22.73,22.73,67.98,75.07,72.43
18.50,18.50,65.12,76.00,71.43
16.32,16.32,67.84,77.82,75.98
19.67,19.67,68.98,78.40,78.69
22.43,22.43,69.35,71.43,79.38
24.33,24.33,67.95,71.24,78.63
27.88,27.88,67.35,71.63,80.01
30.80,30.80,64.60,70.06,78.99
29.81,29.81,61.57,67.89,76.90
26.54,26.54,62.35,67.89,74.73
31.48,31.48,60.94,65.69,76.80
22.78,22.78,60.13,65.53,77.55
22.53,22.53,62.19,74.92,79.19
12.02,12.02,62.11,80.38,77.13
13.14,13.14,62.61,77.96,76.82
13.58,13.58,61.13,75.14,76.38
20.52,20.52,60.80,77.12,78.26
26.98,26.98,58.50,78.08,76.70
27.95,27.95,57.04,76.62,75.09
28.28,28.28,57.23,77.76,77.88
28.52,28.52,56.79,78.32,76.14
24.72,24.72,55.40,78.03,77.39
23.33,23.33,59.06,75.29,77.69
24.13,24.13,59.95,77.75,80.18
24.72,24.72,60.20,73.06,80.58
29.45,29.45,60.48,69.99,80.06
29.04,29.04,60.34,68.90,80.51
20.49,20.49,60.81,68.61,80.67
17.63,17.63,60.10,69.18,78.82
23.09,23.09,59.43,68.67,77.91
25.83,25.83,59.90,67.14,77.80
27.34,27.34,57.69,65.69,78.36
27.56,27.56,55.18,73.79,78.81
28.50,28.50,53.74,77.69,76.99
30.58,30.58,52.96,79.50,78.95
33.91,33.91,52.42,77.46,78.71
37.06,37.06,51.90,79.13,78.14
34.88,34.88,53.77,79.10,76.13
29.72,29.72,55.89,79.65,78.99
29.19,29.19,56.95,77.81,78.09
29.15,29.15,57.45,77.72,77.14
29.84,29.84,59.17,79.28,79.76
22.94,22.94,61.71,76.69,78.24
20.80,20.80,64.92,74.32,79.31
22.62,22.62,66.01,74.24,78.97
23.73,23.73,65.09,72.36,80.24
24.53,24.53,64.31,73.04,79.79
32.81,32.81,61.25,71.22,80.07
32.20,32.20,59.86,70.54,76.68
28.84,28.84,60.57,69.81,76.45
22.14,22.14,60.03,68.88,73.63
18.12,18.12,57.97,69.47,74.30
20.99,20.99,59.21,71.57,75.07
25.56,25.56,59.04,78.79,77.57
29.66,29.66,60.54,77.71,78.30
37.19,37.19,61.21,77.86,79.05
40.26,40.26,60.24,78.14,77.79
33.79,33.79,59.34,78.43,76.23
30.44,30.44,56.65,79.49,75.63
33.00,33.00,56.64,79.27,77.22
31.49,31.49,60.21,78.63,75.65
25.48,25.48,67.87,77.24,77.38
20.39,20.39,79.73,76.67,78.57
13.94,13.94,88.30,69.39,77.97
10.14,10.14,89.58,64.45,78.44
14.76,14.76,90.00,65.70,78.62
15.75,15.75,89.68,67.41,79.81
15.24,15.24,88.13,70.08,81.09
20.05,20.05,87.63,72.26,79.34
22.54,22.54,87.37,73.83,79.18
18.78,18.78,88.03,74.93,79.57
15.63,15.63,85.09,73.83,78.96
15.02,15.02,81.78,77.06,77.97
16.75,16.75,75.47,79.94,78.67
20.22,20.22,73.54,79.79,78.04
21.63,21.63,72.85,78.83,77.90
18.59,18.59,71.13,78.19,76.81
25.16,25.16,68.82,76.35,77.78
27.29,27.29,67.91,76.50,75.63
20.91,20.91,66.54,76.46,73.65
15.27,15.27,67.61,75.96,72.93
14.42,14.42,66.41,76.48,71.69
12.85,12.85,66.14,73.33,73.88
13.96,13.96,68.15,80.18,78.20
15.51,15.51,68.90,74.22,80.77
16.35,16.35,67.70,72.48,80.83
15.65,15.65,66.56,72.12,79.50
18.60,18.60,65.57,71.04,78.44
21.00,21.00,62.69,71.88,76.60
22.23,22.23,62.47,70.22,76.62
21.01,21.01,61.73,67.64,76.52
20.40,20.40,61.58,67.85,79.52
20.09,20.09,61.68,71.57,78.29
17.74,17.74,62.77,80.09,76.97
12.11,12.11,62.16,79.64,75.98
9.14,9.14,61.33,79.06,77.68
13.97,13.97,60.73,80.14,75.83
20.62,20.62,60.03,80.62,75.91
23.96,23.96,58.83,78.58,76.09
25.96,25.96,58.04,75.87,76.95
25.60,25.60,57.46,75.14,75.95
26.38,26.38,57.54,78.48,77.05
24.69,24.69,57.72,79.58,76.97
25.35,25.35,60.74,75.80,80.96
23.42,23.42,61.49,75.10,80.24
22.70,22.70,62.91,70.54,80.40
22.72,22.72,62.59,71.13,79.59
17.99,17.99,64.41,69.64,80.02
15.75,15.75,63.35,68.00,78.20
14.72,14.72,62.50,68.22,78.15
19.17,19.17,62.36,67.28,79.80
23.32,23.32,60.32,70.16,80.37
24.61,24.61,58.29,69.72,77.41
19.37,19.37,58.44,78.94,77.55
17.94,17.94,59.25,80.95,78.64
22.04,22.04,59.99,78.91,79.20
21.77,21.77,57.98,78.86,77.30
19.91,19.91,56.67,78.47,78.10
23.57,23.57,60.30,79.00,77.98
23.73,23.73,59.28,78.29,77.85
22.46,22.46,59.15,78.11,75.25
18.16,18.16,61.26,79.15,79.59
15.34,15.34,62.43,77.55,77.86
14.50,14.50,66.19,78.72,77.87
16.21,16.21,66.20,75.60,78.07
22.30,22.30,67.73,71.28,79.01
26.59,26.59,67.14,71.21,79.01
26.74,26.74,64.96,70.52,77.56
23.07,23.07,63.87,71.23,77.23
22.15,22.15,62.99,69.69,77.47
31.38,31.38,61.45,68.78,77.29
22.63,22.63,60.95,66.78,75.70
20.61,20.61,59.61,67.74,76.14
19.98,19.98,59.86,77.35,78.02
24.62,24.62,60.84,78.39,79.65
22.59,22.59,62.16,77.37,78.93
23.46,23.46,62.01,78.15,78.28
27.83,27.83,61.00,80.06,77.97
28.56,28.56,59.73,80.12,76.43
28.56,28.56,56.91,78.83,76.44
26.29,26.29,60.04,80.54,76.25
19.19,19.19,66.09,78.41,75.27
12.36,12.36,74.74,75.96,77.00
16.87,16.87,87.93,72.46,76.73
12.77,12.77,88.04,69.32,78.78
10.79,10.79,90.02,62.12,79.31
14.99,14.99,90.75,61.95,78.25
20.26,20.26,88.21,63.75,80.22
23.34,23.34,86.15,69.89,80.47
24.56,24.56,85.60,73.35,79.11
23.18,23.18,86.06,75.20,79.13
16.64,16.64,85.24,74.75,77.95
11.23,11.23,82.82,70.32,79.61
6.69,6.69,83.83,78.22,76.80
11.13,11.13,82.35,78.28,78.84
19.95,19.95,80.84,77.58,78.99
27.81,27.81,80.54,76.22,77.76
26.09,26.09,75.22,78.98,78.15
15.38,15.38,69.90,78.73,78.53
11.45,11.45,67.62,77.59,75.13
13.49,13.49,66.73,77.81,74.09
7.61,7.61,66.77,78.94,72.45
7.21,7.21,65.16,79.18,72.96
13.55,13.55,68.00,76.38,76.85
13.91,13.91,68.25,76.47,80.15
19.99,19.99,66.82,74.24,80.30
15.19,15.19,65.85,74.79,78.82
13.36,13.36,63.84,72.82,79.37
17.92,17.92,62.39,71.34,77.90
24.92,24.92,60.65,70.37,77.60
22.27,22.27,60.71,71.02,77.76
11.77,11.77,60.77,67.98,77.97
8.06,8.06,60.23,67.86,76.25
15.34,15.34,61.93,71.44,76.38
25.76,25.76,62.80,79.22,76.91
23.55,23.55,62.92,79.21,78.12
14.46,14.46,61.37,78.57,77.59
16.51,16.51,62.71,78.14,76.83
18.20,18.20,60.16,78.57,75.62
22.36,22.36,59.99,77.69,76.33
31.57,31.57,59.01,77.70,76.47
29.06,29.06,63.80,78.10,76.41
19.59,19.59,71.68,78.74,77.77
11.58,11.58,84.62,77.18,76.66
11.10,11.10,88.44,72.66,78.45
9.40,9.40,90.02,62.93,78.90
12.58,12.58,89.96,64.72,79.88
15.25,15.25,88.19,69.38,81.14
19.59,19.59,86.32,73.29,79.32
19.29,19.29,86.26,74.75,81.20
17.99,17.99,84.07,74.98,79.88
16.67,16.67,82.98,73.92,78.34
16.01,16.01,82.48,72.14,79.93
15.52,15.52,84.04,75.63,77.43
13.55,13.55,84.45,77.03,76.55
11.33,11.33,81.58,76.29,77.84
12.39,12.39,79.37,76.08,77.38
13.91,13.91,76.74,78.45,78.22
13.69,13.69,72.17,77.21,78.28
19.38,19.38,68.30,76.49,76.02
17.51,17.51,66.53,78.93,72.94
11.57,11.57,67.23,78.30,73.17
6.08,6.08,64.57,78.94,71.28
7.93,7.93,66.73,75.75,75.42
10.48,10.48,69.38,76.22,79.11
19.34,19.34,68.96,71.12,81.18
15.19,15.19,67.65,71.92,79.09
13.43,13.43,66.30,70.91,78.25
14.09,14.09,64.07,69.97,77.09
16.96,16.96,63.23,70.40,77.58
18.22,18.22,61.77,68.23,76.38
12.13,12.13,61.54,68.23,78.49
11.15,11.15,61.78,68.43,77.80
12.10,12.10,63.59,75.14,77.21
10.49,10.49,63.69,80.30,77.52
8.58,8.58,62.81,78.75,77.48
8.36,8.36,61.98,78.55,77.28
11.94,11.94,62.15,79.53,76.84
11.84,11.84,61.34,78.88,77.17
16.05,16.05,58.54,79.10,75.56
19.70,19.70,59.97,79.15,77.27
22.07,22.07,62.92,80.35,78.10
18.82,18.82,67.63,76.92,78.22
14.82,14.82,80.95,79.46,77.21
13.05,13.05,88.09,69.87,78.48
13.41,13.41,90.14,65.41,79.21
13.98,13.98,89.65,66.92,78.52
12.82,12.82,88.23,69.87,80.31
12.26,12.26,86.20,72.55,80.98
13.02,13.02,85.12,74.39,79.34
11.89,11.89,84.57,74.68,80.90
12.72,12.72,84.41,71.72,78.37
13.37,13.37,84.36,71.90,79.55
11.12,11.12,81.67,74.01,78.22
9.57,9.57,82.38,78.79,76.81
14.92,14.92,81.65,75.63,78.65
27.77,27.77,80.07,77.48,77.91
33.96,33.96,75.82,79.33,77.55
31.27,31.27,73.20,79.81,78.03
22.11,22.11,70.79,79.14,74.20
10.67,10.67,68.01,78.15,72.89
7.31,7.31,67.56,77.88,71.32
5.33,5.33,66.48,78.01,70.85
9.14,9.14,66.68,77.05,73.04
12.93,12.93,69.58,78.25,77.39
22.10,22.10,68.96,73.67,79.21
16.74,16.74,68.45,74.50,79.69
14.31,14.31,67.19,72.77,80.53
15.62,15.62,65.04,70.70,78.31
16.75,16.75,63.99,70.05,79.39
15.75,15.75,62.84,69.29,78.29
12.39,12.39,61.53,67.79,77.10
7.64,7.64,61.93,67.59,75.86
6.15,6.15,61.71,73.87,76.44
8.06,8.06,62.21,79.23,76.76
7.58,7.58,61.48,78.26,76.04
9.68,9.68,61.62,77.55,76.16
15.47,15.47,61.23,78.41,76.71
18.42,18.42,59.40,77.50,76.75
19.67,19.67,58.00,78.53,75.14
18.70,18.70,57.52,78.58,76.25
18.20,18.20,59.54,77.90,76.63
14.42,14.42,66.95,78.20,75.46
13.13,13.13,77.36,77.11,76.31
12.17,12.17,88.48,74.00,77.44
16.71,16.71,88.33,69.62,79.71
20.76,20.76,90.47,66.07,79.58
22.26,22.26,88.50,68.20,78.79
25.62,25.62,86.94,70.46,78.47
22.32,22.32,86.76,73.52,80.52
19.40,19.40,87.04,74.90,79.04
20.30,20.30,85.25,74.55,79.53
14.79,14.79,83.75,70.06,79.17
11.75,11.75,81.68,72.84,79.28
16.18,16.18,83.16,77.88,76.85
18.34,18.34,78.90,76.56,77.77
21.37,21.37,76.02,75.83,76.91
18.75,18.75,75.15,77.36,76.16
17.55,17.55,73.55,77.62,76.84
13.33,13.33,70.47,76.99,76.16
10.92,10.92,67.77,78.07,75.29
7.70,7.70,65.91,79.35,72.26
6.67,6.67,66.33,77.86,70.63
10.20,10.20,65.86,78.95,71.64
15.26,15.26,67.59,74.24,79.12
17.81,17.81,68.85,75.08,79.89
19.16,19.16,68.43,70.21,80.18
18.77,18.77,68.10,71.09,80.16
20.84,20.84,65.94,68.21,79.97
24.24,24.24,64.76,67.92,78.49
21.79,21.79,63.24,64.00,78.87
16.66,16.66,61.54,63.42,78.23
11.67,11.67,61.05,68.33,76.73
9.14,9.14,60.65,71.02,76.41
9.56,9.56,62.07,79.68,76.56
8.06,8.06,61.92,78.00,76.99
7.74,7.74,60.90,78.99,76.95
11.73,11.73,60.13,78.61,77.86
15.75,15.75,59.51,79.34,77.56
16.14,16.14,58.62,76.99,76.54
18.41,18.41,57.77,78.00,77.64
17.26,17.26,58.64,78.43,78.31
14.56,14.56,68.05,76.34,78.26
10.08,10.08,74.14,73.27,76.62
10.39,10.39,89.06,72.05,77.82
9.32,9.32,89.37,70.85,79.74
10.79,10.79,90.37,64.05,79.37
19.25,19.25,90.18,67.35,79.76
23.26,23.26,87.72,69.02,80.58
19.62,19.62,87.75,72.01,80.38
24.64,24.64,86.75,74.42,79.48
31.53,31.53,85.79,74.37,79.16
29.84,29.84,85.05,71.98,79.71
19.64,19.64,84.99,73.10,79.08
12.45,12.45,78.70,75.76,77.33
14.21,14.21,76.07,79.36,76.03
13.31,13.31,73.03,76.50,78.57
14.02,14.02,70.18,78.67,79.82
16.37,16.37,69.92,79.21,77.57
16.58,16.58,69.78,79.05,76.73
15.36,15.36,68.11,78.59,73.97
11.79,11.79,66.81,78.43,71.65
6.30,6.30,66.40,78.68,71.11
5.79,5.79,64.55,77.60,71.87
11.68,11.68,67.80,72.10,78.14
13.98,13.98,68.34,75.03,79.40
21.02,21.02,69.76,70.34,78.88
19.57,19.57,67.16,68.89,80.67
21.17,21.17,66.55,68.80,78.84
21.44,21.44,65.54,69.39,78.83
21.63,21.63,63.93,68.60,77.31
17.28,17.28,63.23,66.47,77.54
16.50,16.50,61.83,67.20,76.90
17.91,17.91,61.94,67.73,78.59
16.58,16.58,62.11,77.06,77.91
12.51,12.51,60.98,80.23,78.68
10.56,10.56,61.94,79.79,78.74
11.06,11.06,61.42,79.93,77.06
15.63,15.63,61.46,78.78,77.43
19.57,19.57,60.05,78.27,75.78
25.56,25.56,59.54,77.46,76.26
30.01,30.01,60.02,78.78,77.01
34.12,34.12,63.65,76.90,77.44
29.26,29.26,72.80,77.37,77.19
21.13,21.13,85.41,69.56,78.83
16.37,16.37,88.89,66.54,78.31
15.36,15.36,89.70,63.10,79.42
13.63,13.63,89.69,64.33,78.70
13.19,13.19,89.17,66.31,80.02
15.98,15.98,87.58,68.82,79.48
21.29,21.29,87.69,72.14,79.39
29.86,29.86,88.34,73.22,79.30
33.38,33.38,85.67,70.80,80.34
24.07,24.07,83.82,67.62,79.68
14.11,14.11,78.90,75.06,76.73
16.94,16.94,71.57,77.06,77.68
17.16,17.16,68.21,77.90,78.21
15.18,15.18,65.78,75.69,76.82
18.19,18.19,65.28,77.66,76.93
21.03,21.03,65.37,75.49,75.99
19.21,19.21,65.80,75.02,75.18
16.02,16.02,65.36,76.84,73.74
12.44,12.44,65.84,74.83,71.65
9.21,9.21,63.80,73.58,72.08
11.33,11.33,65.32,75.01,75.79
11.19,11.19,66.50,79.04,79.30
18.97,18.97,67.31,73.34,79.48
17.12,17.12,65.52,73.96,80.67
20.29,20.29,63.82,70.37,80.58
19.43,19.43,61.57,68.72,79.38
20.78,20.78,61.29,69.43,78.09
24.40,24.40,60.64,67.85,77.44
23.44,23.44,61.35,67.88,76.81
17.05,17.05,60.41,67.32,76.36
11.14,11.14,62.68,74.98,77.95
12.77,12.77,61.76,77.48,78.18
15.81,15.81,61.82,78.67,78.35
16.44,16.44,60.02,81.13,75.66
24.93,24.93,59.70,80.23,77.42
32.81,32.81,58.34,80.05,76.08
29.38,29.38,56.77,80.74,76.74
24.52,24.52,57.60,79.49,76.70
25.38,25.38,64.74,79.89,78.73
28.09,28.09,72.72,75.49,78.29
20.23,20.23,83.23,75.33,78.29
17.23,17.23,87.58,69.25,80.55
19.87,19.87,89.32,67.56,79.36
23.64,23.64,91.72,65.90,79.24
28.63,28.63,89.16,64.34,79.58
31.95,31.95,88.34,65.35,80.77
28.81,28.81,87.55,70.39,78.72
23.43,23.43,86.44,73.51,79.32
22.52,22.52,85.71,72.89,79.79
20.22,20.22,85.40,68.64,80.26
19.00,19.00,81.83,79.08,79.38
19.28,19.28,78.10,80.52,77.00
20.58,20.58,76.55,79.85,77.97
25.04,25.04,73.42,79.73,77.50
25.87,25.87,70.23,79.25,77.70
20.59,20.59,66.69,77.85,76.11
18.11,18.11,64.56,77.38,76.45
18.27,18.27,66.08,79.87,74.01
17.73,17.73,65.45,80.83,72.45
12.14,12.14,64.54,79.02,71.43
18.02,18.02,65.78,78.22,75.83
22.73,22.73,68.02,81.26,78.85
28.31,28.31,66.77,74.58,78.64
26.38,26.38,66.11,72.81,78.89
37.24,37.24,64.36,72.07,79.69
39.03,39.03,62.52,70.61,79.74
32.48,32.48,59.76,70.42,77.88
34.51,34.51,59.74,70.51,78.16
28.97,28.97,58.68,70.76,77.88
21.66,21.66,59.37,73.06,76.62
20.43,20.43,60.70,73.52,77.16
26.78,26.78,59.53,80.26,78.01
31.23,31.23,58.95,78.40,76.43
37.89,37.89,57.96,79.63,76.26
35.73,35.73,57.04,79.21,77.95
34.08,34.08,57.15,77.49,76.98
39.40,39.40,57.31,76.53,77.50
40.96,40.96,57.87,77.19,78.11
46.19,46.19,61.17,76.92,75.72
39.90,39.90,66.65,76.70,76.24
35.80,35.80,76.88,80.80,76.55
30.24,30.24,88.09,72.93,78.69
27.92,27.92,89.67,67.63,79.96
33.02,33.02,89.83,62.21,79.63
36.13,36.13,89.68,64.21,80.34
41.39,41.39,87.80,67.35,80.25
41.69,41.69,87.03,71.58,80.40
41.86,41.86,87.86,73.26,79.22
45.34,45.34,86.88,72.23,80.14
39.95,39.95,84.87,69.19,80.63
31.02,31.02,83.28,76.50,79.28
26.69,26.69,80.68,76.65,76.65
34.93,34.93,78.90,76.49,76.87
39.42,39.42,78.44,77.16,76.72
43.17,43.17,74.63,77.90,79.22
33.79,33.79,66.51,77.47,79.37
30.41,30.41,63.63,78.34,77.71
32.05,32.05,62.51,78.32,74.49
29.40,29.40,64.12,79.08,72.37
27.14,27.14,67.67,77.46,69.94
35.07,35.07,72.08,72.33,71.76
39.63,39.63,87.95,73.69,78.50
42.86,42.86,88.52,63.11,79.94
51.01,51.01,90.12,59.17,80.35
51.81,51.81,88.51,63.27,80.50
53.13,53.13,87.90,67.81,81.03
46.92,46.92,87.63,71.51,80.06
46.31,46.31,88.32,73.25,80.71
43.34,43.34,86.08,72.10,80.31
42.77,42.77,84.31,67.76,81.08
45.91,45.91,81.57,72.42,80.33
43.22,43.22,81.21,74.47,77.44
51.84,51.84,76.68,76.05,79.53
49.10,49.10,73.66,74.32,79.15
48.65,48.65,72.33,76.18,77.22
48.59,48.59,68.92,74.52,78.55
44.79,44.79,66.42,74.03,76.07
44.47,44.47,62.61,76.73,77.16
42.60,42.60,62.24,75.93,75.73
40.53,40.53,67.02,76.51,73.22
44.00,44.00,75.44,79.20,73.75
51.50,51.50,88.66,71.98,78.36
56.59,56.59,89.88,67.89,78.54
57.84,57.84,90.94,54.87,78.24
59.87,59.87,89.34,55.73,78.94
55.78,55.78,88.35,61.67,78.74
56.93,56.93,87.36,67.29,78.02
60.16,60.16,85.94,69.15,79.18
55.51,55.51,85.17,68.86,79.53
53.14,53.14,84.78,67.40,78.80
53.99,53.99,78.20,62.24,79.11
52.32,52.32,90.22,54.02,78.67
63.52,63.52,88.96,49.03,78.72
61.33,61.33,90.03,49.93,79.25
58.06,58.06,89.73,53.20,78.96
59.56,59.56,88.21,60.43,80.36
60.91,60.91,87.46,64.53,80.83
62.65,62.65,86.46,67.08,79.17
56.62,56.62,85.50,66.48,79.48
57.72,57.72,84.98,63.51,79.81
53.24,53.24,85.08,60.97,80.26
55.61,55.61,89.14,53.33,78.29
61.26,61.26,88.90,50.67,79.44
63.73,63.73,89.40,48.30,79.96
61.24,61.24,90.41,52.44,78.97
64.61,64.61,87.94,56.11,80.49
64.85,64.85,86.98,60.28,80.52
61.10,61.10,86.14,63.72,79.48
55.75,55.75,85.40,63.75,79.39
54.87,54.87,84.95,62.30,79.19
57.74,57.74,85.10,59.87,79.34
55.94,55.94,89.29,52.11,77.99
64.11,64.11,88.42,45.39,79.26
65.13,65.13,89.69,47.29,78.92
62.31,62.31,90.10,46.58,79.35
66.03,66.03,88.37,48.94,79.87
67.39,67.39,86.78,56.61,81.44
60.04,60.04,85.69,61.45,80.15
60.05,60.05,85.51,61.74,80.41
58.75,58.75,85.28,58.65,79.32
59.69,59.69,84.47,55.76,80.55
55.37,55.37,88.32,53.61,78.79
63.84,63.84,87.65,44.24,79.88
67.31,67.31,89.76,39.51,80.07
63.01,63.01,90.44,42.95,78.94
65.88,65.88,88.19,45.82,80.22
67.22,67.22,87.19,47.60,80.41
63.47,63.47,86.44,49.76,80.08
56.74,56.74,86.48,49.72,81.01
60.35,60.35,86.29,47.95,79.96
62.02,62.02,83.33,45.78,80.45
57.24,57.24,88.68,49.22,77.15
63.57,63.57,88.12,52.18,78.56
66.90,66.90,89.83,52.74,79.33
62.28,62.28,89.63,50.45,79.76
64.45,64.45,88.73,46.66,79.95
67.35,67.35,86.76,49.18,80.79
64.69,64.69,86.03,53.60,81.17
62.29,62.29,86.84,55.31,80.82
58.77,58.77,84.38,52.21,80.20
59.92,59.92,83.99,47.85,81.18
55.91,55.91,87.98,43.36,79.11
64.75,64.75,89.54,38.52,79.04
67.54,67.54,89.89,34.14,78.58
64.81,64.81,89.12,29.83,79.52
68.37,68.37,87.98,30.61,80.90
70.06,70.06,86.78,29.49,80.25
64.10,64.10,86.56,33.13,78.50
62.71,62.71,87.02,31.04,80.68
62.68,62.68,83.74,29.02,79.65
62.48,62.48,82.58,28.54,80.96
59.76,59.76,88.63,26.81,77.23
65.01,65.01,89.08,28.39,79.14
68.29,68.29,89.72,32.19,79.31
65.02,65.02,88.62,28.70,79.59
68.97,68.97,88.35,27.09,79.33
70.22,70.22,87.01,32.37,80.15
62.96,62.96,87.93,31.99,80.13
62.26,62.26,86.40,34.92,79.82
61.50,61.50,84.31,29.81,80.27
61.69,61.69,83.26,18.64,80.33
55.48,55.48,88.77,11.42,78.00
63.04,63.04,88.73,9.59,78.67
69.87,69.87,89.88,9.12,77.52
65.54,65.54,89.73,11.35,79.46
68.83,68.83,87.94,14.22,79.22
71.00,71.00,87.17,14.08,80.70
66.55,66.55,87.86,12.22,80.03
62.62,62.62,85.47,10.07,81.20
61.96,61.96,83.71,5.79,80.46
64.76,64.76,82.85,14.56,80.77
61.69,61.69,87.78,35.23,78.63
63.85,63.85,88.36,38.69,79.14
70.18,70.18,89.75,37.27,80.44
65.83,65.83,89.81,28.73,78.85
68.14,68.14,88.12,18.06,78.97
71.00,71.00,88.28,22.45,79.78
67.26,67.26,87.12,23.65,78.70
64.59,64.59,85.78,19.04,79.84
61.51,61.51,84.47,11.55,79.02
62.94,62.94,84.70,3.42,79.46
59.39,59.39,87.84,3.54,77.52
63.76,63.76,88.41,11.29,78.11
71.22,71.22,88.93,21.44,78.97
66.60,66.60,91.16,31.87,79.11
66.21,66.21,88.25,32.81,79.86
69.30,69.30,87.17,28.58,80.12
67.29,67.29,86.38,16.86,79.46
63.75,63.75,85.23,8.82,79.41
61.02,61.02,84.84,6.88,78.94
63.80,63.80,84.48,2.74,79.58
58.88,58.88,86.64,1.78,78.48
63.86,63.86,88.89,8.56,77.46
69.48,69.48,88.98,20.93,78.00
66.60,66.60,90.83,28.59,78.07
65.94,65.94,89.07,29.79,79.19
69.75,69.75,87.58,23.66,80.05
65.67,65.67,86.57,6.79,78.71
63.36,63.36,85.85,1.51,79.53
59.80,59.80,85.26,2.76,78.20
63.10,63.10,85.70,3.41,79.40
60.81,60.81,85.63,4.53,79.64
62.14,62.14,89.41,13.59,78.59
69.43,69.43,89.23,18.96,79.24
66.11,66.11,90.13,20.71,79.06
68.02,68.02,89.26,24.91,79.92
70.23,70.23,86.93,27.26,79.78
67.25,67.25,85.89,23.86,78.52
65.09,65.09,84.99,18.32,79.60
61.96,61.96,86.17,15.27,79.01
62.40,62.40,84.90,10.33,79.21
58.80,58.80,85.76,3.44,78.52
60.17,60.17,88.83,5.87,76.85
68.64,68.64,89.57,15.83,78.93
65.35,65.35,89.61,17.70,78.08
64.95,64.95,88.26,17.13,78.26
70.73,70.73,86.93,19.30,78.25
64.70,64.70,86.83,21.55,77.43
65.71,65.71,86.26,18.05,79.11
61.18,61.18,87.08,10.50,78.66
63.51,63.51,84.73,3.20,79.28
60.70,60.70,84.27,0.13,79.09
61.15,61.15,88.46,3.94,76.40
70.53,70.53,89.70,13.72,78.62
68.70,68.70,89.87,26.89,78.98
66.89,66.89,89.53,30.70,79.35
70.27,70.27,87.16,29.68,78.59
67.64,67.64,85.87,20.57,80.18
65.90,65.90,86.88,2.24,81.02
63.16,63.16,86.34,1.39,80.01
64.89,64.89,83.93,5.77,79.03
62.10,62.10,85.22,7.79,79.28
64.76,64.76,88.91,4.29,77.69
70.11,70.11,88.89,0.80,77.64
68.61,68.61,89.61,3.37,78.87
67.64,67.64,88.85,5.18,79.33
71.49,71.49,87.42,2.90,78.47
68.97,68.97,86.65,0.45,79.11
66.53,66.53,87.68,0.11,79.67
62.19,62.19,86.15,0.08,80.99
62.64,62.64,84.53,0.12,80.06
60.88,60.88,85.14,0.08,78.79
63.40,63.40,89.47,0.10,76.82
73.78,73.78,88.07,1.05,79.10
68.52,68.52,90.67,1.59,78.66
66.80,66.80,89.58,1.38,77.63
68.28,68.28,85.50,0.36,77.87
64.94,64.94,89.32,0.16,78.13
66.10,66.10,88.04,0.43,78.24
64.43,64.43,91.01,3.03,78.43
63.41,63.41,88.32,6.14,76.89
65.52,65.52,88.74,5.13,76.19
61.43,61.43,88.20,8.74,78.16
70.29,70.29,88.67,26.01,77.72
66.24,66.24,90.66,33.55,77.41
66.86,66.86,88.41,32.75,78.17
69.30,69.30,81.85,25.96,77.39
61.46,61.46,88.34,7.34,75.54
68.36,68.36,88.27,1.27,76.06
64.71,64.71,90.96,1.44,77.20
65.60,65.60,89.16,2.01,78.12
67.61,67.61,87.76,1.03,77.65
59.99,59.99,89.28,0.10,76.77
68.11,68.11,89.08,1.63,77.18
67.22,67.22,90.43,12.65,76.70
68.30,68.30,89.02,20.34,76.56
71.40,71.40,87.47,21.07,77.23
61.51,61.51,89.32,14.85,74.87
69.90,69.90,89.37,14.81,76.23
65.08,65.08,89.40,23.03,75.93
66.15,66.15,89.97,24.93,75.96
69.32,69.32,87.19,21.81,76.77
63.18,63.18,89.13,7.71,76.22
70.61,70.61,89.07,6.97,77.99
67.71,67.71,89.14,21.57,76.63
68.16,68.16,89.80,17.30,77.51
69.08,69.08,86.46,26.89,76.64
63.09,63.09,89.38,18.34,77.08
69.13,69.13,88.27,10.84,77.29
66.35,66.35,88.69,20.64,76.50
68.35,68.35,89.16,20.89,78.47
70.98,70.98,88.22,16.81,77.59
62.86,62.86,89.05,2.94,76.90
70.88,70.88,89.14,4.84,77.83
69.34,69.34,90.17,15.15,77.96
67.46,67.46,89.98,22.69,77.26
69.79,69.79,87.42,28.29,79.80
64.53,64.53,88.44,29.44,76.79
71.55,71.55,89.09,22.05,77.58
68.77,68.77,89.96,15.44,76.43
67.51,67.51,89.81,22.40,77.71
70.18,70.18,88.01,22.88,76.21
64.87,64.87,88.40,18.21,76.28
71.88,71.88,88.82,21.51,77.31
66.49,66.49,89.62,29.09,76.88
68.35,68.35,90.09,29.99,76.29
72.73,72.73,88.16,26.78,76.94
61.19,61.19,87.96,12.79,75.41
70.63,70.63,87.57,6.05,76.93
70.97,70.97,89.21,15.89,76.94
68.76,68.76,90.07,24.13,76.57
71.24,71.24,87.41,30.29,78.06
63.41,63.41,88.58,31.64,75.35
70.15,70.15,87.40,31.30,78.67
69.84,69.84,89.74,27.86,75.88
67.96,67.96,90.29,28.36,76.04
70.52,70.52,88.09,25.06,77.42
63.98,63.98,88.48,13.60,77.68
66.35,66.35,88.34,3.57,77.96
70.33,70.33,89.85,6.51,77.00
69.24,69.24,89.62,27.64,76.87
72.61,72.61,88.59,34.87,78.26
65.53,65.53,88.86,37.03,75.45
69.86,69.86,87.88,34.17,75.91
70.42,70.42,89.22,37.85,76.78
69.74,69.74,89.86,33.88,74.80
73.11,73.11,88.63,33.80,77.70
65.46,65.46,89.25,30.30,76.67
67.53,67.53,88.93,25.87,78.57
71.58,71.58,89.62,32.03,77.28
65.55,65.55,88.84,41.47,77.51
71.30,71.30,87.64,46.13,78.37
63.10,63.10,88.73,64.58,75.14
67.00,67.00,87.44,70.66,75.87
70.07,70.07,86.53,70.99,76.64
63.55,63.55,87.41,71.98,75.57
66.83,66.83,84.05,77.10,76.89
61.51,61.51,86.98,77.90,76.36
65.37,65.37,82.13,79.08,78.54
69.57,69.57,82.15,79.71,75.06
60.68,60.68,86.67,76.88,74.46
66.26,66.26,80.29,80.10,77.75
59.19,59.19,86.22,79.78,75.97
65.77,65.77,85.83,73.86,77.24
70.11,70.11,80.96,72.66,77.20
60.96,60.96,87.91,75.49,76.56
66.81,66.81,80.21,80.96,76.54
65.15,65.15,87.36,80.75,74.41
67.41,67.41,81.19,78.35,77.77
69.89,69.89,81.60,80.12,75.31
65.38,65.38,87.07,78.27,74.89
69.77,69.77,77.58,81.48,76.11
67.69,67.69,85.61,81.45,76.50
69.00,69.00,79.59,79.97,78.33
71.04,71.04,81.09,81.58,77.65
71.47,71.47,85.92,78.14,77.86
72.27,72.27,79.12,81.22,78.03
66.85,66.85,85.37,81.23,76.13
68.65,68.65,81.42,80.41,77.54
67.45,67.45,78.87,81.73,77.37
60.87,60.87,86.21,80.00,75.64
66.63,66.63,77.88,81.48,78.08
60.02,60.02,84.88,80.48,78.31
63.60,63.60,81.33,79.06,80.75
68.06,68.06,78.62,81.44,79.11
58.25,58.25,86.68,80.10,79.30
68.10,68.10,76.93,83.19,81.40
65.16,65.16,84.93,82.02,75.69
63.90,63.90,81.79,79.67,78.47
68.30,68.30,78.05,82.18,77.37
60.85,60.85,86.37,80.33,78.37
68.93,68.93,77.20,83.49,77.56
62.79,62.79,83.31,82.19,75.20
61.91,61.91,81.36,80.68,77.11
66.46,66.46,78.43,81.65,76.08
56.35,56.35,86.60,79.39,76.18
67.03,67.03,77.50,82.45,76.62
60.32,60.32,83.29,81.51,76.63
62.95,62.95,80.88,80.71,79.45
66.23,66.23,78.65,81.00,78.66
61.23,61.23,86.30,79.91,79.05
67.16,67.16,78.08,83.70,79.44
64.39,64.39,82.85,82.60,75.90
63.60,63.60,81.98,81.42,77.53
67.65,67.65,77.27,82.93,76.67
60.26,60.26,85.87,80.10,77.19
66.10,66.10,78.46,82.80,76.49
64.87,64.87,81.70,83.35,76.26
66.69,66.69,82.28,79.35,77.24
68.66,68.66,77.07,83.70,76.54
61.27,61.27,85.16,78.25,75.53
66.63,66.63,77.19,82.34,77.29
65.86,65.86,78.99,84.34,75.39
63.62,63.62,82.95,77.63,80.91
66.17,66.17,76.14,83.46,77.34
60.46,60.46,84.44,79.60,78.55
66.08,66.08,79.14,81.22,77.48
63.38,63.38,80.99,83.09,76.03
63.79,63.79,82.69,80.31,77.81
65.94,65.94,78.25,83.75,75.54
65.32,65.32,85.09,81.04,75.76
66.81,66.81,78.80,82.75,77.04
67.41,67.41,80.97,83.71,76.16
65.28,65.28,83.38,79.61,78.22
68.62,68.62,76.82,84.05,79.81
67.45,67.45,84.99,80.57,79.89
69.88,69.88,79.60,81.23,81.24
67.23,67.23,80.02,83.85,78.68
65.84,65.84,84.20,79.56,78.53
68.05,68.05,77.17,83.99,78.86
65.27,65.27,85.74,81.33,80.23
65.93,65.93,79.49,80.34,78.69
62.61,62.61,80.45,83.92,73.98
58.25,58.25,83.01,78.53,76.70
56.13,56.13,72.85,86.86,73.97
52.69,52.69,72.73,85.56,71.27
52.35,52.35,72.10,74.49,70.18
55.82,55.82,72.53,77.45,70.93
51.01,51.01,71.66,76.53,70.24
58.52,58.52,71.86,76.36,69.98
53.36,53.36,72.80,75.95,69.59
55.10,55.10,73.50,75.78,70.21
55.14,55.14,69.34,75.58,71.72
49.74,49.74,61.62,75.42,71.75
52.54,52.54,60.20,74.96,71.47
49.05,49.05,60.28,73.91,72.30
52.00,52.00,60.08,73.15,71.53
50.55,50.55,58.96,73.72,71.56
47.41,47.41,58.48,72.83,70.90
52.34,52.34,59.19,70.15,73.05
43.70,43.70,60.63,67.50,71.91
46.07,46.07,60.31,65.26,72.47
48.60,48.60,56.97,64.19,74.31
42.67,42.67,54.60,63.56,72.54
46.46,46.46,54.04,63.10,72.53
40.80,40.80,55.34,62.46,73.33
44.33,44.33,56.50,61.63,73.18
46.99,46.99,54.42,60.92,72.08
43.28,43.28,54.15,59.84,72.03
48.99,48.99,54.10,57.99,72.84
44.57,44.57,56.52,55.78,72.76
44.74,44.74,57.32,55.14,72.77
44.58,44.58,53.69,56.25,71.65
41.39,41.39,47.50,57.05,72.48
41.44,41.44,44.93,56.84,71.78
40.61,40.61,46.64,56.33,71.64
44.86,44.86,46.95,56.19,72.56
41.99,41.99,47.03,56.68,71.57
44.15,44.15,48.17,56.87,70.74
42.67,42.67,49.65,56.82,71.19
41.48,41.48,50.02,56.36,71.84
40.83,40.83,50.74,56.03,70.89
37.79,37.79,48.27,56.55,70.58
36.86,36.86,44.78,57.62,70.31
39.10,39.10,42.86,58.04,70.48
37.60,37.60,43.26,57.91,71.21
39.52,39.52,44.10,57.41,69.61
39.86,39.86,42.12,56.95,69.44
36.84,36.84,42.57,56.51,69.92
36.33,36.33,43.46,56.01,69.10
38.35,38.35,42.05,55.25,70.47
36.97,36.97,44.15,54.46,68.51
35.33,35.33,42.74,53.42,68.61
37.51,37.51,41.02,52.81,69.24
36.74,36.74,40.77,52.63,69.87
34.02,34.02,41.04,52.44,69.31
32.98,32.98,42.86,52.12,68.92
32.71,32.71,42.01,50.53,69.70
32.85,32.85,42.58,48.92,67.72
31.50,31.50,45.43,47.50,68.24
36.08,36.08,44.69,46.42,68.39
36.72,36.72,46.46,47.25,68.93
36.62,36.62,45.87,45.93,69.32
36.43,36.43,45.33,43.27,68.14
33.88,33.88,44.45,42.79,67.75
33.78,33.78,43.37,42.27,67.73
34.17,34.17,42.82,43.26,67.08
33.61,33.61,43.43,44.19,67.39
33.05,33.05,44.67,43.07,68.50
33.25,33.25,45.43,40.26,67.92
36.60,36.60,46.09,41.58,66.38
35.77,35.77,46.81,42.68,67.52
36.20,36.20,48.13,44.19,65.26
35.78,35.78,48.01,45.05,66.05
36.17,36.17,48.95,44.68,65.63
35.79,35.79,50.69,44.35,64.92
35.85,35.85,51.83,44.42,64.44
36.38,36.38,52.25,44.17,63.60
35.74,35.74,53.10,44.17,63.35
36.19,36.19,52.88,42.98,64.20
33.88,33.88,53.04,42.56,63.34
26.98,26.98,55.77,42.16,62.80
13.38,13.38,58.98,41.50,61.17
16.08,16.08,75.95,41.39,61.22
12.29,12.29,73.61,33.72,66.80
18.01,18.01,72.53,30.27,72.86
15.40,15.40,71.05,30.97,69.52
16.17,16.17,68.98,28.75,61.56
16.45,16.45,77.36,30.57,57.98
19.12,19.12,77.44,36.15,51.65
24.68,24.68,77.42,30.60,51.14
27.17,27.17,76.18,34.51,50.47
29.65,29.65,73.83,32.41,53.14
25.30,25.30,70.57,29.98,53.10
21.28,21.28,69.57,28.50,55.64
22.24,22.24,69.20,26.49,57.59
21.46,21.46,69.23,26.91,58.24
24.76,24.76,61.22,32.44,57.96
28.67,28.67,76.26,43.41,56.80
28.18,28.18,77.04,47.04,56.86
34.10,34.10,74.95,45.72,60.19
42.64,42.64,76.61,49.67,61.25
50.64,50.64,77.74,50.84,60.07
59.42,59.42,77.33,47.61,66.50
69.03,69.03,76.74,39.50,70.34
70.82,70.82,74.45,31.01,72.78
68.52,68.52,73.47,32.37,72.86
69.74,69.74,70.69,36.29,73.93
69.98,69.98,64.34,33.96,76.06
65.69,65.69,59.75,34.85,71.65
65.99,65.99,58.90,28.47,72.84
67.79,67.79,60.18,26.69,72.09
70.54,70.54,62.07,26.02,69.51
70.95,70.95,73.21,25.24,71.79
73.22,73.22,77.26,27.20,72.39
72.01,72.01,75.47,29.37,71.80
70.10,70.10,74.14,23.62,70.25
68.04,68.04,71.93,27.98,69.78
67.73,67.73,67.73,27.18,70.89
68.27,68.27,65.56,25.02,69.69
71.76,71.76,65.67,27.77,70.40
73.48,73.48,64.88,22.07,68.96
74.41,74.41,61.02,19.10,65.95
73.17,73.17,73.63,19.43,67.95
68.76,68.76,76.50,23.98,72.46
70.31,70.31,74.69,20.53,71.20
72.07,72.07,73.11,24.01,70.69
69.13,69.13,71.34,27.23,69.69
68.83,68.83,65.41,33.22,71.25
68.56,68.56,60.56,24.54,73.28
68.76,68.76,58.24,22.89,73.83
68.85,68.85,58.80,21.38,72.15
69.93,69.93,59.60,23.81,69.37
69.82,69.82,67.85,36.09,70.18
73.35,73.35,72.67,33.15,72.02
73.57,73.57,68.95,30.93,72.79
72.82,72.82,66.90,24.73,71.50
72.59,72.59,64.29,25.29,70.13
73.98,73.98,61.98,30.76,69.84
74.63,74.63,62.84,26.00,70.72
73.90,73.90,61.85,25.89,70.52
69.72,69.72,61.46,24.89,68.00
65.29,65.29,62.82,35.47,64.23
66.32,66.32,70.36,42.29,66.13
64.65,64.65,76.64,46.22,66.00
61.92,61.92,76.46,51.80,68.51
58.83,58.83,76.59,55.91,68.92
59.69,59.69,75.68,57.06,68.61
59.85,59.85,75.18,58.04,67.47
62.14,62.14,76.23,57.81,70.18
60.57,60.57,75.72,57.49,68.90
57.97,57.97,74.62,57.91,69.07
55.92,55.92,74.51,57.45,70.59
60.99,60.99,73.34,57.62,68.75
59.78,59.78,73.93,57.20,69.79
60.27,60.27,73.20,57.32,69.69
57.07,57.07,73.28,57.11,71.88
55.14,55.14,71.44,56.22,71.35
52.13,52.13,70.49,55.87,70.54
51.58,51.58,71.83,53.10,75.92
53.49,53.49,71.09,49.09,71.95
48.73,48.73,71.44,39.22,71.25
47.67,47.67,71.58,24.07,67.23
48.31,48.31,81.03,22.63,66.55
50.99,50.99,89.30,17.17,73.91
50.11,50.11,90.59,25.68,74.05
49.99,49.99,90.42,22.93,74.60
51.40,51.40,89.71,18.30,74.44
49.20,49.20,87.76,28.83,73.86
53.71,53.71,86.31,41.09,75.72
53.90,53.90,85.77,52.61,76.63
49.49,49.49,85.94,58.85,77.36
49.43,49.43,86.04,64.36,75.50
47.84,47.84,82.52,73.77,75.55
42.23,42.23,81.64,79.11,75.54
42.55,42.55,79.39,78.43,77.10
45.60,45.60,76.26,77.94,77.71
48.07,48.07,73.19,78.53,75.75
36.66,36.66,70.61,78.67,77.30
37.27,37.27,69.64,79.84,74.12
41.65,41.65,67.43,77.62,74.67
45.62,45.62,68.88,77.70,72.78
40.52,40.52,71.95,76.06,70.00
42.78,42.78,79.47,70.88,71.75
36.71,36.71,89.49,65.21,76.28
38.62,38.62,89.28,59.14,76.72
33.32,33.32,89.81,56.40,77.82
41.24,41.24,88.96,59.45,78.29
43.31,43.31,86.42,63.75,77.48
32.74,32.74,85.48,67.32,77.45
31.90,31.90,85.35,70.29,76.25
33.63,33.63,86.02,69.48,75.77
31.00,31.00,83.44,69.32,75.23
37.14,37.14,81.35,72.08,76.27
35.35,35.35,82.09,76.18,76.00
33.82,33.82,78.87,77.80,76.56
38.20,38.20,75.84,77.32,77.14
34.60,34.60,72.61,77.21,75.98
39.52,39.52,70.04,78.16,75.27
48.77,48.77,66.19,78.29,75.85
57.86,57.86,66.48,78.66,76.24
67.47,67.47,67.84,78.78,77.85
65.59,65.59,70.06,76.64,75.82
62.36,62.36,79.52,75.38,76.41
61.68,61.68,89.14,66.71,75.71
59.82,59.82,89.71,62.99,76.57
55.50,55.50,91.62,58.09,75.16
54.09,54.09,89.54,61.88,75.37
56.19,56.19,88.33,64.59,75.87
48.03,48.03,88.41,67.84,76.04
40.52,40.52,87.47,67.80,74.64
39.39,39.39,85.41,68.45,75.11
33.05,33.05,84.25,69.55,76.20
35.78,35.78,84.03,72.49,73.98
45.05,45.05,83.97,77.01,77.21
51.90,51.90,83.84,75.58,78.03
60.55,60.55,79.54,75.69,78.73
59.45,59.45,74.25,77.82,78.50
50.23,50.23,69.48,78.22,77.53
52.75,52.75,66.50,77.00,76.59
49.59,49.59,66.15,76.77,76.13
50.47,50.47,69.29,76.90,76.62
49.67,49.67,71.96,75.94,76.16
52.08,52.08,75.21,66.97,76.33
52.27,52.27,89.20,63.21,75.71
50.48,50.48,88.98,61.02,76.47
56.47,56.47,90.25,55.53,75.92
54.55,54.55,89.02,55.72,77.19
51.62,51.62,88.35,60.73,77.36
55.37,55.37,89.12,61.39,76.24
49.86,49.86,87.07,62.01,74.96
42.89,42.89,85.86,62.96,74.68
42.27,42.27,84.62,66.71,71.47
40.41,40.41,84.66,69.31,72.80
44.48,44.48,78.74,73.32,77.97
49.69,49.69,73.37,74.78,77.28
50.81,50.81,71.16,72.60,77.82
41.79,41.79,69.14,75.34,77.94
44.61,44.61,65.56,76.42,77.51
43.47,43.47,63.47,77.11,78.62
46.52,46.52,61.23,77.87,79.22
38.94,38.94,66.61,78.54,77.32
38.03,38.03,67.67,77.09,76.51
37.49,37.49,76.97,71.89,75.77
40.35,40.35,88.55,70.90,76.43
39.40,39.40,88.65,66.38,76.94
36.74,36.74,90.95,58.95,76.82
35.10,35.10,91.21,58.75,77.62
35.92,35.92,88.01,62.50,76.90
37.44,37.44,86.21,65.45,78.13
35.13,35.13,84.90,62.23,78.25
35.03,35.03,84.48,63.60,78.73
39.93,39.93,85.13,68.06,78.01
36.75,36.75,83.60,70.84,76.05
39.80,39.80,82.71,78.83,77.30
37.65,37.65,79.63,77.86,77.96
43.93,43.93,72.90,80.65,79.36
40.16,40.16,66.84,81.27,79.32
43.00,43.00,67.47,77.86,76.77
40.39,40.39,67.98,78.74,77.21
36.72,36.72,65.19,77.80,74.89
35.93,35.93,67.53,77.33,73.54
29.02,29.02,63.72,76.84,71.36
30.95,30.95,71.89,74.80,68.68
37.40,37.40,86.75,66.90,76.46
38.31,38.31,87.36,63.32,78.65
31.89,31.89,90.26,54.24,77.70
40.43,40.43,90.59,49.21,78.94
39.63,39.63,88.31,50.64,79.75
41.43,41.43,86.52,46.60,78.43
39.98,39.98,87.56,44.20,78.47
35.19,35.19,87.14,48.69,77.73
34.24,34.24,87.02,57.70,76.83
35.87,35.87,82.61,63.48,76.26
33.78,33.78,82.32,75.28,79.02
30.61,30.61,83.81,79.31,78.14
34.64,34.64,82.32,79.73,77.62
34.56,34.56,78.53,77.71,76.41
28.13,28.13,72.50,79.78,77.07
26.51,26.51,60.70,78.16,77.47
29.62,29.62,62.22,79.05,77.06
31.16,31.16,68.36,80.66,77.60
32.67,32.67,68.28,80.25,77.42
31.61,31.61,75.78,75.93,77.30
23.54,23.54,86.19,66.45,76.31
21.53,21.53,88.25,59.78,76.76
22.17,22.17,90.96,53.04,77.95
27.23,27.23,88.61,53.66,77.22
35.62,35.62,87.65,55.68,77.92
35.94,35.94,86.29,60.17,76.19
32.65,32.65,86.99,64.72,77.89
30.30,30.30,86.41,67.23,75.66
29.60,29.60,85.61,70.31,75.05
23.70,23.70,84.46,66.44,76.04
26.27,26.27,78.21,77.97,77.75
26.71,26.71,73.51,79.05,77.95
26.74,26.74,74.86,79.62,78.63
27.44,27.44,76.18,79.26,78.09
23.04,23.04,74.76,78.83,78.72
26.62,26.62,71.53,78.79,77.99
30.56,30.56,66.40,79.18,78.30
30.80,30.80,66.55,77.93,77.57
28.55,28.55,66.04,77.76,76.32
23.99,23.99,71.72,78.45,76.76
15.25,15.25,84.89,74.45,75.41
14.46,14.46,88.21,66.80,74.64
25.88,25.88,89.97,57.30,78.81
18.40,18.40,90.02,52.67,77.89
23.63,23.63,89.19,48.34,79.07
24.51,24.51,88.18,59.31,76.98
27.49,27.49,87.40,62.39,77.68
26.11,26.11,84.41,60.82,75.51
19.65,19.65,82.77,60.70,74.69
18.92,18.92,83.58,65.83,73.10
14.73,14.73,84.01,74.91,75.29
21.55,21.55,82.59,78.37,78.85
19.18,19.18,74.42,80.78,78.47
27.55,27.55,66.30,79.44,80.07
26.37,26.37,69.95,80.09,78.83
19.60,19.60,70.21,80.83,78.05
22.79,22.79,67.79,80.59,77.35
23.42,23.42,65.29,80.37,77.22
22.94,22.94,63.39,79.41,80.60
19.16,19.16,73.43,76.47,80.20
13.38,13.38,82.35,67.96,78.48
7.84,7.84,88.98,56.39,76.38
12.91,12.91,89.78,44.01,76.95
16.41,16.41,92.64,38.84,77.56
18.76,18.76,89.78,40.59,77.23
19.41,19.41,88.49,45.13,75.59
20.11,20.11,87.80,48.32,76.13
20.80,20.80,86.72,49.16,76.95
17.99,17.99,85.32,61.38,77.99
15.38,15.38,84.03,66.03,77.42
12.06,12.06,82.22,71.16,76.37
22.05,22.05,80.85,79.25,77.91
23.67,23.67,78.15,77.49,77.35
24.02,24.02,73.60,79.45,77.13
24.37,24.37,67.98,79.16,77.53
21.95,21.95,65.93,78.28,79.66
21.58,21.58,62.23,77.45,77.97
21.54,21.54,60.82,79.61,75.60
19.69,19.69,62.48,79.32,72.46
18.63,18.63,71.02,78.23,72.58
15.19,15.19,78.82,73.84,73.70
13.33,13.33,88.10,63.17,76.05
21.18,21.18,89.85,54.45,77.01
22.80,22.80,89.64,51.21,78.95
21.25,21.25,89.89,46.01,79.28
20.46,20.46,89.01,46.57,78.18
24.07,24.07,87.18,51.48,77.48
25.11,25.11,87.27,56.87,78.51
25.22,25.22,87.59,64.78,77.26
22.49,22.49,86.44,60.70,77.35
17.32,17.32,84.18,71.43,77.57
25.42,25.42,82.69,76.29,79.07
19.02,19.02,81.46,75.30,77.27
24.32,24.32,81.75,76.31,77.68
21.10,21.10,78.75,74.80,77.08
13.60,13.60,74.96,79.03,75.70
16.82,16.82,70.04,77.35,76.78
16.33,16.33,65.31,80.39,76.92
13.00,13.00,64.65,76.66,76.36
17.42,17.42,70.56,72.93,78.23
17.42,17.42,81.19,73.76,76.95
15.27,15.27,89.26,62.26,77.19
17.77,17.77,90.20,54.64,75.75
16.67,16.67,90.91,57.26,77.59
17.50,17.50,89.12,45.87,76.99
18.36,18.36,86.59,53.66,76.42
17.99,17.99,84.68,62.18,76.75
18.38,18.38,85.41,67.39,78.93
18.66,18.66,86.49,69.13,77.22
16.00,16.00,83.92,66.52,75.82
13.34,13.34,81.32,67.62,76.83
20.68,20.68,77.24,77.35,79.19
18.26,18.26,70.53,74.92,79.22
16.26,16.26,69.30,76.41,78.80
18.60,18.60,67.25,74.90,78.43
18.74,18.74,64.87,78.42,78.14
16.78,16.78,62.89,77.60,76.80
15.64,15.64,62.14,76.90,77.92
12.91,12.91,64.88,79.82,77.50
15.40,15.40,72.33,75.55,78.26
13.87,13.87,76.16,68.72,77.93
15.39,15.39,89.28,62.83,78.40
20.88,20.88,88.08,56.68,77.89
18.54,18.54,89.87,55.25,77.04
22.50,22.50,90.14,55.56,78.50
20.55,20.55,88.97,54.64,79.75
17.77,17.77,88.93,62.76,76.56
18.08,18.08,87.46,66.01,74.88
16.78,16.78,85.04,69.41,73.87
11.47,11.47,83.47,69.51,71.95
12.46,12.46,83.27,65.66,74.13
21.79,21.79,84.74,79.68,78.96
24.11,24.11,82.09,76.53,78.48
22.42,22.42,79.37,75.95,79.33
15.47,15.47,77.26,77.76,79.14
19.50,19.50,75.24,78.54,78.01
16.99,16.99,67.88,76.46,77.20
17.44,17.44,62.86,80.79,76.64
18.42,18.42,63.21,80.16,78.54
14.60,14.60,67.68,78.60,76.70
10.75,10.75,77.04,72.68,76.50
13.83,13.83,88.99,63.28,76.50
18.31,18.31,90.09,54.52,75.78
19.44,19.44,91.50,50.54,77.31
22.08,22.08,88.73,52.45,77.02
23.90,23.90,87.90,57.98,78.39
23.57,23.57,88.30,64.34,76.98
22.43,22.43,86.67,67.10,78.30
20.01,20.01,85.41,66.80,77.55
16.57,16.57,84.97,69.62,75.78
18.28,18.28,83.50,70.02,75.11
21.90,21.90,77.37,80.08,77.91
20.62,20.62,72.98,80.70,78.41
23.79,23.79,69.11,80.28,78.00
29.02,29.02,65.24,76.63,77.63
31.51,31.51,63.70,76.69,78.62
31.08,31.08,65.07,76.78,76.93
26.85,26.85,63.41,76.84,75.92
20.10,20.10,63.57,79.73,76.09
8.97,8.97,69.64,78.04,72.40
6.73,6.73,75.26,73.22,71.85
14.72,14.72,88.77,71.33,75.70
14.51,14.51,89.48,60.74,77.48
16.93,16.93,90.60,53.80,77.91
22.18,22.18,89.87,47.13,79.03
20.29,20.29,86.98,44.95,77.99
21.57,21.57,85.81,54.44,77.88
20.14,20.14,84.44,58.89,77.39
20.02,20.02,83.86,61.70,77.73
20.21,20.21,84.33,61.73,77.95
18.80,18.80,82.88,66.38,75.73
19.03,19.03,81.94,75.02,78.84
19.34,19.34,82.23,75.67,76.87
19.69,19.69,81.39,75.42,77.46
17.01,17.01,78.60,75.00,76.68
20.88,20.88,75.61,76.30,76.21
20.33,20.33,72.33,77.19,77.22
19.83,19.83,68.01,78.15,77.84
17.31,17.31,62.06,78.03,78.64
22.49,22.49,65.16,75.85,77.49
18.67,18.67,75.18,73.99,77.69
19.52,19.52,88.21,65.83,75.99
15.14,15.14,88.95,59.37,77.30
18.91,18.91,90.63,49.07,76.74
17.75,17.75,91.46,45.68,77.70
21.25,21.25,89.15,48.55,78.31
23.95,23.95,88.05,57.77,77.95
23.76,23.76,87.18,64.15,76.16
25.47,25.47,87.80,67.95,75.25
22.94,22.94,86.37,65.79,75.32
20.06,20.06,84.41,67.75,74.26
18.74,18.74,81.96,78.90,78.07
23.45,23.45,79.05,78.29,79.52
18.38,18.38,77.48,78.80,79.77
18.40,18.40,75.30,79.33,77.58
22.22,22.22,70.80,77.35,77.39
21.37,21.37,64.36,75.62,76.24
21.69,21.69,61.70,74.80,76.41
19.85,19.85,63.23,77.26,76.44
21.83,21.83,65.77,76.46,76.73
17.41,17.41,73.04,73.53,77.19
16.09,16.09,86.15,70.59,77.51
19.13,19.13,89.09,61.92,76.99
20.70,20.70,91.07,53.44,77.32
15.06,15.06,88.81,55.00,77.92
16.95,16.95,88.12,61.20,78.25
15.20,15.20,86.47,64.29,76.27
18.27,18.27,86.29,67.12,77.23
14.48,14.48,86.77,66.84,77.06
14.67,14.67,84.06,67.95,72.84
14.58,14.58,82.50,65.59,71.92
16.68,16.68,82.59,73.50,76.00
21.06,21.06,81.42,76.89,79.98
21.50,21.50,77.88,77.70,78.49
16.27,16.27,76.20,77.70,79.49
20.24,20.24,75.80,79.12,78.66
12.46,12.46,75.20,76.81,77.88
20.36,20.36,71.80,77.81,78.39
16.14,16.14,67.66,77.11,77.15
17.02,17.02,66.19,77.49,77.25
13.73,13.73,73.64,72.87,77.34
11.64,11.64,84.29,66.96,76.27
17.27,17.27,90.02,62.14,75.02
14.22,14.22,90.78,58.26,75.67
18.11,18.11,91.91,54.26,76.40
24.13,24.13,89.13,60.25,76.89
27.17,27.17,88.55,62.52,77.25
23.06,23.06,86.80,67.26,77.38
20.58,20.58,85.47,68.40,76.06
14.60,14.60,84.37,67.96,76.53
16.23,16.23,84.29,71.19,75.38
18.35,18.35,84.13,74.92,75.28
23.70,23.70,84.56,74.17,78.45
22.15,22.15,80.97,75.30,76.75
18.45,18.45,78.09,72.96,76.83
14.65,14.65,75.69,73.63,76.02
13.24,13.24,71.79,74.54,75.06
11.66,11.66,68.00,74.71,74.59
9.88,9.88,60.91,77.96,72.29
6.65,6.65,65.90,75.15,70.10
7.80,7.80,72.94,72.60,70.68
13.62,13.62,81.17,59.92,73.64
14.41,14.41,89.20,60.68,78.71
16.32,16.32,89.26,58.00,77.08
14.54,14.54,90.83,52.65,78.91
15.47,15.47,89.24,60.68,78.95
19.53,19.53,88.25,66.58,77.85
20.90,20.90,86.70,68.46,78.01
19.36,19.36,85.77,69.14,77.52
19.51,19.51,85.08,71.49,75.52
18.62,18.62,84.88,69.73,75.56
21.83,21.83,82.88,70.51,78.34
21.70,21.70,75.77,73.60,78.17
15.76,15.76,73.09,73.88,78.22
18.63,18.63,71.62,76.95,75.84
13.39,13.39,70.67,76.79,76.17
16.91,16.91,69.66,77.02,76.15
18.05,18.05,66.20,78.28,74.33
20.27,20.27,65.89,76.29,77.35
20.34,20.34,63.45,74.03,78.21
15.99,15.99,70.09,73.05,79.09
18.73,18.73,83.17,74.36,77.40
23.15,23.15,88.69,65.08,76.95
20.13,20.13,89.87,53.81,76.01
19.61,19.61,90.55,53.12,76.75
18.90,18.90,89.79,57.26,77.01
23.10,23.10,86.57,60.89,77.02
17.85,17.85,85.50,64.91,76.97
18.77,18.77,84.84,67.89,77.19
19.68,19.68,85.98,66.89,74.77
17.46,17.46,84.08,67.68,74.85
10.78,10.78,83.21,68.33,75.82
19.98,19.98,84.12,77.93,78.95
18.41,18.41,83.00,78.64,78.16
19.42,19.42,82.55,78.21,77.59
23.58,23.58,78.91,77.96,78.20
23.05,23.05,75.14,78.16,78.56
23.25,23.25,70.81,77.36,76.68
22.69,22.69,65.72,75.93,76.01
20.65,20.65,65.96,75.26,77.83
15.58,15.58,70.83,74.67,77.50
18.15,18.15,77.02,69.47,77.06
14.81,14.81,89.18,64.63,76.50
18.75,18.75,89.03,58.82,76.90
17.29,17.29,90.18,55.87,76.34
21.11,21.11,90.39,51.43,77.54
19.84,19.84,88.60,54.72,77.65
20.78,20.78,87.42,52.49,78.55
27.12,27.12,87.57,57.44,74.76
27.04,27.04,87.91,60.04,74.18
26.23,26.23,85.07,63.12,71.67
23.60,23.60,81.37,73.55,72.53
25.90,25.90,75.65,76.86,78.01
37.24,37.24,71.10,77.67,78.73
29.75,29.75,69.03,75.14,78.03
34.15,34.15,66.02,73.66,78.46
24.63,24.63,63.59,75.77,77.06
18.85,18.85,63.06,77.23,78.18
17.15,17.15,62.70,77.09,75.91
16.49,16.49,65.91,79.31,77.47
10.78,10.78,68.94,77.95,77.05
12.93,12.93,77.39,75.69,77.53
12.18,12.18,88.58,67.99,77.94
16.32,16.32,88.92,66.26,77.28
18.44,18.44,91.75,59.33,77.90
22.15,22.15,87.97,57.67,77.65
21.68,21.68,86.34,57.98,77.00
23.59,23.59,85.78,60.44,77.26
25.57,25.57,85.68,65.34,78.44
22.92,22.92,83.65,64.90,77.68
15.67,15.67,82.20,69.55,77.14
15.44,15.44,82.43,72.45,76.13
18.48,18.48,84.85,76.94,79.09
22.03,22.03,83.50,78.44,78.14
22.75,22.75,78.11,77.18,76.67
19.52,19.52,69.69,76.44,78.55
19.40,19.40,65.75,75.70,76.79
18.78,18.78,65.52,76.95,77.51
26.48,26.48,65.07,78.00,74.65
22.28,22.28,63.93,78.18,73.09
11.69,11.69,64.70,74.08,71.34
8.56,8.56,74.57,73.97,70.87
14.15,14.15,88.96,67.70,76.40
10.85,10.85,88.44,64.20,78.47
19.73,19.73,89.68,50.57,77.71
18.35,18.35,89.18,42.94,78.70
24.37,24.37,87.87,52.20,79.59
26.79,26.79,87.03,60.96,78.80
27.78,27.78,86.57,65.13,78.58
28.08,28.08,86.85,64.38,76.94
23.84,23.84,85.37,61.72,76.84
20.61,20.61,84.61,68.27,77.56
20.19,20.19,79.95,75.10,79.05
22.69,22.69,79.35,78.79,78.29
20.19,20.19,79.47,79.42,77.86
22.39,22.39,77.43,78.82,77.42
21.67,21.67,74.41,78.42,76.53
20.28,20.28,68.11,78.38,76.79
20.73,20.73,59.35,79.70,77.41
17.73,17.73,66.71,77.76,77.42
16.97,16.97,66.27,77.73,80.01
12.30,12.30,76.27,74.76,78.75
18.43,18.43,88.44,69.91,77.46
19.93,19.93,89.25,57.75,77.67
23.69,23.69,90.02,53.48,76.42
25.96,25.96,90.96,56.10,76.68
26.61,26.61,88.22,60.91,78.29
25.77,25.77,86.38,60.28,77.51
25.79,25.79,84.54,58.32,76.67
23.75,23.75,84.54,60.89,76.24
23.14,23.14,86.23,64.82,75.23
18.74,18.74,84.46,70.42,75.46
20.13,20.13,79.91,78.37,78.37
25.20,25.20,73.25,79.62,77.34
25.53,25.53,74.13,79.67,79.51
29.95,29.95,75.18,80.72,77.21
28.76,28.76,73.52,80.63,79.02
26.34,26.34,69.72,79.09,78.60
23.38,23.38,66.01,78.70,76.74
28.10,28.10,66.23,79.09,76.41
24.16,24.16,67.71,78.51,76.82
18.23,18.23,74.26,76.52,78.86
15.88,15.88,88.07,73.62,75.38
14.45,14.45,87.09,64.61,77.22
17.64,17.64,89.43,59.37,76.99
17.05,17.05,92.16,60.79,76.60
17.89,17.89,89.41,61.75,77.90
21.21,21.21,88.16,62.14,77.35
19.67,19.67,86.81,64.40,75.81
19.98,19.98,85.52,65.22,73.86
20.97,20.97,85.02,71.00,72.17
19.95,19.95,82.47,69.42,72.20
17.98,17.98,83.47,79.11,76.64
20.31,20.31,82.77,75.59,79.07
23.95,23.95,78.56,78.16,80.09
26.83,26.83,70.60,78.47,79.45
22.91,22.91,64.96,79.45,79.98
24.56,24.56,67.39,80.29,78.83
23.16,23.16,66.48,80.39,78.18
19.04,19.04,64.35,81.32,76.79
17.11,17.11,64.33,80.24,77.07
17.08,17.08,75.98,76.71,76.56
18.65,18.65,86.74,65.52,77.23
15.58,15.58,88.60,63.73,78.30
13.66,13.66,90.99,61.08,78.34
14.79,14.79,89.96,58.31,76.31
14.38,14.38,88.41,59.60,78.01
20.62,20.62,87.47,63.86,77.67
23.97,23.97,88.50,60.24,77.37
27.37,27.37,87.76,59.21,78.28
32.87,32.87,85.84,61.60,78.25
32.30,32.30,82.59,67.81,76.69
28.20,28.20,82.87,71.11,77.84
20.04,20.04,82.26,77.70,78.49
30.46,30.46,80.72,78.10,78.90
34.67,34.67,77.92,77.93,80.30
33.11,33.11,73.69,79.23,79.21
33.03,33.03,68.10,78.75,76.58
28.43,28.43,63.51,79.32,76.87
22.54,22.54,67.14,79.40,75.19
17.72,17.72,63.76,79.61,71.95
9.85,9.85,70.93,76.62,71.08
11.56,11.56,85.91,71.27,73.67
15.23,15.23,88.83,62.58,77.15
12.80,12.80,89.78,54.83,77.41
17.67,17.67,90.22,50.72,78.16
24.11,24.11,87.58,58.52,78.44
26.35,26.35,87.66,60.22,77.73
27.15,27.15,86.07,56.50,77.91
25.69,25.69,84.35,61.98,78.91
22.19,22.19,84.98,64.36,78.40
20.20,20.20,84.27,68.99,79.62
19.15,19.15,79.71,78.38,78.49
26.13,26.13,73.29,80.24,79.71
22.95,22.95,72.33,79.32,78.09
22.10,22.10,75.73,78.80,76.18
18.85,18.85,75.50,79.62,77.04
20.60,20.60,71.60,80.77,77.95
23.27,23.27,65.98,81.23,77.75
20.99,20.99,63.62,80.12,77.12
25.65,25.65,66.20,80.13,77.99
24.25,24.25,70.18,79.83,77.25
21.64,21.64,81.91,76.61,77.03
20.56,20.56,89.27,70.29,77.29
19.63,19.63,88.01,64.17,78.58
22.28,22.28,91.74,55.04,78.41
23.60,23.60,90.19,57.14,78.16
24.92,24.92,88.56,61.97,78.41
26.82,26.82,86.97,60.57,78.60
26.60,26.60,84.36,60.14,79.12
26.50,26.50,82.95,59.73,76.59
24.13,24.13,84.87,61.58,75.89
22.44,22.44,83.84,75.01,77.40
23.40,23.40,82.46,78.48,78.75
24.53,24.53,77.30,80.86,76.86
27.64,27.64,67.77,79.36,78.14
24.44,24.44,66.51,77.63,79.51
24.52,24.52,69.10,78.83,79.41
23.97,23.97,69.72,79.70,79.17
24.14,24.14,66.13,79.54,78.05
23.39,23.39,64.92,79.51,76.89
28.88,28.88,71.26,76.28,79.14
28.25,28.25,80.12,70.88,75.44
20.18,20.18,88.87,64.11,77.64
17.70,17.70,90.25,56.76,76.85
20.97,20.97,90.69,46.32,77.36
21.96,21.96,89.84,53.27,77.30
22.64,22.64,88.11,53.94,78.62
21.19,21.19,87.50,53.79,76.73
21.73,21.73,86.91,53.57,76.63
21.42,21.42,86.54,53.02,73.17
18.94,18.94,85.44,63.40,74.40
19.75,19.75,81.31,70.40,73.91
23.74,23.74,82.15,78.66,79.35
17.50,17.50,81.69,78.37,79.58
18.25,18.25,79.12,79.59,78.66
24.13,24.13,74.82,79.77,80.70
23.97,23.97,66.45,77.80,79.21
19.45,19.45,63.55,78.30,78.31
17.84,17.84,64.80,78.83,77.81
17.51,17.51,64.84,78.18,75.94
18.47,18.47,69.91,77.95,77.79
15.28,15.28,80.87,75.88,77.57
6.64,6.64,89.37,68.56,77.99
14.14,14.14,89.46,59.05,77.65
19.47,19.47,89.89,56.93,78.16
16.37,16.37,89.31,58.58,77.97
17.48,17.48,86.65,56.62,77.45
17.57,17.57,85.64,56.17,78.62
17.16,17.16,87.13,58.98,77.46
16.26,16.26,86.58,62.07,78.09
15.89,15.89,85.17,67.45,78.64
16.81,16.81,81.21,73.88,77.78
22.89,22.89,78.87,77.56,78.89
23.19,23.19,80.31,77.08,79.23
30.26,30.26,78.77,76.31,79.03
32.51,32.51,72.62,76.65,78.13
27.03,27.03,70.76,80.29,79.08
24.76,24.76,70.82,80.38,78.64
23.03,23.03,64.33,80.15,76.94
15.73,15.73,62.80,79.41,74.67
8.65,8.65,66.78,76.14,73.72
11.22,11.22,79.58,76.17,73.65
20.73,20.73,89.96,68.15,76.36
22.96,22.96,87.71,66.51,78.09
22.50,22.50,91.11,60.69,78.35
28.03,28.03,88.95,56.54,79.35
25.77,25.77,88.41,57.27,80.00
24.50,24.50,87.75,55.35,78.13
28.35,28.35,86.79,55.57,78.20
29.36,29.36,84.88,62.40,78.03
26.24,26.24,84.76,64.48,78.39
27.20,27.20,83.93,68.33,78.58
25.32,25.32,84.01,76.88,79.12
27.26,27.26,80.53,79.29,78.67
31.10,31.10,76.09,80.39,77.05
31.82,31.82,71.73,80.74,78.77
33.39,33.39,73.74,81.58,77.47
34.23,34.23,71.16,79.92,77.87
33.54,33.54,63.61,80.01,78.55
31.15,31.15,66.14,80.36,78.74
28.49,28.49,68.97,80.05,79.18
29.66,29.66,76.39,75.12,77.44
22.69,22.69,89.52,64.80,77.67
23.45,23.45,89.03,56.07,78.84
31.16,31.16,90.58,55.17,78.70
28.46,28.46,90.44,56.44,79.16
28.33,28.33,88.48,53.50,80.69
27.75,27.75,87.64,55.50,78.81
27.99,27.99,85.35,61.19,77.97
32.44,32.44,86.01,61.95,78.65
27.36,27.36,84.57,63.82,78.34
29.48,29.48,84.63,68.45,76.49
27.60,27.60,83.04,78.11,79.12
27.65,27.65,78.56,77.77,79.30
26.63,26.63,74.69,79.25,79.11
26.27,26.27,76.19,80.66,78.09
28.39,28.39,74.64,79.80,77.62
29.61,29.61,69.12,79.43,78.74
30.30,30.30,64.61,77.18,78.18
29.17,29.17,65.77,79.50,78.74
22.87,22.87,67.24,78.44,78.95
24.08,24.08,73.69,77.29,77.30
20.89,20.89,88.58,71.86,77.41
20.56,20.56,88.97,62.64,77.78
23.59,23.59,89.04,49.75,78.76
25.97,25.97,90.62,45.71,77.91
32.42,32.42,87.26,53.25,79.83
34.92,34.92,85.73,55.17,77.83
32.83,32.83,86.30,55.30,76.38
31.70,31.70,86.37,55.66,74.91
27.40,27.40,85.38,60.70,72.86
19.40,19.40,83.21,69.69,73.03
21.97,21.97,80.10,79.13,79.21
22.05,22.05,75.80,78.13,78.92
24.05,24.05,77.43,79.99,80.21
25.29,25.29,77.02,79.60,78.78
26.41,26.41,71.65,78.98,79.82
22.90,22.90,65.72,76.78,79.16
22.89,22.89,64.82,79.33,78.12
26.23,26.23,63.89,80.43,79.32
27.76,27.76,66.73,80.45,79.32
22.33,22.33,72.65,79.15,78.77
24.33,24.33,88.15,74.58,77.29
18.70,18.70,88.81,64.73,76.49
15.21,15.21,89.81,51.68,77.94
17.26,17.26,90.17,51.56,77.60
17.21,17.21,88.00,55.14,78.41
18.50,18.50,86.98,56.51,76.39
18.03,18.03,87.49,62.07,78.10
19.10,19.10,86.07,70.11,77.21
13.46,13.46,84.77,74.14,77.76
15.89,15.89,83.20,75.64,76.91
21.67,21.67,79.95,77.78,78.44
19.48,19.48,77.05,81.95,79.46
22.25,22.25,73.48,81.09,77.48
20.98,20.98,68.48,81.09,80.39
20.32,20.32,66.23,80.26,81.52
19.04,19.04,65.25,79.15,78.83
16.50,16.50,64.05,78.64,75.72
14.97,14.97,65.49,77.43,73.27
8.63,8.63,66.17,77.72,73.14
6.76,6.76,68.69,76.07,73.23
17.50,17.50,87.59,73.91,74.43
18.10,18.10,88.95,65.16,77.78
19.64,19.64,90.63,54.23,76.75
16.19,16.19,89.04,42.33,78.29
19.35,19.35,87.41,42.21,78.55
22.86,22.86,85.98,46.69,78.15
19.61,19.61,85.46,52.79,77.38
21.30,21.30,85.71,58.98,78.54
20.94,20.94,83.50,63.04,77.52
15.60,15.60,81.21,59.84,76.61
25.59,25.59,82.88,74.95,77.85
24.10,24.10,82.13,74.92,77.83
19.17,19.17,78.53,74.57,77.92
18.98,18.98,75.93,75.07,77.30
15.82,15.82,74.62,78.66,76.22
15.87,15.87,72.33,80.70,76.38
17.31,17.31,65.27,78.06,77.70
20.29,20.29,63.35,79.25,76.51
21.79,21.79,62.39,78.25,78.87
22.03,22.03,71.16,74.64,77.98
16.62,16.62,84.80,72.22,76.70
17.53,17.53,89.30,65.50,77.21
15.57,15.57,90.63,60.90,76.15
17.86,17.86,91.50,58.86,75.84
20.16,20.16,89.45,59.97,77.15
18.76,18.76,89.60,62.94,76.89
22.18,22.18,87.63,65.40,76.56
15.85,15.85,86.33,68.72,76.45
17.94,17.94,85.10,67.10,75.39
15.66,15.66,84.74,71.20,74.23
17.14,17.14,83.13,76.43,76.73
19.97,19.97,81.92,77.69,78.51
22.80,22.80,79.33,76.91,78.13
23.21,23.21,77.46,77.90,79.38
23.51,23.51,73.80,76.82,76.44
20.81,20.81,68.48,75.76,76.51
21.47,21.47,64.83,77.43,77.31
23.88,23.88,64.63,77.54,75.83
22.08,22.08,66.18,78.89,76.11
19.87,19.87,73.43,75.80,77.52
15.91,15.91,80.95,67.92,76.01
15.78,15.78,89.23,67.63,76.21
15.74,15.74,89.09,62.67,75.81
15.65,15.65,90.94,54.44,75.93
15.49,15.49,88.79,53.08,75.77
15.22,15.22,88.08,57.06,77.71
24.43,24.43,87.06,59.90,75.85
30.17,30.17,85.87,58.04,74.34
30.02,30.02,84.97,65.16,73.10
23.46,23.46,85.12,67.01,70.91
16.36,16.36,82.29,70.57,73.48
21.59,21.59,78.35,76.47,77.96
21.06,21.06,76.36,74.75,78.96
21.19,21.19,74.56,76.65,79.32
25.84,25.84,71.63,77.49,78.75
24.06,24.06,69.66,77.30,78.55
21.27,21.27,66.35,77.10,76.62
20.76,20.76,63.76,78.90,76.90
15.19,15.19,66.80,75.98,77.60
13.43,13.43,70.46,72.20,76.69
16.33,16.33,82.36,75.98,75.25
15.34,15.34,88.57,71.83,77.21
15.91,15.91,90.41,65.08,77.03
16.78,16.78,90.48,59.33,79.25
20.35,20.35,89.93,55.73,78.03
19.77,19.77,86.99,58.17,76.79
17.20,17.20,86.34,60.14,77.66
17.29,17.29,85.74,64.90,76.67
19.57,19.57,86.56,64.24,77.49
14.29,14.29,84.09,63.59,76.38
17.09,17.09,83.05,73.73,77.60
24.93,24.93,81.83,79.86,78.08
28.43,28.43,77.14,79.73,80.25
31.54,31.54,68.70,76.71,77.84
34.82,34.82,69.04,76.11,79.16
33.78,33.78,71.03,78.28,77.61
28.92,28.92,69.61,80.09,76.23
25.98,25.98,65.45,80.08,73.30
21.64,21.64,62.34,79.31,73.04
22.56,22.56,67.29,76.83,71.29
22.00,22.00,75.72,70.04,72.35
17.72,17.72,89.43,62.74,77.43
23.37,23.37,89.16,59.79,78.29
29.52,29.52,89.87,55.95,78.03
29.34,29.34,89.30,59.44,79.23
27.70,27.70,88.04,64.74,79.44
28.60,28.60,87.69,65.58,78.98
28.34,28.34,88.29,63.07,78.14
22.23,22.23,87.64,63.59,77.00
26.18,26.18,83.54,66.49,77.50
22.92,22.92,81.82,69.99,78.76
22.37,22.37,84.19,77.38,78.76
21.14,21.14,82.93,76.24,79.11
19.76,19.76,79.42,77.33,77.37
17.73,17.73,73.82,78.32,75.75
19.54,19.54,66.88,77.38,76.14
19.48,19.48,63.40,78.30,77.47
23.39,23.39,65.54,78.47,75.16
22.96,22.96,67.68,79.02,77.81
18.85,18.85,68.85,77.42,77.82
14.85,14.85,77.82,75.62,77.74
13.88,13.88,88.93,70.18,76.14
18.85,18.85,89.08,61.18,78.39
24.38,24.38,91.43,55.95,77.33
24.14,24.14,87.70,50.10,77.82
25.64,25.64,86.19,56.22,78.29
24.55,24.55,87.21,61.18,76.29
22.13,22.13,86.79,65.33,76.11
19.74,19.74,85.82,68.11,76.09
17.61,17.61,84.87,66.85,75.35
15.13,15.13,82.47,69.85,75.16
20.70,20.70,77.63,73.38,78.00
21.64,21.64,76.34,78.73,78.18
23.34,23.34,77.72,79.45,77.84
23.31,23.31,76.82,79.33,76.92
21.31,21.31,74.21,79.77,77.22
21.88,21.88,70.57,78.63,77.23
22.06,22.06,64.95,78.12,76.74
20.49,20.49,67.38,79.34,76.63
17.31,17.31,68.37,78.87,77.48
14.80,14.80,75.57,76.52,77.42
15.40,15.40,89.61,70.38,77.51
17.89,17.89,89.41,63.68,78.95
20.22,20.22,89.82,58.94,75.92
19.26,19.26,90.25,63.13,77.36
27.00,27.00,88.23,66.90,76.88
24.38,24.38,88.03,69.25,74.83
21.48,21.48,85.07,70.03,73.90
20.40,20.40,83.54,67.99,73.73
17.85,17.85,83.97,65.12,72.21
13.18,13.18,84.64,68.45,70.37
18.48,18.48,82.42,80.56,77.47
18.68,18.68,76.90,81.84,77.87
21.44,21.44,69.86,81.17,77.86
21.22,21.22,71.74,80.11,78.05
17.83,17.83,72.28,79.02,77.44
19.12,19.12,71.44,81.21,77.44
17.06,17.06,66.93,81.59,77.06
14.54,14.54,64.21,79.98,77.18
16.88,16.88,64.93,80.12,77.13
14.11,14.11,71.50,78.08,76.73
14.35,14.35,88.85,70.98,75.21
11.82,11.82,89.20,60.87,76.38
11.12,11.12,90.52,53.64,78.40
12.81,12.81,91.81,43.98,76.37
18.44,18.44,89.33,48.84,76.31
14.85,14.85,88.66,51.89,76.31
20.12,20.12,87.03,52.87,76.54
18.30,18.30,85.61,56.11,77.14
13.69,13.69,84.82,63.55,77.24
18.63,18.63,81.96,68.82,75.99
19.29,19.29,81.31,71.58,77.66
23.54,23.54,81.77,79.12,78.34
22.13,22.13,80.02,76.78,78.88
19.28,19.28,73.36,78.64,79.54
18.25,18.25,69.99,79.02,76.35
21.44,21.44,66.51,78.40,76.34
22.67,22.67,63.98,79.19,74.51
19.73,19.73,61.82,81.45,74.67
19.42,19.42,64.87,78.31,73.35
13.35,13.35,73.37,76.06,72.64
12.66,12.66,88.45,74.24,76.06
9.34,9.34,88.08,66.12,78.18
16.47,16.47,90.93,52.15,76.87
19.77,19.77,89.99,49.31,77.08
19.91,19.91,88.84,46.21,77.64
22.64,22.64,88.02,55.96,78.75
24.21,24.21,87.21,59.48,79.10
23.52,23.52,88.40,62.34,78.71
19.97,19.97,86.53,67.04,76.60
16.58,16.58,84.71,66.17,75.64
21.88,21.88,82.52,79.45,77.25
23.16,23.16,80.64,76.44,77.83
24.76,24.76,80.65,77.08,77.72
24.66,24.66,79.46,78.01,77.51
22.19,22.19,75.43,75.69,77.39
19.63,19.63,72.41,76.06,75.26
23.49,23.49,68.71,79.45,77.99
25.42,25.42,62.24,80.47,76.36
22.54,22.54,67.14,79.82,77.96
18.15,18.15,75.90,75.15,77.86
16.10,16.10,85.27,74.08,77.36
17.75,17.75,88.78,66.33,77.03
16.05,16.05,90.52,57.07,75.97
18.70,18.70,90.21,51.08,76.20
18.24,18.24,88.06,49.57,77.17
19.58,19.58,86.91,50.56,77.13
19.44,19.44,86.02,52.91,76.87
21.58,21.58,85.28,57.68,76.99
17.11,17.11,83.66,61.04,76.26
14.22,14.22,82.08,64.68,75.50
18.44,18.44,80.98,71.42,76.51
16.22,16.22,76.51,78.26,78.17
9.99,9.99,69.88,78.37,79.16
14.96,14.96,64.97,75.95,79.06
18.31,18.31,62.98,76.89,78.09
18.38,18.38,63.89,75.58,77.29
20.47,20.47,62.38,74.91,77.23
15.70,15.70,62.39,76.63,77.67
19.58,19.58,66.11,77.69,77.70
12.99,12.99,75.25,74.81,77.57
14.76,14.76,84.83,63.63,76.07
15.44,15.44,87.67,60.38,78.18
15.60,15.60,90.04,52.91,76.96
11.74,11.74,90.30,50.42,77.18
16.53,16.53,89.93,49.76,75.85
18.47,18.47,89.85,53.35,76.44
15.42,15.42,87.83,61.50,75.02
15.03,15.03,86.55,64.01,74.45
14.42,14.42,85.27,62.04,71.98
9.43,9.43,84.49,64.34,71.29
9.87,9.87,85.53,73.57,74.02
19.57,19.57,84.35,75.09,78.47
19.55,19.55,81.99,76.94,79.00
17.69,17.69,79.78,78.61,79.24
18.51,18.51,77.93,79.00,78.76
17.15,17.15,73.18,77.03,77.55
21.24,21.24,66.60,80.02,77.49
19.96,19.96,63.65,79.32,78.49
17.03,17.03,61.93,78.54,76.51
11.67,11.67,66.49,74.73,76.68
9.83,9.83,82.84,76.69,75.36
14.94,14.94,89.19,66.38,76.59
8.41,8.41,89.10,56.37,78.40
11.15,11.15,91.43,51.70,76.25
13.87,13.87,88.44,52.78,77.64
17.43,17.43,87.24,56.20,77.43
19.38,19.38,86.60,61.86,76.86
14.10,14.10,85.91,65.94,75.09
16.48,16.48,85.28,68.28,76.56
16.78,16.78,85.41,67.93,76.19
14.11,14.11,81.21,77.34,76.44
20.65,20.65,72.90,80.22,78.28
13.23,13.23,70.14,79.71,80.08
17.56,17.56,67.62,79.23,77.52
20.63,20.63,67.79,77.99,77.75
18.94,18.94,67.95,76.38,77.44
16.06,16.06,66.90,74.26,75.35
15.32,15.32,64.90,75.49,74.94
11.73,11.73,65.94,79.00,73.66
11.09,11.09,68.93,77.77,71.45
15.61,15.61,82.20,78.06,71.77
21.99,21.99,87.73,66.15,76.53
23.13,23.13,88.82,58.29,77.74
21.07,21.07,90.02,49.10,77.81
12.78,12.78,88.43,45.40,78.71
18.74,18.74,86.06,49.76,77.22
22.58,22.58,85.85,54.95,78.65
21.79,21.79,84.66,60.57,77.91
21.31,21.31,85.38,61.99,78.62
19.41,19.41,83.32,63.44,76.69
17.49,17.49,81.81,69.98,76.55
20.03,20.03,83.50,79.24,77.54
20.00,20.00,82.93,79.23,77.73
22.24,22.24,80.66,76.03,76.61
22.31,22.31,77.13,78.02,76.86
22.08,22.08,73.72,78.71,75.87
15.79,15.79,69.36,78.94,76.61
12.89,12.89,66.13,78.80,76.77
16.89,16.89,63.47,78.57,78.98
13.69,13.69,69.55,76.71,77.06
17.60,17.60,78.30,73.90,76.81
23.76,23.76,88.92,66.18,76.63
19.89,19.89,89.81,59.16,76.57
20.46,20.46,89.77,50.74,77.60
17.99,17.99,91.22,48.18,75.85
18.63,18.63,88.33,51.16,77.34
17.60,17.60,87.80,55.21,76.05
20.68,20.68,88.79,58.85,77.80
20.16,20.16,87.45,61.87,75.30
16.22,16.22,85.41,66.15,75.21
14.56,14.56,82.93,75.15,75.24
14.76,14.76,78.39,81.07,78.27
20.01,20.01,76.88,80.11,77.40
23.68,23.68,74.28,78.72,78.52
18.16,18.16,69.80,78.78,78.52
20.29,20.29,64.66,80.72,77.65
18.96,18.96,63.14,79.73,77.32
17.44,17.44,63.01,79.78,75.49
12.97,12.97,65.61,78.71,76.95
15.27,15.27,67.63,77.00,77.56
17.40,17.40,78.06,72.42,77.59
19.88,19.88,88.42,68.82,77.22
25.31,25.31,88.42,58.59,77.31
18.24,18.24,91.81,49.19,77.33
18.75,18.75,87.55,48.62,77.76
21.83,21.83,87.04,50.13,76.27
19.79,19.79,87.00,58.30,76.78
15.62,15.62,86.84,62.05,76.39
16.69,16.69,84.82,63.95,74.23
12.73,12.73,83.22,65.89,72.91
11.23,11.23,82.62,65.60,73.42
21.17,21.17,83.31,76.21,78.13
17.53,17.53,80.41,77.27,77.86
16.75,16.75,78.96,75.88,77.97
20.29,20.29,77.47,79.18,78.02
20.12,20.12,75.96,80.09,76.69
22.63,22.63,72.06,79.75,77.44
24.00,24.00,68.20,79.41,77.19
21.60,21.60,64.37,79.04,78.10
16.99,16.99,67.11,78.90,77.18
17.67,17.67,77.67,74.59,77.37
16.57,16.57,89.23,66.59,74.37
16.45,16.45,89.42,61.15,76.10
15.54,15.54,90.43,56.20,76.96
18.53,18.53,90.73,49.78,76.33
14.14,14.14,89.19,57.17,74.74
16.44,16.44,88.27,64.24,75.93
16.33,16.33,86.90,65.56,76.03
16.48,16.48,85.89,65.32,76.53
12.19,12.19,85.37,68.64,76.48
17.31,17.31,85.18,71.07,75.18
17.58,17.58,82.74,76.44,77.19
17.70,17.70,81.59,73.76,76.87
12.53,12.53,77.70,74.20,75.43
14.42,14.42,75.60,74.03,75.83
16.64,16.64,72.77,74.87,76.40
21.17,21.17,67.34,75.48,77.69
21.26,21.26,63.66,75.06,77.64
18.31,18.31,62.80,75.47,74.01
13.74,13.74,69.64,74.82,71.94
6.69,6.69,73.00,70.19,70.26
15.38,15.38,88.29,64.77,75.35
19.58,19.58,88.34,62.56,76.80
20.91,20.91,90.83,56.14,76.65
10.87,10.87,89.92,55.79,78.22
20.10,20.10,88.45,62.42,77.84
19.79,19.79,86.68,65.02,75.92
23.05,23.05,86.13,64.84,76.68
21.33,21.33,85.48,65.81,77.23
23.59,23.59,85.60,67.50,77.19
17.69,17.69,83.91,70.24,77.34
19.87,19.87,79.19,73.40,79.57
18.25,18.25,78.49,77.70,77.03
19.34,19.34,75.56,76.62,76.52
18.53,18.53,73.14,77.80,76.66
16.15,16.15,71.41,78.18,76.43
21.27,21.27,69.25,80.10,76.39
26.09,26.09,66.71,80.21,77.67
20.73,20.73,64.08,79.33,77.63
18.30,18.30,68.51,78.93,76.52
15.77,15.77,77.15,71.55,76.92
15.09,15.09,86.64,70.61,75.83
18.69,18.69,88.36,66.06,78.32
22.69,22.69,90.05,56.91,77.79
22.28,22.28,90.83,58.21,76.17
20.20,20.20,88.90,62.79,77.76
18.31,18.31,87.03,66.67,76.83
16.86,16.86,86.30,68.45,74.65
18.37,18.37,87.11,68.36,76.41
18.55,18.55,84.98,67.59,76.57
14.56,14.56,83.25,68.13,74.82
16.44,16.44,83.73,76.15,77.52
21.94,21.94,83.24,74.81,78.41
20.30,20.30,82.71,75.54,79.05
22.47,22.47,79.40,77.04,77.76
21.87,21.87,74.75,76.13,76.61
23.04,23.04,70.33,75.77,76.65
22.30,22.30,66.80,76.20,75.77
21.58,21.58,64.55,78.43,75.72
21.71,21.71,66.25,75.53,75.26
18.99,18.99,74.90,74.34,76.91
18.86,18.86,84.71,65.78,76.43
16.43,16.43,88.38,59.36,76.54
24.72,24.72,90.07,55.21,75.44
18.09,18.09,89.11,52.92,78.27
17.28,17.28,89.51,60.17,77.05
22.84,22.84,87.64,63.01,77.82
20.61,20.61,88.41,64.55,75.59
21.65,21.65,87.75,66.62,75.62
19.83,19.83,85.51,66.39,73.84
16.66,16.66,83.88,62.67,72.44
19.00,19.00,80.68,75.99,75.77
21.88,21.88,72.99,78.70,78.92
22.84,22.84,69.24,77.87,78.07
16.95,16.95,67.78,76.05,77.78
20.14,20.14,68.30,75.96,78.35
22.92,22.92,66.53,76.99,78.88
18.43,18.43,64.40,78.79,78.16
16.47,16.47,65.72,79.23,79.17
15.27,15.27,64.91,75.67,79.26
14.99,14.99,69.86,74.18,77.67
15.09,15.09,84.94,74.67,76.88
17.28,17.28,88.84,68.98,77.07
16.96,16.96,90.00,60.18,76.96
20.52,20.52,91.60,55.11,76.46
14.06,14.06,87.82,60.61,77.80
20.11,20.11,87.23,61.79,77.06
24.45,24.45,85.57,60.39,77.47
24.32,24.32,84.29,58.66,78.53
22.45,22.45,83.23,57.94,77.37
17.69,17.69,83.05,65.64,76.37
18.60,18.60,84.51,72.97,77.44
24.28,24.28,83.18,77.13,78.53
24.81,24.81,79.26,79.40,78.08
24.35,24.35,71.76,78.82,77.56
23.18,23.18,66.58,76.69,79.18
22.97,22.97,67.77,76.97,77.34
26.44,26.44,66.59,79.50,76.69
26.78,26.78,67.07,80.10,75.22
21.84,21.84,63.10,78.62,73.87
15.05,15.05,68.59,76.57,72.00
16.32,16.32,81.54,68.57,74.42
13.36,13.36,88.52,62.40,78.54
21.95,21.95,88.81,56.93,79.47
23.36,23.36,91.04,52.60,78.65
21.20,21.20,89.18,60.17,79.50
26.55,26.55,86.85,63.81,78.77
26.43,26.43,86.54,66.17,78.51
20.75,20.75,87.22,66.09,78.15
21.94,21.94,86.04,66.35,77.53
22.19,22.19,85.56,63.62,77.92
24.90,24.90,82.24,66.89,77.69
22.41,22.41,81.50,77.49,77.92
17.39,17.39,81.36,79.53,77.51
24.53,24.53,79.49,79.88,75.85
24.29,24.29,76.35,79.85,77.73
16.05,16.05,69.55,79.53,76.69
15.82,15.82,64.10,78.54,75.37
16.76,16.76,65.42,78.17,77.66
18.05,18.05,66.69,78.35,76.66
18.62,18.62,71.48,78.02,77.39
8.07,8.07,83.11,72.95,77.07
14.03,14.03,87.93,61.97,76.46
14.06,14.06,90.77,55.95,78.17
17.18,17.18,89.36,40.79,77.34
25.70,25.70,89.04,42.77,80.24
22.35,22.35,86.80,50.63,77.93
22.33,22.33,85.17,57.03,77.31
17.95,17.95,85.07,60.97,77.64
16.54,16.54,86.75,63.28,78.68
18.91,18.91,85.11,65.39,75.45
16.43,16.43,81.65,76.80,76.10
20.73,20.73,75.08,79.17,78.25
16.23,16.23,73.58,79.09,77.68
20.49,20.49,76.24,80.02,77.19
17.38,17.38,74.19,81.19,77.62
21.99,21.99,72.07,81.00,77.63
20.58,20.58,67.91,79.99,78.72
23.54,23.54,64.82,79.16,78.85
22.78,22.78,65.13,79.07,79.68
21.37,21.37,68.38,78.71,77.05
12.32,12.32,78.25,75.16,76.49
14.18,14.18,88.73,66.06,77.94
13.84,13.84,88.38,60.45,75.09
20.54,20.54,90.36,48.37,76.28
16.69,16.69,90.61,49.84,76.26
20.29,20.29,88.73,50.76,75.09
19.19,19.19,87.39,55.29,75.90
21.52,21.52,86.43,60.49,74.25
18.19,18.19,85.52,61.88,73.58
18.00,18.00,82.83,64.00,71.78
21.31,21.31,83.19,66.23,73.51
24.53,24.53,83.36,77.82,77.49
23.15,23.15,80.45,79.71,77.54
21.71,21.71,72.22,78.35,78.78
23.05,23.05,67.08,79.52,79.00
23.05,23.05,68.35,79.50,78.18
17.27,17.27,68.29,79.96,77.27
12.68,12.68,64.77,81.41,77.60
15.85,15.85,63.30,79.93,77.91
21.55,21.55,68.00,78.44,76.83
12.18,12.18,77.61,71.12,77.72
9.80,9.80,89.32,63.35,77.46
13.96,13.96,89.41,58.50,77.60
14.53,14.53,92.60,51.44,76.85
13.01,13.01,88.79,56.46,77.59
17.39,17.39,87.93,61.06,76.29
21.38,21.38,88.90,58.76,78.19
20.17,20.17,88.10,58.09,77.60
18.06,18.06,86.71,58.70,79.52
16.95,16.95,84.03,63.31,78.80
17.99,17.99,82.52,70.10,78.41
21.86,21.86,83.91,79.12,79.23
24.34,24.34,81.91,77.92,78.79
19.98,19.98,80.02,77.41,77.65
16.88,16.88,75.75,78.25,78.04
18.78,18.78,70.05,79.45,78.31
20.81,20.81,64.19,78.34,77.00
19.45,19.45,64.75,78.97,75.64
22.74,22.74,65.67,78.87,74.24
24.84,24.84,65.11,77.65,70.65
19.45,19.45,77.91,75.15,71.42
14.62,14.62,89.91,70.27,75.61
20.91,20.91,88.70,59.08,76.90
19.49,19.49,90.25,46.38,76.55
18.65,18.65,89.09,49.61,78.51
21.74,21.74,86.86,54.97,79.37
24.65,24.65,86.44,55.55,78.02
24.06,24.06,85.10,61.17,77.81
21.94,21.94,85.50,67.07,76.28
21.73,21.73,85.46,66.53,77.74
17.77,17.77,84.21,71.19,76.24
18.93,18.93,75.67,75.16,79.50
18.24,18.24,72.93,76.31,77.91
20.04,20.04,76.86,75.36,77.23
23.22,23.22,77.87,79.46,75.86
21.13,21.13,74.25,80.45,76.73
22.20,22.20,69.16,79.35,77.65
24.19,24.19,61.07,78.76,79.73
19.73,19.73,66.42,79.55,80.17
15.78,15.78,68.44,79.18,79.88
13.10,13.10,75.28,76.33,77.25
18.17,18.17,88.15,69.69,77.59
17.86,17.86,88.46,62.52,78.22
18.50,18.50,89.70,50.89,78.31
21.56,21.56,91.11,48.39,78.78
28.28,28.28,89.32,49.42,78.91
33.89,33.89,87.41,55.56,77.72
30.25,30.25,85.43,58.53,75.92
27.59,27.59,83.67,60.26,76.21
30.49,30.49,85.03,63.84,77.41
29.81,29.81,83.39,67.43,76.84
25.27,25.27,82.55,79.20,78.38
17.34,17.34,78.94,80.89,78.50
20.11,20.11,71.25,81.49,79.15
21.91,21.91,67.36,79.64,77.42
21.28,21.28,70.25,79.62,79.33
18.11,18.11,69.70,79.36,78.02
20.98,20.98,66.68,79.94,79.06
20.57,20.57,64.94,79.29,78.95
22.69,22.69,65.25,78.51,77.98
20.25,20.25,73.17,76.62,78.88
19.25,19.25,87.67,66.55,76.10
17.12,17.12,88.55,56.06,78.03
22.18,22.18,90.09,55.15,76.90
23.51,23.51,90.96,57.10,77.27
19.15,19.15,88.20,61.41,79.30
22.16,22.16,87.87,63.00,78.66
22.06,22.06,87.68,61.53,78.05
18.77,18.77,87.43,63.13,74.95
17.68,17.68,85.82,67.81,72.60
14.62,14.62,81.98,67.76,72.18
19.70,19.70,82.25,74.67,77.14
20.31,20.31,83.00,79.53,78.72
26.52,26.52,81.47,79.28,78.60
20.14,20.14,76.89,78.93,78.88
16.17,16.17,67.68,78.07,78.57
14.87,14.87,59.96,79.09,79.87
17.85,17.85,63.23,79.48,78.48
17.76,17.76,66.09,78.84,78.45
21.48,21.48,62.44,79.01,76.89
13.38,13.38,74.12,71.43,75.45
17.92,17.92,84.50,69.59,77.40
18.70,18.70,88.61,64.98,77.93
19.50,19.50,90.80,59.42,76.75
17.99,17.99,89.26,53.83,77.91
20.60,20.60,87.41,49.91,78.33
20.94,20.94,86.47,53.48,77.89
21.81,21.81,87.95,54.89,78.77
17.20,17.20,86.35,64.16,80.12
20.51,20.51,85.68,64.28,79.00
20.29,20.29,83.59,65.09,76.53
24.36,24.36,81.67,75.74,78.50
29.62,29.62,80.75,79.09,79.00
31.77,31.77,79.70,79.50,77.89
26.73,26.73,75.67,78.23,77.99
23.39,23.39,72.04,77.22,80.49
26.53,26.53,73.31,79.33,80.01
22.65,22.65,70.11,79.76,77.80
21.28,21.28,62.37,81.11,74.98
14.90,14.90,62.61,82.13,73.37
9.90,9.90,75.66,74.93,72.34
12.18,12.18,85.49,73.16,75.69
18.75,18.75,88.01,66.40,78.50
26.61,26.61,89.20,62.95,80.87
24.91,24.91,90.96,54.60,78.96
28.30,28.30,87.93,55.70,79.89
24.19,24.19,88.88,61.22,78.54
26.13,26.13,86.32,61.04,79.00
23.31,23.31,84.71,56.66,78.98
22.32,22.32,84.87,60.17,80.00
24.38,24.38,84.64,66.51,78.43
20.04,20.04,85.31,69.14,79.05
19.01,19.01,82.55,80.24,78.65
17.19,17.19,78.60,77.82,77.70
17.37,17.37,72.94,78.38,78.43
20.99,20.99,74.74,76.03,77.43
24.63,24.63,73.35,75.77,77.66
29.29,29.29,67.78,75.64,78.52
33.80,33.80,64.72,81.06,78.77
31.20,31.20,62.34,79.94,79.28
27.24,27.24,72.12,78.38,78.71
25.11,25.11,83.03,61.79,78.32
20.08,20.08,89.89,55.33,78.67
20.89,20.89,88.62,47.30,77.68
21.99,21.99,92.44,48.48,79.30
25.50,25.50,89.76,53.42,76.72
28.60,28.60,87.14,55.86,76.71
28.13,28.13,85.32,56.66,77.63
28.20,28.20,85.82,58.19,77.95
30.32,30.32,85.65,62.81,77.83
25.20,25.20,85.49,67.53,77.51
23.86,23.86,82.93,73.65,76.79
31.31,31.31,81.19,79.17,79.66
27.14,27.14,76.26,79.41,79.18
20.77,20.77,75.84,79.81,79.45
23.41,23.41,75.94,77.79,78.26
25.35,25.35,70.91,77.29,77.68
25.64,25.64,64.14,78.56,77.65
25.01,25.01,65.47,82.51,77.01
23.65,23.65,63.37,81.33,77.20
20.33,20.33,68.64,81.45,78.08
16.75,16.75,81.59,73.21,77.84
15.93,15.93,87.74,67.99,78.98
21.39,21.39,89.52,60.32,78.50
25.71,25.71,89.87,50.82,78.62
24.93,24.93,88.62,56.50,78.66
25.30,25.30,86.34,58.03,77.77
26.21,26.21,86.09,58.68,76.99
27.88,27.88,87.00,57.98,76.53
29.93,29.93,86.56,58.89,74.57
27.11,27.11,83.98,66.88,74.45
20.41,20.41,81.87,75.78,74.38
23.11,23.11,78.17,79.97,80.18
19.51,19.51,77.04,80.07,79.15
20.09,20.09,77.80,78.99,77.84
23.68,23.68,74.23,77.03,78.87
26.61,26.61,69.24,77.42,79.53
24.85,24.85,66.58,81.59,77.66
24.12,24.12,65.47,81.82,77.68
23.76,23.76,63.68,82.75,79.09
16.58,16.58,67.55,80.88,80.62
19.25,19.25,79.80,77.92,79.94
18.06,18.06,88.65,70.82,77.37
18.41,18.41,89.55,62.39,78.78
21.75,21.75,89.77,45.94,77.40
21.50,21.50,88.91,47.65,77.30
22.38,22.38,87.15,50.16,76.90
21.34,21.34,87.56,51.32,78.93
18.15,18.15,87.11,57.14,78.70
19.79,19.79,85.38,65.34,77.87
15.35,15.35,83.54,62.91,77.57
20.34,20.34,82.19,75.48,77.28
17.41,17.41,76.01,79.32,78.83
17.59,17.59,71.82,79.72,78.87
10.42,10.42,67.31,77.59,78.37
18.85,18.85,65.49,77.84,78.48
19.47,19.47,65.26,78.29,78.02
15.68,15.68,65.12,78.05,78.05
12.52,12.52,64.72,76.96,76.39
11.42,11.42,63.97,77.92,77.14
8.81,8.81,65.68,77.41,75.57
13.33,13.33,78.06,69.81,75.71
18.15,18.15,88.18,68.49,76.79
23.70,23.70,89.11,55.66,77.47
21.71,21.71,91.62,49.19,77.47
16.09,16.09,87.70,47.87,78.25
18.55,18.55,86.13,53.52,78.43
18.62,18.62,86.65,60.96,77.56
22.99,22.99,85.39,63.51,79.41
20.45,20.45,83.90,66.54,78.31
12.93,12.93,82.69,66.64,77.30
19.21,19.21,82.76,67.84,78.47
19.42,19.42,83.70,74.75,78.85
23.62,23.62,81.37,74.80,77.97
15.93,15.93,77.73,75.80,77.80
13.47,13.47,76.09,77.07,77.29
20.77,20.77,74.23,79.68,77.11
27.05,27.05,69.06,78.10,78.75
36.40,36.40,63.69,78.10,78.10
32.95,32.95,62.42,76.30,77.62
28.05,28.05,66.10,74.78,77.81
23.59,23.59,77.32,74.12,77.53
17.04,17.04,90.12,68.08,75.73
15.27,15.27,89.54,61.78,76.73
15.53,15.53,90.70,54.96,77.36
20.31,20.31,91.00,55.30,77.06
19.17,19.17,88.87,58.97,76.45
20.80,20.80,88.20,61.81,76.05
23.67,23.67,86.65,64.33,76.75
21.77,21.77,85.68,62.25,78.56
16.09,16.09,85.45,68.38,75.84
14.71,14.71,85.15,72.13,75.80
17.99,17.99,81.38,79.66,78.21
21.92,21.92,79.07,76.64,78.96
19.43,19.43,76.07,77.49,78.51
19.42,19.42,73.58,77.33,77.78
20.51,20.51,68.77,77.84,77.51
19.25,19.25,65.46,77.07,76.75
22.98,22.98,63.36,77.26,77.88
23.85,23.85,64.29,78.57,76.88
21.58,21.58,66.90,78.54,77.14
15.57,15.57,69.71,74.36,76.89
14.73,14.73,88.08,71.14,76.01
14.97,14.97,88.94,64.86,76.43
18.78,18.78,90.32,58.30,76.46
15.55,15.55,90.18,51.77,77.01
17.36,17.36,87.82,55.11,78.92
24.50,24.50,86.48,59.97,78.03
31.18,31.18,85.51,62.20,76.45
30.54,30.54,84.82,63.23,74.83
26.01,26.01,85.42,63.26,72.92
19.01,19.01,83.43,63.39,72.29
19.87,19.87,80.49,74.30,77.89
22.28,22.28,81.14,76.59,78.29
20.85,20.85,79.15,77.20,78.98
22.26,22.26,74.15,79.75,77.16
26.20,26.20,71.10,80.41,78.07
26.28,26.28,68.23,80.77,78.19
23.75,23.75,66.27,81.65,77.73
21.09,21.09,63.17,81.71,77.71
15.41,15.41,66.63,80.73,77.21
13.50,13.50,75.52,76.74,77.79
14.65,14.65,86.78,72.81,78.36
11.33,11.33,88.91,69.12,78.01
16.50,16.50,90.44,59.93,76.84
19.17,19.17,91.30,59.77,76.90
21.77,21.77,89.19,61.34,77.17
23.43,23.43,87.69,62.92,76.52
19.32,19.32,86.71,68.26,78.30
20.85,20.85,87.53,69.41,77.72
18.84,18.84,85.37,65.37,77.32
19.42,19.42,83.66,63.82,78.06
24.11,24.11,82.15,77.21,77.66
24.12,24.12,77.72,76.69,78.96
25.31,25.31,71.76,77.64,77.79
24.33,24.33,70.40,76.33,78.12
24.44,24.44,73.84,76.76,78.02
23.77,23.77,73.56,78.68,79.33
25.28,25.28,69.20,78.40,77.00
23.02,23.02,63.26,78.55,76.77
26.70,26.70,61.86,78.31,72.71
28.47,28.47,69.63,77.40,71.44
26.13,26.13,86.39,75.40,75.64
16.59,16.59,88.91,60.37,78.53
18.15,18.15,89.84,57.18,77.39
20.03,20.03,90.09,51.53,79.23
21.70,21.70,89.26,57.13,79.60
25.52,25.52,87.91,57.06,79.22
22.68,22.68,88.46,51.31,78.10
22.48,22.48,87.08,55.26,78.46
25.53,25.53,84.15,60.54,78.37
18.90,18.90,81.93,65.21,78.86
18.52,18.52,83.70,71.75,78.34
17.24,17.24,84.16,78.52,77.33
12.06,12.06,80.58,77.79,78.27
11.89,11.89,75.01,79.42,78.10
13.80,13.80,65.83,79.76,77.58
17.35,17.35,62.95,79.29,76.97
24.58,24.58,64.49,81.15,77.07
32.36,32.36,65.84,81.30,75.75
33.03,33.03,66.07,80.16,76.52
22.98,22.98,74.06,77.81,75.85
15.45,15.45,81.71,73.60,75.98
17.77,17.77,87.93,66.36,77.87
8.99,8.99,90.71,60.11,77.66
17.42,17.42,90.99,51.64,77.77
21.57,21.57,87.46,53.78,77.76
22.03,22.03,86.70,59.35,78.68
22.86,22.86,86.40,64.94,77.21
21.81,21.81,86.26,66.17,75.25
20.85,20.85,85.99,63.72,76.65
15.43,15.43,84.66,63.14,75.99
16.16,16.16,82.11,71.06,76.97
20.20,20.20,77.10,77.15,79.07
20.00,20.00,78.58,78.74,78.81
19.25,19.25,78.05,78.31,78.38
22.60,22.60,75.99,78.26,78.82
23.88,23.88,71.14,77.96,77.10
27.74,27.74,65.83,77.11,77.62
27.81,27.81,65.39,78.43,77.97
25.21,25.21,65.15,79.27,79.62
21.54,21.54,72.92,79.29,80.42
12.69,12.69,84.59,77.13,76.83
15.77,15.77,89.28,67.22,75.77
20.99,20.99,88.89,57.78,77.93
17.57,17.57,90.74,59.69,76.66
15.17,15.17,88.76,61.22,77.14
15.63,15.63,87.14,60.33,77.49
16.72,16.72,85.88,58.57,76.88
20.20,20.20,83.84,59.34,77.49
24.83,24.83,84.67,63.84,75.07
24.99,24.99,86.10,68.54,73.15
20.02,20.02,83.04,77.74,75.16
22.27,22.27,78.36,80.24,80.30
20.55,20.55,70.94,79.95,79.50
21.61,21.61,73.20,78.21,80.12
21.49,21.49,73.43,79.36,78.48
19.70,19.70,72.30,79.10,78.32
20.08,20.08,67.99,80.66,77.08
15.72,15.72,63.41,80.36,78.50
13.49,13.49,63.16,80.57,77.41
10.17,10.17,70.28,77.85,77.73
8.53,8.53,82.11,73.31,76.94
8.24,8.24,88.52,67.59,77.14
11.57,11.57,90.34,58.54,77.06
18.07,18.07,91.07,41.90,77.35
15.37,15.37,90.54,40.80,78.59
16.90,16.90,88.77,47.10,78.68
17.98,17.98,87.34,49.03,77.34
18.33,18.33,86.18,57.89,77.24
22.15,22.15,85.86,65.45,78.41
19.18,19.18,83.49,65.32,78.23
21.22,21.22,81.55,69.12,77.70
28.46,28.46,83.60,77.65,79.42
28.62,28.62,82.69,76.62,79.94
24.48,24.48,78.49,77.94,78.47
18.57,18.57,74.66,74.36,78.00
18.67,18.67,71.80,75.87,78.43
21.49,21.49,69.58,75.85,75.96
22.31,22.31,64.12,76.48,72.79
17.98,17.98,63.74,76.59,71.94
13.92,13.92,72.27,78.71,70.79
8.96,8.96,77.49,75.20,71.63
17.25,17.25,89.46,69.62,75.74
18.01,18.01,89.28,50.72,78.07
23.71,23.71,90.04,49.13,79.23
24.70,24.70,88.24,47.80,78.55
23.73,23.73,87.52,47.20,79.50
21.85,21.85,87.70,51.92,80.08
22.65,22.65,88.07,57.04,80.37
23.44,23.44,87.45,57.76,77.63
22.60,22.60,85.31,61.46,77.75
19.92,19.92,83.37,73.28,78.47
22.71,22.71,79.97,75.55,79.51
17.13,17.13,80.66,77.50,78.60
22.15,22.15,79.19,77.13,77.99
21.29,21.29,76.03,77.25,78.15
19.74,19.74,74.24,77.26,76.87
20.33,20.33,72.99,76.30,77.21
20.10,20.10,70.48,74.79,77.21
20.80,20.80,65.60,75.21,76.90
19.83,19.83,69.12,72.46,75.85
18.07,18.07,78.43,76.20,77.09
20.05,20.05,89.27,68.48,76.63
25.11,25.11,89.42,65.82,77.16
23.93,23.93,92.10,57.68,76.89
17.53,17.53,88.58,56.01,78.24
20.86,20.86,87.35,55.85,77.14
22.84,22.84,87.60,57.32,76.93
24.10,24.10,85.37,56.58,76.50
18.88,18.88,83.22,62.07,76.66
16.51,16.51,82.61,58.63,73.78
17.80,17.80,82.17,73.56,75.68
17.86,17.86,80.62,76.34,78.60
16.16,16.16,75.82,76.84,78.67
20.21,20.21,70.38,78.75,79.49
21.06,21.06,66.69,75.60,77.27
18.15,18.15,62.60,77.48,77.19
16.78,16.78,61.70,79.56,77.46
15.75,15.75,63.71,77.95,78.16
17.57,17.57,65.48,79.66,78.31
19.08,19.08,72.00,76.03,77.79
14.53,14.53,71.82,69.32,78.63
16.78,16.78,89.51,62.40,76.33
20.18,20.18,89.22,52.69,77.11
20.91,20.91,89.67,48.32,79.27
18.00,18.00,90.39,44.88,77.17
18.26,18.26,89.43,47.41,76.95
18.91,18.91,88.32,57.48,77.38
17.87,17.87,86.93,63.58,76.69
15.45,15.45,86.37,62.71,75.48
13.32,13.32,85.80,66.57,72.87
12.40,12.40,86.06,66.61,73.25
18.79,18.79,83.83,75.58,77.68
22.57,22.57,81.75,78.40,77.97
17.87,17.87,80.05,78.68,78.07
18.82,18.82,78.74,78.58,77.20
20.57,20.57,75.09,80.09,78.12
17.27,17.27,70.18,78.73,78.93
21.39,21.39,66.33,80.05,77.64
24.42,24.42,63.29,80.39,77.91
21.80,21.80,66.65,77.66,75.57
14.36,14.36,74.60,72.23,76.02
12.43,12.43,88.56,70.41,77.34
11.32,11.32,89.01,56.15,75.38
5.47,5.47,90.66,51.88,76.25
16.15,16.15,90.98,53.23,76.85
15.80,15.80,86.86,56.83,76.22
16.32,16.32,86.16,62.77,76.29
21.86,21.86,85.68,66.49,77.15
16.54,16.54,84.83,66.64,78.17
12.72,12.72,85.93,67.28,77.59
17.34,17.34,84.22,70.57,76.59
20.29,20.29,78.42,72.77,78.89
21.88,21.88,72.97,78.57,78.39
19.64,19.64,72.34,78.73,76.87
20.14,20.14,70.71,77.25,76.24
21.14,21.14,69.23,79.47,77.78
23.15,23.15,69.46,76.41,76.22
26.89,26.89,65.75,77.41,75.53
25.30,25.30,63.67,79.76,74.55
17.87,17.87,63.11,78.66,72.86
8.36,8.36,72.22,74.30,72.63
11.91,11.91,87.63,73.74,76.07
19.60,19.60,87.88,64.31,79.13
23.78,23.78,89.82,55.86,78.31
17.04,17.04,90.26,55.14,77.73
22.83,22.83,87.94,57.33,78.26
15.77,15.77,86.07,63.05,78.94
28.77,28.77,85.50,63.69,76.92
27.95,27.95,85.93,61.91,79.07
25.78,25.78,84.13,61.79,77.41
25.88,25.88,82.35,66.71,76.17
22.19,22.19,84.14,74.91,76.88
16.37,16.37,85.37,77.94,77.32
23.04,23.04,83.82,78.28,76.37
19.94,19.94,80.06,79.28,77.39
19.94,19.94,76.75,77.87,76.79
12.30,12.30,73.65,77.42,76.61
14.83,14.83,68.89,77.21,76.63
17.17,17.17,63.35,76.63,77.28
18.62,18.62,65.53,77.84,78.35
20.02,20.02,74.39,73.15,74.76
16.16,16.16,85.13,70.39,76.03
20.02,20.02,89.01,62.41,75.71
13.59,13.59,90.05,57.65,75.38
21.78,21.78,89.53,57.48,76.57
20.08,20.08,89.57,58.66,76.22
19.41,19.41,88.48,61.77,75.71
20.45,20.45,88.96,59.41,76.78
22.38,22.38,87.18,64.34,76.03
22.00,22.00,85.46,64.26,75.16
14.16,14.16,84.32,68.94,75.49
15.55,15.55,80.31,78.16,75.70
15.36,15.36,75.33,79.80,78.33
15.93,15.93,72.75,78.58,78.18
18.36,18.36,68.03,79.62,78.41
17.81,17.81,63.54,78.63,76.93
16.31,16.31,61.65,76.40,77.92
15.78,15.78,60.97,75.32,77.60
17.09,17.09,64.29,76.98,77.22
16.99,16.99,67.12,75.57,76.18
13.79,13.79,71.63,74.77,77.40
11.33,11.33,84.40,76.18,76.30
16.69,16.69,88.12,66.91,79.98
13.15,13.15,89.74,56.63,78.55
14.86,14.86,90.40,52.49,80.18
13.17,13.17,87.01,51.26,79.02
15.50,15.50,86.64,53.23,77.53
20.60,20.60,85.60,55.78,75.64
18.71,18.71,84.02,60.05,75.38
17.16,17.16,83.29,62.00,73.48
13.13,13.13,82.79,62.61,73.71
12.96,12.96,84.02,69.41,75.48
15.71,15.71,82.70,79.09,77.91
16.63,16.63,81.36,78.69,77.11
19.73,19.73,79.88,78.07,78.65
20.82,20.82,78.24,76.84,77.46
21.25,21.25,73.74,77.96,78.94
19.34,19.34,70.40,78.61,76.09
18.50,18.50,67.31,78.14,77.04
15.31,15.31,65.13,76.66,77.15
13.42,13.42,69.42,75.68,77.40
13.28,13.28,81.05,70.20,78.14
13.98,13.98,88.97,64.56,76.49
18.72,18.72,89.11,61.31,78.23
27.69,27.69,91.75,60.24,76.94
28.67,28.67,90.83,58.63,75.86
23.59,23.59,88.76,57.34,75.97
21.58,21.58,87.45,64.16,77.84
22.15,22.15,86.63,64.81,76.82
21.41,21.41,86.23,66.82,76.15
17.02,17.02,86.63,68.81,77.24
12.06,12.06,82.84,79.84,76.80
19.48,19.48,80.37,77.63,77.77
16.93,16.93,78.54,79.25,76.86
17.11,17.11,75.80,79.16,77.39
16.07,16.07,72.17,78.02,76.44
17.55,17.55,67.97,77.70,76.76
15.99,15.99,64.14,77.84,75.20
16.92,16.92,60.01,78.20,74.03
13.50,13.50,64.82,79.54,73.73
8.97,8.97,70.80,78.71,71.95
11.12,11.12,79.45,74.61,73.71
14.92,14.92,88.86,66.98,74.99
16.75,16.75,89.67,61.74,79.18
14.14,14.14,89.79,56.28,77.50
18.52,18.52,88.42,55.34,77.72
15.83,15.83,86.93,57.44,77.77
21.28,21.28,85.89,61.59,77.11
22.65,22.65,85.75,64.82,78.45
20.07,20.07,85.93,67.11,76.96
15.43,15.43,84.13,67.88,76.81
18.63,18.63,81.09,72.77,77.59
20.00,20.00,81.37,76.58,78.36
17.38,17.38,79.82,75.31,77.14
20.25,20.25,77.11,75.21,77.61
19.59,19.59,74.67,76.76,77.70
16.46,16.46,71.52,76.94,77.60
12.94,12.94,68.32,77.88,76.21
24.18,24.18,65.67,78.17,78.24
27.96,27.96,62.85,77.12,77.63
23.05,23.05,68.19,76.92,77.32
18.61,18.61,78.65,77.54,77.04
20.93,20.93,89.21,68.20,76.97
20.66,20.66,89.58,62.70,77.86
17.08,17.08,90.62,58.10,77.22
20.76,20.76,89.91,47.61,76.85
21.82,21.82,88.03,48.23,76.15
18.07,18.07,87.29,61.43,77.94
20.34,20.34,88.17,63.30,76.39
16.37,16.37,85.87,62.28,77.08
14.57,14.57,84.27,65.18,75.80
13.11,13.11,83.50,71.22,75.81
15.39,15.39,83.27,78.61,79.15
17.13,17.13,82.16,78.84,79.20
20.76,20.76,79.82,76.88,78.71
20.38,20.38,74.36,77.77,77.91
20.56,20.56,70.52,79.49,77.13
18.76,18.76,66.25,79.99,76.46
15.97,15.97,63.03,79.78,77.86
14.38,14.38,63.98,78.51,78.83
15.92,15.92,70.59,77.22,77.48
5.56,5.56,77.76,63.02,75.59
14.39,14.39,88.17,64.15,76.88
19.48,19.48,89.50,62.21,74.56
21.14,21.14,90.65,56.35,75.80
22.52,22.52,88.29,53.68,76.21
25.52,25.52,88.62,57.95,76.85
27.75,27.75,88.92,60.15,76.57
30.12,30.12,87.66,57.76,74.94
24.59,24.59,86.04,57.79,75.25
17.24,17.24,84.56,59.92,74.88
11.33,11.33,83.32,65.93,72.46
18.85,18.85,79.24,73.18,77.20
23.41,23.41,73.43,77.70,77.26
19.36,19.36,71.81,74.65,76.86
17.22,17.22,70.70,74.77,76.14
18.11,18.11,69.55,77.39,77.71
17.71,17.71,67.16,79.24,76.91
17.35,17.35,65.00,78.04,78.13
14.47,14.47,65.61,79.77,77.41
12.62,12.62,68.84,78.51,78.07
10.48,10.48,75.67,76.68,78.38
11.21,11.21,89.44,70.58,77.37
13.90,13.90,89.35,67.59,76.57
17.72,17.72,90.57,61.08,77.18
18.10,18.10,90.72,61.43,77.64
17.62,17.62,87.61,65.84,77.14
16.09,16.09,86.39,66.59,77.25
17.89,17.89,85.22,64.73,78.40
20.68,20.68,84.21,65.37,76.52
19.25,19.25,83.85,62.24,78.65
12.16,12.16,84.60,65.08,77.87
18.38,18.38,83.37,78.38,78.40
22.91,22.91,81.17,78.71,78.15
20.70,20.70,74.54,79.65,77.50
19.13,19.13,68.01,78.12,78.22
21.85,21.85,67.87,77.52,78.15
18.73,18.73,68.61,79.63,77.78
21.04,21.04,65.62,79.18,77.85
17.07,17.07,62.50,78.01,75.05
11.73,11.73,64.41,77.39,73.88
7.56,7.56,75.91,73.46,71.35
9.38,9.38,86.80,67.32,76.43
20.35,20.35,89.10,61.74,76.61
18.65,18.65,90.29,53.80,77.25
20.69,20.69,90.41,46.92,78.24
18.95,18.95,88.15,44.73,78.60
19.56,19.56,86.88,50.46,78.34
23.41,23.41,87.46,52.59,78.99
22.95,22.95,87.39,54.03,78.45
24.15,24.15,86.87,57.99,78.71
21.56,21.56,83.55,65.52,78.90
21.83,21.83,81.28,73.79,78.85
20.03,20.03,81.52,80.04,77.01
20.46,20.46,80.47,78.81,77.69
15.27,15.27,78.42,79.56,75.83
19.74,19.74,72.33,80.00,76.94
23.40,23.40,62.07,77.51,77.45
24.16,24.16,64.82,77.35,78.21
21.17,21.17,68.50,79.19,79.40
21.61,21.61,69.35,79.59,79.05
14.66,14.66,75.63,73.64,79.18
13.78,13.78,86.83,66.79,76.05
17.01,17.01,88.06,64.08,77.15
21.72,21.72,90.42,57.42,79.17
21.97,21.97,89.34,57.01,78.72
28.82,28.82,87.70,62.58,79.26
23.23,23.23,86.04,63.60,78.22
19.11,19.11,85.87,59.68,76.96
22.30,22.30,87.31,56.59,77.23
21.05,21.05,85.84,63.18,76.40
15.39,15.39,84.04,69.19,75.58
19.26,19.26,77.50,77.76,76.96
16.60,16.60,73.79,79.03,78.93
15.72,15.72,76.71,77.02,78.77
18.99,18.99,76.80,78.68,77.56
23.90,23.90,74.96,79.96,77.44
22.11,22.11,70.94,79.54,77.97
20.05,20.05,66.58,79.18,79.16
21.39,21.39,67.40,79.94,78.75
16.61,16.61,66.65,77.39,77.07
15.09,15.09,73.16,77.29,77.78
7.56,7.56,85.94,72.54,76.64
9.41,9.41,88.05,65.08,75.60
19.50,19.50,89.69,54.89,75.99
18.12,18.12,89.80,51.15,76.51
17.81,17.81,89.10,55.44,78.15
20.68,20.68,87.81,59.98,76.82
17.73,17.73,87.54,61.61,75.49
20.68,20.68,84.59,65.91,74.80
19.41,19.41,82.63,66.67,72.32
14.67,14.67,83.23,68.72,71.65
15.34,15.34,83.56,75.80,75.99
19.73,19.73,81.28,80.16,78.63
23.44,23.44,74.57,81.34,79.44
28.18,28.18,66.54,79.98,79.13
24.15,24.15,69.83,79.59,78.55
25.68,25.68,71.90,80.41,78.15
24.10,24.10,67.26,81.16,76.93
21.23,21.23,64.85,81.39,76.50
26.23,26.23,63.51,80.04,77.52
26.99,26.99,71.84,76.12,76.89
22.42,22.42,81.86,69.11,77.19
12.77,12.77,88.71,62.07,76.82
14.84,14.84,90.27,57.23,78.22
11.94,11.94,92.28,49.80,77.24
15.05,15.05,89.59,51.10,77.25
15.97,15.97,88.99,50.39,77.41
13.98,13.98,88.39,50.42,78.24
15.32,15.32,86.86,56.73,78.48
17.19,17.19,84.80,63.06,78.33
20.28,20.28,82.74,64.72,78.87
19.82,19.82,84.19,70.09,78.54
23.46,23.46,82.79,78.87,79.42
20.67,20.67,80.46,79.44,79.56
28.04,28.04,77.10,79.34,77.26
25.99,25.99,71.65,80.27,75.38
27.04,27.04,66.82,80.26,76.29
25.81,25.81,65.08,80.04,77.00
23.91,23.91,67.72,80.76,74.06
20.80,20.80,64.07,80.14,72.33
11.52,11.52,67.55,77.42,70.19
13.00,13.00,82.07,74.72,72.14
17.10,17.10,88.65,63.77,76.27
18.57,18.57,88.50,57.24,77.75
16.47,16.47,90.71,50.34,77.62
20.86,20.86,88.90,53.61,78.08
24.95,24.95,86.29,58.73,79.95
25.70,25.70,85.43,64.24,76.85
22.30,22.30,85.55,68.17,76.27
21.61,21.61,86.09,70.13,76.38
19.59,19.59,86.22,70.92,78.27
19.80,19.80,80.77,68.52,77.88
24.45,24.45,75.51,73.89,78.04
22.26,22.26,78.39,77.48,77.83
22.53,22.53,79.23,76.84,76.52
24.72,24.72,76.34,76.46,77.19
22.03,22.03,72.50,76.93,78.14
23.37,23.37,67.16,78.31,78.46
28.72,28.72,63.96,77.84,79.67
24.90,24.90,67.32,78.59,76.97
22.98,22.98,71.15,77.31,78.57
19.59,19.59,81.48,76.44,78.18
19.37,19.37,87.94,68.01,78.35
20.39,20.39,90.19,54.38,76.96
19.71,19.71,89.70,50.16,77.86
21.37,21.37,90.47,50.08,78.92
32.55,32.55,87.74,57.40,78.78
35.75,35.75,85.77,60.41,78.12
32.84,32.84,84.40,59.79,78.05
29.14,29.14,85.71,62.24,78.01
24.37,24.37,84.00,65.88,77.65
21.07,21.07,82.62,75.08,77.78
20.17,20.17,79.81,82.02,78.94
25.72,25.72,74.03,81.40,78.37
22.78,22.78,69.48,79.36,79.78
22.19,22.19,70.81,80.72,77.64
24.26,24.26,71.32,82.10,80.10
25.14,25.14,69.19,81.53,79.44
20.59,20.59,65.27,81.05,78.51
16.19,16.19,64.03,81.02,77.21
19.81,19.81,69.89,79.42,78.56
19.10,19.10,79.81,75.48,75.58
20.55,20.55,88.51,67.81,77.89
26.27,26.27,88.43,61.15,78.47
26.96,26.96,90.55,52.12,78.06
30.49,30.49,90.06,49.33,78.29
27.63,27.63,88.63,58.13,78.88
25.61,25.61,88.30,60.59,77.89
22.75,22.75,87.99,62.28,76.48
17.92,17.92,86.17,66.05,74.87
18.08,18.08,82.59,69.16,73.85
17.01,17.01,82.03,67.91,73.11
20.01,20.01,84.06,76.01,79.37
21.34,21.34,83.02,76.59,78.49
23.18,23.18,78.24,78.26,79.52
17.93,17.93,69.08,77.43,79.07
18.68,18.68,63.38,77.70,79.02
21.37,21.37,64.09,78.54,80.22
23.38,23.38,63.76,78.69,78.86
23.19,23.19,64.10,78.35,78.28
22.01,22.01,66.54,78.13,76.56
20.60,20.60,77.60,75.52,77.30
14.22,14.22,88.75,68.54,78.39
10.50,10.50,88.07,60.08,77.22
13.74,13.74,92.04,53.97,77.17
17.94,17.94,88.12,52.88,78.10
15.38,15.38,87.11,48.47,78.01
18.76,18.76,88.36,55.60,76.98
21.18,21.18,86.84,61.38,78.04
15.85,15.85,86.29,63.46,78.15
16.48,16.48,85.09,58.19,78.22
14.77,14.77,83.63,71.14,77.91
20.68,20.68,83.19,77.06,78.89
23.43,23.43,80.44,78.99,78.28
26.64,26.64,77.49,77.64,80.38
32.77,32.77,72.66,77.38,79.81
33.90,33.90,74.13,80.44,79.23
32.83,32.83,71.97,80.26,79.53
27.23,27.23,64.59,80.39,77.44
26.05,26.05,64.21,79.70,75.23
22.86,22.86,67.51,77.88,73.58
17.54,17.54,73.72,72.29,73.67
16.36,16.36,89.60,72.54,76.34
23.52,23.52,87.64,66.00,79.36
29.13,29.13,90.28,58.35,80.64
31.30,31.30,90.05,55.42,79.51
36.90,36.90,88.22,60.48,78.41
29.63,29.63,87.49,63.85,79.39
26.51,26.51,85.06,61.38,79.12
26.02,26.02,85.43,58.78,77.35
26.24,26.24,85.69,64.02,78.56
25.27,25.27,85.42,67.04,77.75
22.87,22.87,82.93,77.54,79.47
25.90,25.90,80.21,77.20,78.93
30.81,30.81,75.14,75.87,78.67
30.26,30.26,75.81,79.08,78.38
27.24,27.24,74.19,80.10,78.76
27.09,27.09,70.22,77.54,77.32
26.68,26.68,64.85,78.52,78.79
30.65,30.65,66.07,80.06,78.06
27.48,27.48,66.96,78.80,81.11
26.09,26.09,74.16,73.46,79.81
24.05,24.05,87.91,59.25,78.71
24.75,24.75,88.84,57.51,78.26
25.48,25.48,90.08,53.45,78.58
29.86,29.86,91.17,60.36,77.98
28.51,28.51,87.94,66.38,78.37
28.41,28.41,86.17,66.54,77.15
27.68,27.68,86.14,66.24,77.93
26.70,26.70,86.09,66.99,78.81
26.69,26.69,86.26,66.90,76.80
25.88,25.88,83.43,70.89,78.95
24.01,24.01,82.47,77.55,79.72
28.59,28.59,78.32,78.18,80.41
32.63,32.63,77.35,75.91,79.56
34.67,34.67,76.98,79.60,79.07
29.96,29.96,73.33,77.08,78.62
27.28,27.28,67.09,78.26,78.38
26.21,26.21,65.22,78.44,78.08
27.78,27.78,64.60,80.36,76.67
24.38,24.38,66.04,79.80,78.20
20.30,20.30,74.08,78.73,76.75
13.57,13.57,86.75,73.29,75.35
22.01,22.01,88.10,66.41,77.03
25.05,25.05,88.76,52.25,77.61
26.88,26.88,89.15,50.41,79.04
31.99,31.99,87.11,52.51,78.82
33.68,33.68,86.89,53.39,78.21
33.01,33.01,87.47,53.35,77.43
30.12,30.12,87.55,59.41,75.56
24.83,24.83,84.22,62.29,74.62
19.91,19.91,82.54,68.74,72.59
22.60,22.60,79.15,79.84,77.76
26.55,26.55,77.94,78.55,80.92
31.72,31.72,78.98,80.34,80.38
37.44,37.44,76.73,78.89,80.73
38.58,38.58,70.82,78.33,78.77
37.53,37.53,67.88,79.87,77.63
31.72,31.72,67.63,80.79,78.07
27.96,27.96,64.88,81.40,78.38
23.37,23.37,63.22,81.93,78.81
20.60,20.60,71.51,80.62,78.76
29.72,29.72,85.06,74.31,79.02
25.59,25.59,88.54,66.86,77.45
27.42,27.42,90.45,58.42,76.94
19.60,19.60,89.31,51.08,78.35
17.50,17.50,88.17,53.65,76.93
19.07,19.07,88.60,53.73,78.78
17.70,17.70,88.64,56.23,78.14
16.67,16.67,85.62,61.88,79.53
20.69,20.69,83.95,64.58,79.35
19.65,19.65,84.35,67.14,78.40
21.11,21.11,79.51,77.34,76.78
21.73,21.73,71.28,79.30,79.52
12.46,12.46,67.10,76.83,77.76
19.08,19.08,67.18,79.26,78.23
22.66,22.66,65.04,78.41,76.65
15.18,15.18,66.11,77.13,77.72
13.73,13.73,67.04,73.87,76.13
13.37,13.37,66.93,77.32,74.38
9.26,9.26,63.27,76.47,73.45
10.86,10.86,67.53,74.42,75.09
11.69,11.69,84.82,78.49,75.25
12.58,12.58,88.18,66.30,77.17
11.49,11.49,88.98,55.93,78.07
20.10,20.10,91.32,48.23,78.72
20.60,20.60,88.06,44.59,78.19
21.58,21.58,86.62,46.33,78.00
20.56,20.56,85.34,52.38,77.76
19.28,19.28,83.61,57.50,77.29
21.32,21.32,83.47,59.51,77.46
16.22,16.22,83.09,63.82,77.14
21.09,21.09,84.01,65.36,77.59
24.78,24.78,83.32,71.75,79.12
20.06,20.06,80.58,76.25,78.73
19.15,19.15,78.75,76.79,77.47
18.49,18.49,76.37,78.57,77.61
23.72,23.72,71.95,80.20,76.90
27.16,27.16,67.04,79.52,78.07
24.30,24.30,63.98,78.18,78.87
34.61,34.61,64.81,77.25,78.65
30.62,30.62,72.48,75.14,78.04
19.70,19.70,81.07,72.32,78.20
14.59,14.59,88.84,64.79,78.17
19.41,19.41,88.89,58.88,76.90
27.36,27.36,91.07,51.99,76.28
27.30,27.30,90.48,49.54,76.57
25.07,25.07,89.02,50.98,77.04
27.00,27.00,87.80,55.97,75.72
26.31,26.31,86.97,61.27,75.04
20.72,20.72,86.36,61.70,76.46
18.15,18.15,87.10,68.94,76.61
12.71,12.71,82.01,79.15,76.49
20.77,20.77,77.48,78.68,78.04
22.00,22.00,75.41,77.85,77.48
22.25,22.25,72.71,79.67,78.24
20.39,20.39,68.89,77.30,76.87
24.05,24.05,64.58,78.21,76.93
25.00,25.00,62.41,78.10,76.67
27.22,27.22,62.75,78.36,77.81
22.48,22.48,65.71,80.28,77.45
25.19,25.19,70.50,78.23,78.35
22.05,22.05,82.68,77.52,75.61
17.96,17.96,88.19,72.43,76.73
18.08,18.08,89.66,62.80,77.33
23.48,23.48,89.63,55.17,78.24
22.98,22.98,88.59,44.92,77.06
19.69,19.69,86.80,46.84,76.83
24.17,24.17,85.81,55.37,75.46
27.09,27.09,85.25,59.77,74.51
23.46,23.46,86.08,62.40,71.87
19.02,19.02,83.56,66.68,71.25
24.32,24.32,81.31,66.22,72.37
32.53,32.53,82.35,77.44,78.35
35.90,35.90,82.28,75.89,78.07
32.67,32.67,78.26,76.07,78.89
32.14,32.14,75.05,78.42,77.69
25.95,25.95,72.08,78.03,77.88
20.66,20.66,69.30,78.12,79.36
20.12,20.12,64.75,79.87,78.78
20.27,20.27,63.83,76.76,77.65
18.12,18.12,66.99,77.07,77.96
18.89,18.89,77.48,76.30,78.28
19.33,19.33,88.90,70.00,76.16
18.13,18.13,89.63,64.28,78.09
18.98,18.98,90.61,56.99,77.55
25.53,25.53,90.88,55.72,77.53
32.07,32.07,88.32,56.00,76.82
30.60,30.60,87.67,57.54,77.82
26.96,26.96,88.35,60.19,77.66
29.10,29.10,86.00,65.78,78.15
25.80,25.80,84.33,69.02,77.39
27.86,27.86,82.63,74.28,77.67
32.53,32.53,79.06,81.70,78.08
32.79,32.79,73.74,81.58,78.51
32.02,32.02,71.86,80.86,78.19
29.13,29.13,74.85,80.26,79.73
26.77,26.77,75.02,80.49,78.46
22.79,22.79,71.42,80.94,76.88
25.04,25.04,64.51,81.41,77.31
26.66,26.66,63.80,81.09,73.74
24.58,24.58,63.93,79.39,71.27
16.46,16.46,76.28,76.02,71.27
16.26,16.26,88.20,69.81,77.77
18.85,18.85,87.67,61.99,78.00
24.42,24.42,90.77,53.01,79.04
28.62,28.62,89.78,51.02,79.05
25.30,25.30,89.27,56.80,79.11
31.64,31.64,89.19,61.71,78.31
28.54,28.54,87.33,67.27,78.75
22.94,22.94,85.23,69.08,80.57
21.45,21.45,82.68,67.62,77.88
22.43,22.43,83.65,65.07,77.85
21.27,21.27,84.83,77.03,77.63
25.37,25.37,82.64,76.68,78.36
28.18,28.18,77.83,75.65,78.14
28.10,28.10,69.07,75.55,76.39
26.37,26.37,64.09,80.44,77.73
25.36,25.36,65.77,78.82,77.76
34.11,34.11,66.20,78.68,77.65
33.55,33.55,67.59,78.46,77.70
29.48,29.48,66.14,78.89,78.31
26.21,26.21,74.36,75.82,76.69
28.05,28.05,89.78,65.28,77.89
28.81,28.81,88.28,58.20,77.43
21.16,21.16,90.55,48.47,78.24
18.84,18.84,89.87,55.49,78.78
20.73,20.73,87.02,62.23,78.76
23.87,23.87,86.79,64.00,78.84
25.46,25.46,86.87,64.14,78.19
23.30,23.30,86.75,63.78,77.45
19.73,19.73,85.72,60.12,76.84
17.79,17.79,84.66,67.17,76.21
22.46,22.46,79.20,72.63,78.76
25.64,25.64,80.23,78.32,76.86
24.94,24.94,80.06,80.18,77.91
27.97,27.97,78.54,79.25,77.66
28.75,28.75,75.19,76.39,77.84
28.59,28.59,68.97,76.64,79.58
25.53,25.53,65.22,78.98,77.90
28.73,28.73,67.61,79.55,78.68
25.92,25.92,67.41,79.34,79.03
19.19,19.19,73.93,75.74,77.37
17.20,17.20,87.56,69.98,77.21
19.02,19.02,88.30,59.57,76.70
20.18,20.18,89.24,45.69,77.96
19.29,19.29,90.79,46.41,78.28
19.24,19.24,87.58,51.62,78.41
22.22,22.22,86.04,51.96,78.03
19.09,19.09,84.34,55.51,75.81
15.22,15.22,85.16,59.89,73.34
12.60,12.60,86.41,65.68,74.28
14.69,14.69,83.83,70.58,73.49
22.07,22.07,79.18,79.62,78.00
23.02,23.02,72.91,80.40,78.29
21.04,21.04,73.88,80.29,77.07
22.41,22.41,75.43,80.66,78.07
20.74,20.74,74.63,81.02,77.98
20.43,20.43,70.85,81.22,77.84
23.03,23.03,66.65,81.07,78.25
18.09,18.09,64.44,81.11,76.82
17.26,17.26,66.39,80.00,77.10
16.32,16.32,72.66,77.86,76.97
13.55,13.55,86.47,74.33,77.17
11.67,11.67,87.35,62.21,77.27
10.63,10.63,89.36,54.44,77.49
13.32,13.32,91.12,53.32,77.96
16.28,16.28,89.83,52.86,78.03
19.04,19.04,88.28,53.17,77.11
19.39,19.39,87.12,60.12,77.16
22.47,22.47,87.08,62.35,77.02
20.72,20.72,83.98,59.64,76.79
17.56,17.56,82.17,67.22,76.27
18.64,18.64,84.18,74.29,78.02
23.05,23.05,84.86,78.78,78.12
28.29,28.29,81.12,75.60,76.83
26.23,26.23,77.57,79.70,76.77
22.60,22.60,75.04,79.06,77.25
24.05,24.05,73.04,80.63,77.02
20.66,20.66,68.13,79.88,75.76
23.49,23.49,64.43,79.42,73.51
19.40,19.40,64.64,77.53,71.79
15.26,15.26,68.86,76.00,70.18
14.64,14.64,85.02,73.06,74.65
13.70,13.70,88.22,65.98,76.72
19.75,19.75,90.51,45.23,76.84
26.66,26.66,88.59,44.92,77.83
28.05,28.05,88.29,44.57,77.35
24.54,24.54,87.41,54.08,77.65
21.77,21.77,88.70,59.25,77.21
21.13,21.13,87.18,60.66,76.90
20.12,20.12,85.62,60.48,77.25
19.76,19.76,84.64,61.85,76.76
23.11,23.11,81.23,76.86,78.63
26.12,26.12,78.97,76.31,78.34
23.62,23.62,78.44,76.83,76.43
24.96,24.96,76.71,74.96,76.44
27.71,27.71,74.63,74.36,77.23
28.93,28.93,73.18,74.62,76.94
33.10,33.10,71.95,76.25,78.16
31.17,31.17,65.82,77.81,76.70
28.06,28.06,67.56,77.22,77.06
23.59,23.59,73.89,74.97,77.12
18.33,18.33,83.25,70.03,76.92
19.12,19.12,88.65,65.62,76.77
25.19,25.19,89.59,51.65,76.83
23.26,23.26,92.42,41.43,76.83
23.83,23.83,88.91,36.73,77.28
22.10,22.10,87.30,52.03,76.53
22.49,22.49,85.85,60.87,76.42
26.97,26.97,84.13,63.37,75.72
27.13,27.13,82.93,62.67,75.82
26.09,26.09,82.52,60.35,75.66
25.41,25.41,82.71,69.26,77.11
21.60,21.60,79.43,77.88,78.48
19.39,19.39,76.42,78.01,79.18
16.57,16.57,73.45,75.52,77.18
15.90,15.90,68.50,77.99,77.28
14.35,14.35,65.54,74.82,77.52
18.41,18.41,63.79,77.21,77.09
20.84,20.84,63.11,77.14,77.11
20.42,20.42,66.06,78.67,76.20
17.80,17.80,71.57,75.67,78.44
15.83,15.83,82.39,76.03,77.27
21.54,21.54,89.44,67.32,75.86
16.81,16.81,89.18,53.12,79.21
14.02,14.02,90.09,50.38,77.60
19.04,19.04,89.46,47.74,77.52
16.96,16.96,88.74,56.68,76.90
20.32,20.32,87.82,58.53,77.03
18.84,18.84,87.27,58.97,74.13
19.51,19.51,86.80,60.79,73.60
14.73,14.73,87.01,63.73,70.59
19.12,19.12,84.42,73.49,73.67
25.15,25.15,82.29,77.73,78.93
23.11,23.11,80.14,77.48,77.65
21.46,21.46,79.38,77.30,77.53
21.66,21.66,77.34,77.87,78.36
21.02,21.02,72.45,80.83,78.14
17.49,17.49,68.66,81.33,77.32
21.60,21.60,64.28,80.20,78.00
20.81,20.81,62.89,80.22,76.65
17.00,17.00,71.12,75.91,76.35
16.12,16.12,82.07,78.51,76.57
17.29,17.29,88.70,66.31,76.90
13.99,13.99,90.53,60.46,77.13
15.86,15.86,91.07,59.62,76.69
15.84,15.84,88.78,53.49,76.46
20.54,20.54,86.75,54.85,77.23
20.75,20.75,85.87,59.93,77.60
19.17,19.17,85.48,62.17,77.20
18.19,18.19,86.22,63.17,76.40
19.97,19.97,84.20,63.52,76.79
21.41,21.41,81.28,67.39,76.94
24.77,24.77,77.94,76.84,78.22
28.72,28.72,75.36,77.32,77.71
32.84,32.84,74.44,75.05,78.93
31.63,31.63,73.30,75.99,79.12
29.99,29.99,72.39,76.74,79.34
28.22,28.22,69.17,77.28,77.09
29.46,29.46,64.76,79.76,75.23
21.50,21.50,65.80,78.38,72.54
15.71,15.71,67.70,78.54,71.88
10.02,10.02,78.78,77.06,72.08
18.70,18.70,88.94,70.37,75.86
15.99,15.99,88.19,62.63,76.74
14.73,14.73,90.65,55.10,77.22
20.14,20.14,89.15,60.24,78.75
25.25,25.25,87.05,66.30,78.37
28.43,28.43,86.48,67.89,77.34
29.24,29.24,87.25,69.87,79.06
27.35,27.35,84.76,70.76,79.42
27.14,27.14,83.19,69.51,79.05
24.41,24.41,83.22,70.69,78.79
22.72,22.72,85.01,76.31,77.88
21.64,21.64,84.43,76.35,77.34
18.56,18.56,80.31,77.75,78.49
21.12,21.12,77.22,78.64,76.80
19.14,19.14,74.42,76.98,76.59
17.69,17.69,70.52,74.64,78.02
20.02,20.02,65.98,74.40,77.65
19.68,19.68,64.78,78.26,77.75
20.81,20.81,69.67,75.35,76.55
17.53,17.53,76.19,71.97,76.61
12.58,12.58,89.02,69.35,75.88
16.62,16.62,88.91,62.72,76.17
16.55,16.55,90.81,56.78,77.03
22.95,22.95,89.28,63.56,76.71
21.69,21.69,88.64,69.94,76.76
18.88,18.88,89.62,68.64,75.12
16.01,16.01,87.86,67.82,75.47
16.36,16.36,86.35,68.01,74.78
14.51,14.51,84.85,69.88,75.35
17.35,17.35,82.98,70.40,75.82
18.09,18.09,76.82,77.61,78.40
23.59,23.59,70.91,76.43,78.43
18.00,18.00,68.49,78.10,79.47
17.39,17.39,67.21,78.96,78.34
21.15,21.15,65.33,76.94,76.93
21.67,21.67,64.86,78.02,77.94
21.33,21.33,65.19,76.53,77.38
15.53,15.53,64.91,78.46,79.25
17.83,17.83,67.59,78.62,77.60
16.46,16.46,73.60,72.42,75.93
17.31,17.31,88.89,74.02,78.19
15.22,15.22,88.11,65.89,74.63
12.17,12.17,90.15,58.46,77.38
15.71,15.71,89.88,54.42,77.87
15.89,15.89,87.05,58.06,76.09
20.18,20.18,86.20,57.72,75.05
22.92,22.92,85.16,60.54,76.56
22.27,22.27,84.02,61.07,75.97
16.10,16.10,83.53,60.45,74.27
13.52,13.52,84.24,63.69,72.13
18.17,18.17,83.06,75.01,77.29
18.16,18.16,82.24,75.46,77.53
19.25,19.25,80.60,77.56,77.98
22.91,22.91,78.96,80.36,77.98
20.81,20.81,74.71,79.48,77.45
19.68,19.68,70.49,78.87,77.71
23.14,23.14,66.35,80.25,80.53
24.26,24.26,62.91,80.01,78.79
19.49,19.49,65.12,80.20,77.25
18.87,18.87,75.18,75.37,75.69
21.10,21.10,88.05,71.03,76.19
19.13,19.13,88.84,62.86,75.96
16.45,16.45,90.23,53.89,76.02
13.57,13.57,91.83,56.76,76.24
16.02,16.02,89.19,53.96,75.23
17.72,17.72,88.53,57.46,76.40
24.10,24.10,87.76,60.77,76.86
28.04,28.04,87.35,65.63,77.26
22.33,22.33,87.37,67.16,76.96
17.59,17.59,83.97,73.60,75.71
19.06,19.06,79.45,80.14,78.08
22.50,22.50,77.03,78.86,78.08
19.08,19.08,74.47,80.78,78.70
16.07,16.07,71.35,79.87,77.65
20.76,20.76,66.85,79.55,77.20
21.24,21.24,64.46,78.79,80.68
23.89,23.89,60.77,75.46,78.12
24.51,24.51,61.73,77.96,73.92
20.31,20.31,64.22,76.61,72.65
17.11,17.11,68.52,74.48,72.07
23.20,23.20,88.61,77.02,75.77
23.38,23.38,88.52,70.60,78.64
22.51,22.51,90.88,60.94,79.60
17.00,17.00,88.87,52.32,78.70
19.71,19.71,87.89,57.83,78.86
19.89,19.89,86.20,60.45,78.09
23.40,23.40,85.75,64.12,76.76
22.92,22.92,86.28,64.58,77.99
21.82,21.82,84.31,65.99,77.70
20.49,20.49,81.91,63.64,76.33
21.69,21.69,81.90,73.38,78.38
23.64,23.64,83.35,75.41,77.61
18.25,18.25,78.82,76.57,77.73
20.53,20.53,75.41,77.73,76.92
18.65,18.65,72.69,79.99,75.88
24.46,24.46,69.68,80.86,76.42
34.46,34.46,66.07,79.40,77.49
37.66,37.66,61.82,78.08,77.62
33.69,33.69,63.06,78.78,78.68
29.35,29.35,71.39,75.78,78.12
29.45,29.45,83.75,72.95,78.34
21.58,21.58,88.92,66.45,76.77
29.92,29.92,90.45,58.73,75.60
36.26,36.26,90.37,48.69,76.53
33.23,33.23,89.91,46.80,77.15
28.30,28.30,88.54,57.14,77.63
22.17,22.17,88.49,62.45,76.76
24.65,24.65,86.80,64.70,75.71
29.03,29.03,85.19,66.68,74.36
23.13,23.13,84.04,67.79,74.09
20.12,20.12,82.67,77.87,76.54
21.23,21.23,81.47,75.78,78.43
23.32,23.32,80.38,77.54,79.51
27.54,27.54,76.32,77.68,78.80
29.78,29.78,72.52,77.21,76.58
26.97,26.97,67.29,75.87,78.72
31.71,31.71,65.04,77.17,78.37
33.82,33.82,63.69,78.21,79.02
29.58,29.58,64.63,79.13,76.49
21.16,21.16,72.83,75.29,77.30
21.65,21.65,81.87,66.47,76.07
22.66,22.66,88.42,65.27,76.87
19.08,19.08,90.01,59.63,77.55
20.85,20.85,90.84,52.45,77.25
29.17,29.17,88.02,49.65,77.49
32.58,32.58,88.70,56.86,78.58
28.50,28.50,87.29,59.60,74.47
24.08,24.08,86.08,61.32,74.52
17.12,17.12,84.91,62.68,72.48
19.44,19.44,83.99,65.42,71.90
23.17,23.17,82.81,70.58,74.63
21.63,21.63,77.99,75.99,78.30
26.30,26.30,76.15,76.15,78.13
34.46,34.46,74.79,74.35,76.60
31.54,31.54,71.29,78.57,78.51
24.94,24.94,67.66,77.82,78.23
28.28,28.28,64.97,77.83,78.10
29.05,29.05,64.19,79.37,76.43
29.42,29.42,64.09,76.44,77.16
26.04,26.04,69.33,72.75,75.86
20.73,20.73,82.00,77.37,76.86
21.51,21.51,89.59,73.75,76.44
22.46,22.46,89.42,65.41,78.00
26.05,26.05,92.10,59.79,75.61
35.46,35.46,89.85,58.31,78.24
28.07,28.07,86.99,61.92,77.10
31.32,31.32,85.82,63.00,78.17
24.87,24.87,85.02,62.59,78.00
21.15,21.15,84.95,63.42,77.81
22.08,22.08,85.46,62.12,78.71
27.41,27.41,82.89,75.78,77.46
38.76,38.76,81.42,78.29,79.13
43.62,43.62,75.54,78.47,79.60
39.22,39.22,69.36,76.10,79.57
37.07,37.07,70.23,77.29,79.15
38.07,38.07,71.52,79.22,78.71
37.37,37.37,69.36,80.28,76.29
33.71,33.71,64.45,79.63,75.20
29.44,29.44,59.28,79.01,73.14
23.26,23.26,67.85,78.68,71.94
16.41,16.41,77.62,68.25,73.60
20.13,20.13,88.49,66.12,78.64
21.75,21.75,90.38,60.43,78.86
22.21,22.21,89.80,49.88,78.51
30.96,30.96,89.25,52.64,79.58
37.47,37.47,87.41,56.87,79.58
33.99,33.99,86.97,56.32,78.83
32.45,32.45,87.52,55.59,78.50
33.77,33.77,87.56,59.22,78.47
31.96,31.96,84.15,63.23,77.69
33.99,33.99,82.22,66.87,79.48
30.77,30.77,83.45,77.60,78.09
24.43,24.43,82.45,76.74,78.29
27.86,27.86,79.95,77.68,77.91
34.18,34.18,73.63,80.49,76.86
33.20,33.20,65.09,81.37,76.81
38.11,38.11,63.15,80.72,79.00
40.30,40.30,64.75,78.60,77.20
42.14,42.14,66.94,79.22,75.79
40.08,40.08,70.31,79.94,77.76
34.21,34.21,78.72,77.63,78.37
32.63,32.63,87.87,70.54,77.97
32.38,32.38,89.04,61.00,76.18
37.21,37.21,90.92,51.80,77.26
44.85,44.85,87.61,59.19,77.66
41.92,41.92,85.07,60.95,78.69
38.78,38.78,86.66,61.26,77.31
40.18,40.18,87.97,65.98,77.57
40.27,40.27,86.24,65.72,77.36
37.43,37.43,85.41,66.95,75.96
41.66,41.66,81.87,72.69,77.33
43.74,43.74,77.29,77.96,79.96
48.27,48.27,76.46,79.79,78.79
44.99,44.99,78.14,80.80,78.06
49.62,49.62,76.67,80.02,77.75
51.22,51.22,73.73,78.53,78.11
50.38,50.38,68.57,76.92,76.96
50.44,50.44,65.08,77.00,78.12
49.31,49.31,66.38,79.52,79.02
43.29,43.29,69.10,79.36,77.31
40.41,40.41,77.94,77.67,77.31
40.86,40.86,88.76,69.67,77.07
46.80,46.80,89.82,61.26,78.09
45.24,45.24,90.40,45.08,78.88
40.56,40.56,88.56,50.32,78.32
40.50,40.50,88.28,53.38,78.32
44.61,44.61,88.09,57.63,78.32
40.14,40.14,85.71,57.10,76.32
33.42,33.42,83.21,59.84,75.09
32.16,32.16,83.58,61.02,72.47
26.33,26.33,83.75,69.63,73.39
37.07,37.07,82.57,79.62,78.60
37.23,37.23,78.11,79.51,77.68
39.96,39.96,70.55,78.19,78.92
41.76,41.76,71.53,78.72,78.55
45.01,45.01,72.41,78.75,77.93
43.35,43.35,70.23,79.67,78.10
47.00,47.00,65.68,79.91,78.58
46.68,46.68,64.79,80.03,77.77
47.23,47.23,70.26,78.85,76.99
53.89,53.89,76.25,75.16,79.54
58.47,58.47,88.52,71.15,78.36
70.08,70.08,88.85,61.25,79.70
69.42,69.42,90.31,51.14,79.38
69.47,69.47,90.63,48.08,79.98
70.87,70.87,88.05,53.53,81.35
72.13,72.13,87.67,52.64,79.76
68.74,68.74,87.49,53.59,78.34
64.81,64.81,85.44,61.31,78.90
64.24,64.24,83.69,64.10,78.19
61.37,61.37,83.89,66.12,79.05
63.70,63.70,82.86,78.21,78.99
67.70,67.70,82.40,76.89,78.68
73.12,73.12,78.75,78.52,80.50
73.72,73.72,73.13,80.50,78.63
74.73,74.73,64.72,79.87,79.49
72.32,72.32,65.25,79.61,78.35
68.03,68.03,65.87,80.15,78.02
60.96,60.96,63.17,80.19,77.26
58.44,58.44,64.51,80.09,75.63
57.09,57.09,72.52,76.97,74.22
57.35,57.35,87.76,72.33,78.21
66.78,66.78,87.37,65.89,80.43
67.27,67.27,90.11,55.59,80.28
69.38,69.38,89.47,54.66,78.22
71.59,71.59,86.58,60.23,81.00
69.75,69.75,85.52,63.72,80.89
67.03,67.03,86.55,65.61,78.69
62.61,62.61,86.98,63.42,79.77
60.60,60.60,87.36,65.05,80.18
58.89,58.89,83.71,70.06,79.93
58.67,58.67,78.27,74.88,79.25
68.34,68.34,78.77,78.85,80.58
69.40,69.40,79.76,81.08,79.97
69.85,69.85,78.12,79.21,79.60
67.59,67.59,74.84,78.97,79.49
68.83,68.83,68.04,78.68,80.74
67.89,67.89,62.08,77.95,79.33
66.58,66.58,65.31,79.78,78.73
63.79,63.79,66.41,79.54,79.32
62.94,62.94,72.99,76.78,78.77
63.23,63.23,85.87,75.41,78.86
66.27,66.27,89.49,64.00,79.02
61.75,61.75,89.76,54.94,78.58
64.50,64.50,88.96,56.44,79.22
64.14,64.14,87.91,61.18,79.68
65.74,65.74,86.13,62.17,78.96
65.44,65.44,85.59,60.43,78.71
64.15,64.15,85.95,61.66,78.35
67.81,67.81,84.16,62.73,77.05
65.85,65.85,83.55,69.47,77.10
60.28,60.28,80.92,78.77,80.03
63.79,63.79,76.19,79.59,80.64
63.83,63.83,71.14,78.76,79.84
62.81,62.81,73.08,79.07,79.23
64.38,64.38,73.81,79.51,78.48
67.73,67.73,71.93,80.31,78.81
64.85,64.85,69.20,80.35,79.00
67.57,67.57,66.32,79.76,78.30
69.89,69.89,67.44,79.42,78.88
64.69,64.69,71.08,76.22,78.86
64.23,64.23,85.10,75.97,78.75
64.31,64.31,87.38,66.98,79.43
64.60,64.60,89.19,58.20,80.15
63.16,63.16,89.87,48.06,79.56
63.09,63.09,88.98,47.41,78.83
64.46,64.46,88.04,51.87,78.60
63.95,63.95,88.93,53.85,79.29
65.80,65.80,86.20,55.55,76.00
66.21,66.21,83.28,61.84,75.95
66.62,66.62,81.86,63.60,75.44
64.82,64.82,83.77,72.34,78.22
63.95,63.95,83.34,77.68,80.30
61.66,61.66,78.85,79.21,80.17
63.74,63.74,70.94,80.15,80.16
62.76,62.76,64.89,79.65,79.05
65.66,65.66,66.85,80.44,79.53
67.60,67.60,67.25,79.81,79.30
64.67,64.67,65.59,81.15,80.69
66.09,66.09,63.81,81.20,78.16
62.85,62.85,72.26,79.10,76.80
59.97,59.97,83.99,70.34,78.64
65.62,65.62,88.18,62.73,78.33
66.97,66.97,89.42,57.22,78.57
66.28,66.28,91.59,53.84,77.22
66.33,66.33,88.05,58.41,78.39
60.37,60.37,86.88,62.10,78.38
69.09,69.09,86.97,65.15,79.00
65.06,65.06,87.06,63.43,78.90
65.37,65.37,85.55,59.44,78.63
66.42,66.42,84.15,68.21,80.08
62.89,62.89,84.06,71.13,78.23
64.68,64.68,81.88,74.63,80.19
64.42,64.42,79.76,79.73,80.30
66.25,66.25,74.12,78.03,79.38
65.17,65.17,74.30,78.37,79.34
63.13,63.13,70.65,78.47,79.49
63.05,63.05,70.03,77.02,79.11
62.44,62.44,66.64,80.22,77.83
64.47,64.47,66.12,81.51,79.28
64.05,64.05,67.04,80.49,78.95
56.87,56.87,70.48,78.07,76.95
64.98,64.98,74.88,74.47,79.13
63.69,63.69,74.74,72.12,79.01
62.82,62.82,71.07,71.53,80.35
66.11,66.11,69.64,72.53,81.16
61.64,61.64,62.62,71.72,79.27
65.60,65.60,56.02,74.22,79.89
64.52,64.52,52.97,75.37,78.45
66.40,66.40,49.95,72.96,78.63
63.90,63.90,54.57,68.72,79.90
63.79,63.79,68.42,73.65,77.38
65.16,65.16,76.73,81.45,78.76
64.80,64.80,75.57,80.06,78.42
63.66,63.66,70.16,80.89,77.37
62.14,62.14,67.86,78.78,78.57
60.41,60.41,62.29,79.42,76.79
62.52,62.52,54.48,79.80,76.17
61.18,61.18,51.34,79.68,75.46
63.81,63.81,52.70,80.87,77.57
64.43,64.43,59.56,80.90,77.24
66.03,66.03,67.63,79.14,79.57
64.63,64.63,76.92,75.33,79.00
64.98,64.98,75.58,70.08,78.49
65.11,65.11,70.18,69.72,78.43
63.78,63.78,68.50,71.75,78.15
64.75,64.75,60.03,72.83,78.08
63.82,63.82,48.48,72.78,78.78
58.40,58.40,44.69,71.82,76.98
62.55,62.55,42.94,71.79,79.15
60.72,60.72,50.27,71.35,77.46
60.23,60.23,57.12,73.98,76.43
63.71,63.71,67.14,78.93,79.21
61.96,61.96,66.41,79.17,79.81
62.16,62.16,62.13,79.88,79.64
62.93,62.93,63.31,77.61,79.68
59.12,59.12,63.64,79.19,78.93
60.08,60.08,65.95,79.97,80.01
63.87,63.87,66.29,80.73,80.29
60.77,60.77,66.22,78.56,80.07
58.73,58.73,70.67,79.07,79.54
55.62,55.62,77.37,76.82,79.19
56.23,56.23,87.72,69.34,80.62
58.29,58.29,89.28,59.81,80.99
57.64,57.64,89.43,57.04,80.79
59.77,59.77,87.05,58.08,80.77
57.99,57.99,86.58,55.95,81.83
57.54,57.54,87.09,58.74,80.75
54.23,54.23,88.59,63.85,81.38
53.09,53.09,85.30,67.52,80.06
56.28,56.28,83.60,72.33,78.84
56.28,56.28,81.20,75.82,76.86
57.12,57.12,78.22,80.17,79.86
53.54,53.54,78.81,82.01,80.70
54.56,54.56,77.68,78.05,80.63
51.71,51.71,74.76,77.88,79.20
53.79,53.79,71.68,78.62,79.39
54.61,54.61,71.45,81.97,80.96
56.57,56.57,70.50,82.37,81.51
53.18,53.18,69.74,82.24,80.53
55.48,55.48,71.96,80.88,80.39
56.86,56.86,76.92,77.88,82.02
51.97,51.97,88.01,69.97,80.95
52.77,52.77,89.14,64.81,78.89
52.59,52.59,90.63,53.81,80.12
53.65,53.65,89.15,51.80,78.18
52.89,52.89,88.34,51.77,80.76
50.65,50.65,89.14,59.74,77.50
48.00,48.00,86.49,65.34,78.74
50.10,50.10,83.77,68.75,77.75
47.98,47.98,85.08,68.66,79.82
45.96,45.96,83.84,70.85,78.79
43.96,43.96,76.92,76.68,80.19
41.22,41.22,73.62,77.35,81.44
43.71,43.71,72.39,78.00,81.67
42.99,42.99,72.06,76.15,78.52
43.16,43.16,69.93,77.10,79.96
44.27,44.27,68.92,78.00,78.07
43.90,43.90,68.52,77.00,77.22
43.80,43.80,65.83,78.99,76.99
43.70,43.70,65.25,78.67,75.31
40.68,40.68,73.03,73.62,76.30
43.00,43.00,88.28,71.45,77.38
45.33,45.33,87.88,56.51,79.10
40.65,40.65,89.57,50.04,78.16
40.96,40.96,89.80,43.35,79.14
42.94,42.94,86.89,54.95,79.10
45.63,45.63,85.99,62.91,79.10
47.01,47.01,85.04,65.70,78.19
47.02,47.02,84.40,65.36,77.37
44.49,44.49,84.03,66.03,78.10
42.38,42.38,83.93,68.57,78.31
42.86,42.86,83.99,76.95,78.68
45.52,45.52,83.19,74.66,81.79
45.09,45.09,81.34,75.38,78.87
43.81,43.81,79.26,76.60,81.59
45.86,45.86,75.75,78.64,78.64
47.92,47.92,71.59,75.51,81.70
51.80,51.80,67.35,74.16,80.57
54.72,54.72,65.62,76.42,80.47
54.50,54.50,66.25,77.34,79.13
51.22,51.22,72.05,75.41,78.49
47.84,47.84,86.25,70.44,79.22
51.72,51.72,88.86,58.36,79.64
51.12,51.12,89.58,52.17,78.46
53.49,53.49,91.62,56.08,78.59
54.49,54.49,89.02,59.40,77.55
56.05,56.05,87.89,64.09,79.83
48.09,48.09,87.22,67.18,79.06
44.41,44.41,86.71,66.72,79.82
42.42,42.42,87.60,65.10,77.74
43.02,43.02,84.14,70.19,79.39
46.24,46.24,77.75,78.72,78.73
45.84,45.84,73.74,74.92,82.43
42.59,42.59,71.18,77.82,79.32
45.48,45.48,69.28,76.00,80.54
49.69,49.69,65.77,75.23,78.27
50.94,50.94,65.31,74.41,80.40
53.67,53.67,64.79,76.47,80.71
49.57,49.57,65.65,77.25,79.38
47.58,47.58,66.68,75.94,80.36
44.19,44.19,71.51,72.80,78.60
44.47,44.47,85.94,75.79,78.81
46.84,46.84,87.89,68.84,77.57
50.79,50.79,90.68,57.20,75.61
50.05,50.05,89.20,44.26,77.57
54.27,54.27,86.83,51.84,78.77
50.49,50.49,85.35,56.95,77.62
47.54,47.54,85.01,60.57,78.20
40.87,40.87,85.77,64.02,78.82
40.19,40.19,83.60,64.90,78.86
38.53,38.53,81.56,64.38,78.73
45.91,45.91,82.18,72.52,78.88
51.33,51.33,84.57,77.57,80.05
56.12,56.12,80.51,77.41,80.46
54.39,54.39,77.36,79.55,79.33
54.13,54.13,73.85,81.26,80.41
52.32,52.32,71.61,80.94,78.92
54.22,54.22,66.91,80.88,79.80
46.43,46.43,62.98,79.97,79.21
46.56,46.56,64.84,77.87,78.08
46.05,46.05,74.47,77.89,75.90
39.46,39.46,85.94,70.03,77.71
34.49,34.49,88.59,63.90,80.14
32.03,32.03,90.05,52.83,79.59
32.25,32.25,90.20,41.41,79.58
32.65,32.65,89.15,41.85,79.25
35.87,35.87,89.16,54.57,77.47
36.64,36.64,88.99,56.81,79.63
37.93,37.93,86.37,60.93,79.89
38.69,38.69,85.31,62.69,79.93
33.99,33.99,84.43,70.90,81.77
36.61,36.61,80.47,80.06,80.03
38.60,38.60,75.78,81.10,79.40
46.51,46.51,72.45,78.74,79.56
42.74,42.74,75.48,77.64,79.62
40.98,40.98,76.27,78.20,79.04
42.79,42.79,73.25,78.01,79.28
41.46,41.46,68.27,78.70,78.48
38.51,38.51,62.85,77.83,78.06
38.20,38.20,60.40,78.65,76.50
34.96,34.96,69.12,75.91,75.38
40.06,40.06,83.13,78.13,76.47
39.46,39.46,88.26,69.65,77.56
37.24,37.24,88.74,58.21,77.75
36.15,36.15,91.34,44.53,78.50
37.85,37.85,89.91,36.34,79.64
39.09,39.09,89.16,41.42,80.09
37.72,37.72,87.53,48.23,79.71
34.24,34.24,85.18,55.19,78.85
37.89,37.89,83.20,62.07,79.41
41.43,41.43,83.87,66.40,79.56
41.04,41.04,85.45,73.60,78.93
39.91,39.91,84.18,77.99,78.56
34.92,34.92,80.00,81.25,78.72
36.40,36.40,71.13,81.29,79.71
35.36,35.36,63.01,79.49,77.81
32.72,32.72,65.26,77.82,78.05
34.09,34.09,66.67,79.94,78.40
36.36,36.36,66.76,80.39,79.70
34.45,34.45,64.17,78.46,77.47
33.92,33.92,72.85,76.27,78.01
28.59,28.59,82.22,64.22,78.48
26.13,26.13,89.03,60.43,77.33
33.91,33.91,89.34,48.41,77.61
37.92,37.92,91.28,37.62,77.19
40.33,40.33,89.44,43.45,78.38
38.06,38.06,87.24,52.06,78.41
32.29,32.29,86.85,56.03,77.96
32.92,32.92,86.80,54.39,77.87
29.40,29.40,86.23,60.36,76.56
28.42,28.42,85.95,61.50,77.53
23.96,23.96,81.10,70.10,77.01
28.76,28.76,81.07,79.50,79.96
29.87,29.87,80.59,79.62,78.72
36.93,36.93,79.24,80.28,77.79
30.34,30.34,76.09,80.03,78.65
31.97,31.97,70.49,79.57,78.88
34.38,34.38,64.93,79.96,76.95
36.26,36.26,65.73,80.45,77.46
32.33,32.33,68.24,78.83,78.17
24.16,24.16,70.17,76.75,78.66
20.10,20.10,81.06,74.88,78.23
17.79,17.79,87.92,63.68,76.24
18.95,18.95,89.82,53.99,78.48
22.39,22.39,89.38,44.84,77.76
20.01,20.01,89.11,49.33,78.39
22.64,22.64,86.12,52.17,78.61
31.39,31.39,85.30,51.04,77.92
34.55,34.55,85.54,56.31,75.47
27.78,27.78,87.17,61.28,75.16
24.42,24.42,85.24,64.73,73.21
20.57,20.57,81.84,77.12,74.87
24.19,24.19,73.99,78.84,79.95
27.40,27.40,73.97,76.45,80.22
28.44,28.44,76.48,77.24,80.41
26.46,26.46,75.66,80.07,79.96
21.05,21.05,72.83,80.12,80.24
24.48,24.48,69.23,79.88,77.58
26.51,26.51,61.77,79.85,79.71
21.53,21.53,64.17,79.94,78.32
17.50,17.50,69.62,80.03,76.89
17.66,17.66,78.42,77.36,77.60
19.18,19.18,88.39,65.54,79.86
16.42,16.42,88.45,60.86,79.52
18.97,18.97,90.44,44.54,80.09
25.48,25.48,90.59,39.61,78.59
27.45,27.45,88.58,53.24,78.64
24.58,24.58,87.25,57.72,80.40
26.38,26.38,87.21,59.16,79.32
28.60,28.60,84.35,59.27,79.63
21.45,21.45,82.61,64.09,76.90
18.03,18.03,83.80,67.53,78.60
17.19,17.19,85.51,79.35,79.33
20.03,20.03,83.97,77.19,78.99
16.29,16.29,79.65,79.75,78.19
20.08,20.08,76.46,78.16,78.84
23.66,23.66,74.96,79.67,78.99
25.70,25.70,69.84,77.27,80.44
25.81,25.81,63.41,79.60,78.77
22.42,22.42,61.36,78.98,77.74
16.06,16.06,64.95,80.64,77.61
9.99,9.99,78.03,78.20,77.07
10.24,10.24,88.04,67.68,79.27
17.60,17.60,88.94,51.08,80.54
21.57,21.57,91.30,37.90,79.96
18.96,18.96,88.25,43.73,79.76
26.35,26.35,86.72,43.39,77.84
26.90,26.90,87.85,52.18,80.00
25.45,25.45,87.00,60.22,79.22
20.57,20.57,85.55,63.88,78.56
21.44,21.44,84.88,65.11,78.03
21.13,21.13,83.35,74.30,78.38
21.96,21.96,79.51,78.22,80.35
21.81,21.81,75.43,79.65,81.58
20.60,20.60,73.58,80.04,80.16
23.62,23.62,71.16,79.57,78.91
17.65,17.65,70.28,79.76,78.29
14.25,14.25,69.14,79.04,79.91
19.39,19.39,65.32,79.94,80.27
16.66,16.66,61.44,76.96,80.86
14.03,14.03,67.22,76.35,80.96
14.87,14.87,73.82,75.47,80.72
19.07,19.07,89.56,66.75,78.57
14.84,14.84,90.01,62.04,78.44
18.42,18.42,90.18,51.90,79.96
23.24,23.24,91.13,46.22,78.59
21.78,21.78,88.92,56.63,79.80
16.24,16.24,86.72,58.85,79.13
16.47,16.47,84.73,60.15,80.28
16.54,16.54,84.05,62.67,77.81
19.58,19.58,83.94,63.18,78.16
16.61,16.61,83.40,64.03,77.28
21.25,21.25,82.04,73.75,78.99
19.58,19.58,80.23,76.41,79.17
23.45,23.45,77.32,78.40,79.30
16.92,16.92,72.20,78.31,78.55
15.11,15.11,67.50,78.61,78.26
20.89,20.89,63.24,79.64,77.81
14.37,14.37,61.50,78.22,78.99
13.44,13.44,61.88,80.74,79.32
11.82,11.82,66.02,78.04,80.15
11.06,11.06,73.21,75.39,79.17
14.21,14.21,88.48,72.81,77.38
21.52,21.52,88.52,61.27,78.12
22.01,22.01,89.66,53.12,77.75
14.69,14.69,90.11,42.17,77.99
18.83,18.83,89.06,39.22,78.57
20.56,20.56,87.81,45.11,79.29
13.24,13.24,86.33,55.97,79.14
10.17,10.17,86.66,58.32,78.44
8.68,8.68,87.56,64.13,75.07
13.68,13.68,84.81,64.68,75.20
21.28,21.28,82.64,79.99,79.06
21.12,21.12,79.68,77.29,79.09
23.73,23.73,79.50,76.46,81.24
18.33,18.33,78.47,77.90,78.99
23.17,23.17,73.66,76.03,78.65
16.20,16.20,68.76,76.68,77.94
17.22,17.22,64.54,79.33,79.22
17.04,17.04,60.43,79.97,77.99
16.52,16.52,66.98,79.64,77.80
16.56,16.56,72.89,76.11,77.42
13.40,13.40,85.34,73.35,77.58
19.20,19.20,89.57,63.23,78.30
17.75,17.75,89.90,47.54,79.62
12.40,12.40,90.49,43.61,77.65
15.98,15.98,88.21,51.90,77.97
15.02,15.02,85.84,58.67,77.51
19.67,19.67,85.50,61.62,78.70
21.68,21.68,85.93,62.74,78.55
17.65,17.65,83.73,62.27,77.97
15.32,15.32,82.15,63.35,78.66
19.43,19.43,80.63,70.44,78.54
22.09,22.09,80.04,77.14,78.77
22.90,22.90,76.69,77.49,78.54
25.52,25.52,75.39,77.59,77.26
22.82,22.82,73.47,78.52,77.55
16.88,16.88,71.86,79.00,76.56
15.01,15.01,65.09,79.86,77.11
9.41,9.41,60.59,80.96,75.64
10.60,10.60,68.27,78.82,75.31
6.80,6.80,74.07,75.37,73.95
14.99,14.99,85.97,70.00,76.04
16.74,16.74,89.02,64.74,77.45
24.32,24.32,89.53,50.05,77.60
16.19,16.19,90.61,43.75,77.59
18.24,18.24,89.16,43.86,80.13
16.91,16.91,88.18,53.61,77.25
23.66,23.66,86.87,59.09,79.11
23.67,23.67,85.35,64.41,78.34
23.60,23.60,84.28,64.70,78.19
21.51,21.51,83.99,65.63,76.40
17.80,17.80,85.22,72.81,77.20
24.94,24.94,85.72,75.77,78.71
20.07,20.07,81.42,76.45,79.12
22.89,22.89,78.52,75.33,76.94
15.56,15.56,75.24,77.12,77.02
19.35,19.35,70.08,80.10,76.96
20.08,20.08,65.50,79.60,77.45
21.81,21.81,61.11,77.84,77.48
19.82,19.82,64.16,76.80,77.15
17.17,17.17,73.73,74.72,75.78
16.02,16.02,83.65,63.35,77.20
11.06,11.06,88.63,62.72,76.87
13.30,13.30,90.03,59.06,77.14
15.81,15.81,91.65,59.07,76.82
13.16,13.16,89.04,57.32,79.62
18.17,18.17,88.76,57.54,77.50
21.85,21.85,87.73,59.09,75.96
18.55,18.55,86.32,59.72,75.63
10.02,10.02,85.65,60.45,75.37
15.91,15.91,85.01,60.45,73.55
12.60,12.60,82.92,70.09,76.27
20.79,20.79,72.75,75.29,78.60
14.71,14.71,68.44,74.12,79.08
15.21,15.21,67.87,77.73,77.84
17.71,17.71,68.83,78.25,77.91
15.71,15.71,66.65,78.38,77.76
20.89,20.89,64.83,78.74,77.15
21.35,21.35,64.88,76.88,77.74
20.50,20.50,64.39,76.20,77.99
20.67,20.67,70.78,76.92,77.12
21.20,21.20,81.66,78.75,75.92
13.46,13.46,88.42,66.93,78.38
18.48,18.48,88.85,53.76,78.05
10.13,10.13,91.00,45.98,77.68
15.15,15.15,88.90,41.88,78.53
17.26,17.26,86.74,51.46,78.61
18.48,18.48,85.30,57.79,78.18
18.23,18.23,84.79,61.19,76.24
13.59,13.59,84.65,61.11,75.04
10.60,10.60,84.95,63.98,73.36
11.80,11.80,82.81,66.18,75.80
20.13,20.13,83.36,76.71,80.08
20.69,20.69,82.34,77.37,80.13
18.72,18.72,81.74,75.86,80.15
19.48,19.48,78.27,76.22,79.42
14.48,14.48,72.90,78.53,80.24
16.68,16.68,68.19,77.47,78.20
15.83,15.83,62.73,78.25,77.73
16.12,16.12,61.35,78.68,77.79
17.74,17.74,69.72,75.11,78.54
14.83,14.83,77.66,72.39,77.10
15.86,15.86,88.06,63.49,79.88
17.38,17.38,90.62,52.36,80.91
17.11,17.11,89.92,44.13,80.67
18.48,18.48,90.36,43.36,79.15
20.16,20.16,88.90,55.75,80.17
24.22,24.22,87.98,60.77,79.79
25.59,25.59,87.74,61.47,79.15
25.43,25.43,88.36,66.28,79.34
19.28,19.28,85.38,68.20,77.90
14.58,14.58,81.39,77.55,78.57
20.72,20.72,74.60,79.56,79.48
18.52,18.52,72.56,78.54,78.10
16.28,16.28,70.57,76.90,78.47
20.77,20.77,66.27,76.99,77.45
18.89,18.89,63.09,78.72,77.12
15.47,15.47,61.28,78.53,75.79
13.44,13.44,60.88,78.88,74.45
9.92,9.92,64.86,79.57,74.10
4.60,4.60,68.02,76.50,74.03
7.90,7.90,79.94,75.11,74.28
9.65,9.65,87.83,65.96,77.79
21.30,21.30,88.55,57.84,79.74
23.77,23.77,90.62,50.54,78.06
16.81,16.81,87.87,43.69,79.61
22.82,22.82,86.32,43.89,78.90
26.03,26.03,86.06,49.90,78.42
20.63,20.63,86.55,54.79,77.70
20.99,20.99,84.24,60.70,79.18
19.23,19.23,82.95,62.70,78.77
16.41,16.41,81.71,66.84,78.39
21.34,21.34,84.54,74.60,79.47
20.40,20.40,82.28,75.16,81.39
23.62,23.62,79.93,76.53,79.01
23.91,23.91,77.32,75.27,81.90
20.80,20.80,75.52,77.14,78.10
17.80,17.80,72.54,78.52,81.49
21.06,21.06,66.58,77.10,80.86
13.56,13.56,62.30,74.02,79.92
13.80,13.80,66.61,73.85,80.18
17.45,17.45,76.27,75.79,78.08
17.41,17.41,89.09,65.38,79.99
20.91,20.91,90.22,57.50,78.04
17.45,17.45,90.44,50.82,80.72
16.68,16.68,89.28,51.45,80.20
21.51,21.51,89.63,61.35,79.80
24.90,24.90,88.86,65.29,80.09
22.95,22.95,87.08,68.79,78.81
25.82,25.82,86.01,68.12,80.53
23.42,23.42,85.31,68.10,77.97
19.92,19.92,84.10,74.55,77.83
17.70,17.70,81.13,74.43,79.86
21.34,21.34,79.75,74.80,83.21
18.28,18.28,76.63,75.97,79.61
17.85,17.85,73.05,75.64,80.04
24.26,24.26,67.20,75.84,79.61
20.75,20.75,65.16,73.81,78.32
19.54,19.54,62.04,75.68,81.43
22.60,22.60,63.12,76.59,78.91
19.03,19.03,67.04,75.65,81.55
14.55,14.55,71.92,75.57,78.48
19.98,19.98,87.98,69.70,78.39
20.80,20.80,89.02,62.73,77.56
19.26,19.26,90.29,51.11,76.49
18.95,18.95,89.30,46.76,76.53
19.71,19.71,87.72,57.53,77.81
18.47,18.47,86.68,61.70,77.03
26.98,26.98,85.89,64.06,78.54
31.30,31.30,85.06,66.05,77.60
25.86,25.86,84.56,67.41,77.44
13.94,13.94,84.53,68.01,76.37
22.42,22.42,80.24,72.54,80.91
25.23,25.23,79.10,75.08,79.86
24.87,24.87,78.36,75.57,80.78
29.91,29.91,75.91,76.70,79.06
33.18,33.18,71.47,78.37,80.34
27.32,27.32,67.94,77.55,78.98
16.94,16.94,65.72,77.14,78.03
17.39,17.39,62.22,78.61,78.86
15.50,15.50,63.54,76.49,78.57
20.80,20.80,73.87,75.05,77.65
13.47,13.47,87.81,68.25,79.24
13.11,13.11,88.30,66.69,79.54
15.91,15.91,90.32,55.26,78.70
18.20,18.20,91.44,49.83,79.90
17.34,17.34,88.48,56.19,79.99
21.28,21.28,87.36,61.71,79.42
16.27,16.27,86.33,63.89,80.36
19.68,19.68,86.50,63.05,79.35
16.80,16.80,86.22,66.65,76.59
14.56,14.56,83.57,71.14,77.12
16.79,16.79,81.95,75.89,79.50
21.53,21.53,77.64,78.95,79.53
18.97,18.97,72.15,79.33,80.66
22.46,22.46,69.72,78.65,79.19
17.62,17.62,71.62,80.21,79.61
16.65,16.65,71.26,79.16,78.32
16.37,16.37,68.00,80.03,78.49
11.61,11.61,63.13,80.53,76.98
12.35,12.35,62.00,79.70,76.12
15.70,15.70,71.42,76.57,74.63
14.79,14.79,86.43,73.37,77.67
15.35,15.35,88.83,60.49,79.16
24.88,24.88,89.86,50.36,81.25
16.83,16.83,89.56,42.74,81.05
18.90,18.90,88.47,44.22,81.17
21.17,21.17,87.67,44.53,80.39
18.81,18.81,87.36,47.57,79.76
25.73,25.73,88.24,56.24,78.19
23.87,23.87,84.72,60.55,78.98
22.13,22.13,81.95,64.76,78.49
19.78,19.78,83.51,73.62,79.45
24.01,24.01,84.42,76.28,79.23
17.61,17.61,82.05,77.32,79.51
20.80,20.80,75.84,79.44,77.80
17.64,17.64,65.35,79.94,80.14
14.42,14.42,59.22,77.43,79.28
20.45,20.45,63.53,79.91,79.55
15.74,15.74,64.84,79.93,78.67
16.64,16.64,66.04,78.95,79.32
16.96,16.96,73.82,74.98,78.95
15.97,15.97,83.42,69.72,78.15
16.68,16.68,87.85,64.02,80.02
18.53,18.53,90.37,55.60,78.53
19.27,19.27,89.88,38.55,78.20
21.62,21.62,87.29,46.16,77.82
18.96,18.96,87.21,49.38,78.21
18.67,18.67,87.67,53.95,78.21
23.16,23.16,86.44,56.54,77.15
19.59,19.59,85.82,57.10,76.22
13.95,13.95,84.16,63.06,78.06
19.24,19.24,81.56,70.97,77.73
23.03,23.03,77.18,77.08,80.96
16.25,16.25,77.66,78.48,80.83
21.81,21.81,78.04,78.92,79.86
26.24,26.24,76.45,78.00,79.74
23.91,23.91,71.50,77.88,81.00
15.73,15.73,63.54,77.85,79.06
22.72,22.72,64.93,79.73,79.36
25.97,25.97,65.56,80.11,79.96
22.60,22.60,71.82,75.96,79.56
14.88,14.88,84.54,74.71,78.54
13.33,13.33,87.70,65.41,78.08
22.09,22.09,89.02,47.23,78.57
19.94,19.94,91.07,39.62,78.46
15.82,15.82,89.01,34.47,78.72
17.56,17.56,87.56,47.55,79.52
19.32,19.32,85.29,55.60,78.36
17.13,17.13,83.55,58.63,76.02
12.11,12.11,83.83,58.45,74.31
7.24,7.24,85.17,62.40,73.77
11.79,11.79,83.30,78.86,75.85
21.77,21.77,78.56,81.19,80.79
19.28,19.28,70.21,79.71,80.36
21.46,21.46,73.44,77.62,80.03
19.59,19.59,73.24,79.85,80.23
17.20,17.20,69.99,80.21,79.67
17.04,17.04,65.45,79.85,81.77
16.48,16.48,63.10,79.31,78.20
13.78,13.78,61.85,80.30,76.36
16.18,16.18,70.98,79.37,76.88
11.13,11.13,81.13,74.96,77.70
10.16,10.16,88.35,68.78,77.82
15.80,15.80,89.02,61.39,78.06
18.65,18.65,91.56,51.57,78.14
17.07,17.07,90.38,45.67,78.67
14.24,14.24,88.35,46.73,78.97
16.47,16.47,87.45,55.10,78.62
20.26,20.26,86.02,61.03,79.04
17.62,17.62,84.60,63.74,79.55
19.81,19.81,84.74,65.41,76.83
19.25,19.25,82.55,67.97,78.10
21.67,21.67,83.73,76.15,78.83
22.65,22.65,80.47,77.87,78.78
27.44,27.44,75.26,78.55,77.50
26.90,26.90,67.44,78.43,78.35
25.38,25.38,64.78,78.98,78.84
26.00,26.00,65.63,79.82,76.05
21.67,21.67,64.95,81.43,75.73
8.85,8.85,61.88,80.36,74.51
7.90,7.90,67.65,77.68,72.96
10.34,10.34,79.78,74.41,75.46
17.14,17.14,88.61,63.77,77.76
15.50,15.50,89.05,58.60,77.88
18.67,18.67,90.12,50.40,79.64
22.25,22.25,89.04,54.02,80.71
23.30,23.30,86.76,55.74,81.61
21.99,21.99,86.71,55.97,80.18
25.03,25.03,87.51,55.66,80.28
27.49,27.49,88.09,57.74,78.59
22.94,22.94,85.16,63.07,79.72
17.57,17.57,80.97,71.07,79.26
16.73,16.73,81.62,77.72,79.77
15.79,15.79,81.24,79.75,78.12
21.30,21.30,79.08,79.32,79.88
17.52,17.52,75.64,78.17,78.52
14.64,14.64,70.96,79.98,78.13
18.73,18.73,64.14,79.43,77.88
21.29,21.29,61.91,78.48,78.51
21.50,21.50,65.93,78.72,78.73
20.85,20.85,68.25,79.69,80.12
17.81,17.81,78.32,77.73,78.50
12.53,12.53,89.75,69.69,78.99
11.71,11.71,89.59,56.85,78.07
17.13,17.13,90.42,50.81,77.27
18.92,18.92,89.04,54.87,77.63
23.89,23.89,86.88,57.95,78.45
23.50,23.50,86.15,57.29,80.54
19.86,19.86,86.30,60.01,78.89
19.98,19.98,84.54,61.55,78.03
22.31,22.31,84.63,63.43,76.35
22.68,22.68,83.13,73.12,77.42
23.82,23.82,77.09,79.43,80.37
21.30,21.30,72.42,78.44,79.28
20.64,20.64,73.27,78.04,79.31
20.73,20.73,74.93,79.40,78.91
23.45,23.45,73.11,80.12,78.44
25.45,25.45,68.88,79.70,78.43
20.29,20.29,63.43,79.40,78.61
19.13,19.13,62.59,79.28,78.09
19.52,19.52,65.34,78.75,80.01
21.00,21.00,74.11,76.78,80.72
19.79,19.79,87.77,71.83,79.75
22.95,22.95,88.15,63.86,77.94
24.33,24.33,89.77,57.36,79.06
28.05,28.05,89.84,43.89,79.65
24.00,24.00,88.74,39.16,79.42
20.67,20.67,88.83,44.28,78.43
22.54,22.54,86.60,47.81,79.20
19.44,19.44,83.94,54.65,76.89
16.24,16.24,82.86,63.38,77.07
15.74,15.74,84.00,66.96,78.06
20.15,20.15,83.77,77.76,80.02
20.81,20.81,80.72,79.74,80.40
19.24,19.24,72.75,81.17,79.56
21.36,21.36,65.52,80.53,79.60
19.45,19.45,65.59,79.36,80.26
20.60,20.60,66.71,78.91,79.78
17.22,17.22,66.47,79.70,79.08
15.82,15.82,62.83,80.11,79.61
11.37,11.37,65.94,79.34,80.42
16.05,16.05,77.03,75.24,78.92
13.16,13.16,89.05,61.20,82.00
6.12,6.12,88.36,56.32,80.88
13.82,13.82,90.50,45.60,80.16
14.50,14.50,90.64,44.19,79.35
12.10,12.10,87.83,54.38,78.58
14.42,14.42,87.51,57.07,78.40
21.75,21.75,87.31,52.41,79.31
18.97,18.97,86.50,54.01,80.53
15.63,15.63,85.33,59.59,78.74
15.27,15.27,84.77,69.13,78.20
18.35,18.35,82.35,76.26,80.68
22.71,22.71,81.38,77.11,79.78
21.31,21.31,77.71,77.41,78.19
21.42,21.42,74.77,77.67,78.70
27.66,27.66,72.77,78.86,79.49
25.76,25.76,70.38,79.75,79.05
21.10,21.10,62.93,78.78,79.65
19.74,19.74,61.43,81.84,79.69
13.16,13.16,63.08,79.44,78.43
10.64,10.64,75.02,75.51,78.25
16.88,16.88,88.19,63.15,80.07
22.42,22.42,88.46,61.08,80.36
20.00,20.00,89.56,52.31,79.18
24.29,24.29,91.14,52.54,79.34
26.38,26.38,88.32,55.80,80.00
25.90,25.90,86.30,53.64,80.63
25.35,25.35,85.60,49.22,79.79
23.91,23.91,86.89,54.45,79.76
22.10,22.10,86.72,61.10,79.92
24.74,24.74,83.46,69.99,80.28
25.44,25.44,82.22,77.68,80.43
21.14,21.14,79.54,76.72,79.21
17.65,17.65,77.88,78.62,78.94
21.98,21.98,74.81,77.71,77.35
20.61,20.61,74.15,80.39,78.08
17.21,17.21,69.08,77.41,78.14
18.81,18.81,65.26,80.35,79.50
19.62,19.62,64.15,80.86,78.59
10.46,10.46,65.02,80.38,78.79
16.19,16.19,71.98,77.02,78.64
12.53,12.53,86.58,73.96,77.63
13.48,13.48,88.96,66.16,78.46
18.79,18.79,89.24,46.82,79.42
33.03,33.03,89.48,37.92,79.18
34.18,34.18,87.75,39.56,79.06
24.84,24.84,85.45,48.69,79.06
17.73,17.73,87.56,55.33,77.45
17.02,17.02,88.13,58.87,76.45
22.73,22.73,84.11,58.24,77.36
27.02,27.02,82.56,67.33,76.90
22.39,22.39,80.94,78.40,78.33
23.74,23.74,78.54,78.31,78.84
25.28,25.28,76.84,79.62,80.12
20.17,20.17,76.36,81.45,79.50
19.21,19.21,72.66,80.05,78.53
18.51,18.51,68.62,80.29,80.74
20.61,20.61,66.54,81.36,78.77
19.10,19.10,63.34,81.02,79.86
16.86,16.86,64.88,80.76,79.98
18.95,18.95,71.94,79.28,79.32
11.95,11.95,86.03,73.45,78.47
18.31,18.31,88.90,60.90,78.50
19.69,19.69,89.71,56.88,77.08
16.88,16.88,88.63,50.60,78.15
16.20,16.20,87.07,49.15,79.49
20.38,20.38,87.90,49.39,78.81
18.93,18.93,88.57,52.79,78.10
19.04,19.04,85.84,58.15,77.27
22.50,22.50,83.28,64.26,76.00
19.39,19.39,83.21,68.72,75.60
23.13,23.13,80.82,77.92,76.98
27.54,27.54,78.61,75.03,80.13
21.37,21.37,78.79,78.49,81.61
21.28,21.28,76.75,79.96,80.52
23.72,23.72,71.74,78.18,81.09
21.53,21.53,70.34,79.91,79.26
20.72,20.72,68.84,78.96,79.99
19.06,19.06,63.51,78.62,80.53
20.41,20.41,66.02,78.58,80.39
21.66,21.66,72.70,80.34,79.97
16.98,16.98,83.42,76.17,78.38
12.28,12.28,87.82,66.28,80.11
13.94,13.94,89.77,62.23,79.35
18.27,18.27,91.19,53.73,80.36
20.61,20.61,88.87,57.52,79.21
15.43,15.43,88.69,60.03,79.39
18.19,18.19,87.13,59.61,80.08
22.38,22.38,84.24,61.32,79.61
23.07,23.07,84.56,61.04,79.41
20.52,20.52,85.54,64.95,78.40
20.73,20.73,83.02,71.70,77.87
23.31,23.31,75.67,74.76,79.72
22.99,22.99,75.01,72.52,79.71
21.45,21.45,75.46,75.70,80.38
18.42,18.42,71.98,74.26,79.16
18.47,18.47,71.05,74.53,79.49
14.43,14.43,70.39,77.37,77.33
14.10,14.10,69.56,78.59,78.03
9.72,9.72,65.42,77.29,76.45
9.21,9.21,70.72,73.70,76.50
8.13,8.13,82.83,73.39,75.68
15.44,15.44,88.65,64.30,77.25
20.95,20.95,89.17,51.82,79.76
18.05,18.05,90.09,45.53,77.18
19.82,19.82,88.79,44.26,80.17
21.17,21.17,86.46,48.55,78.95
21.89,21.89,85.12,51.57,79.48
21.65,21.65,84.89,54.30,78.92
20.76,20.76,85.18,57.80,78.04
18.37,18.37,84.51,66.04,78.48
20.13,20.13,83.53,69.64,79.05
19.19,19.19,83.84,72.23,80.73
19.76,19.76,82.13,74.00,80.79
21.82,21.82,81.04,74.86,79.37
18.27,18.27,77.89,74.25,80.97
14.04,14.04,72.82,74.70,81.53
9.62,9.62,68.94,75.73,80.26
16.62,16.62,64.58,74.49,81.26
15.29,15.29,63.77,75.94,80.60
14.44,14.44,69.82,73.08,81.16
17.09,17.09,77.44,67.67,77.54
10.86,10.86,88.95,59.65,80.72
13.67,13.67,90.16,54.04,77.61
16.68,16.68,89.50,46.22,78.62
15.29,15.29,89.96,47.04,78.47
20.97,20.97,88.12,54.31,77.77
23.82,23.82,87.45,60.51,77.90
24.08,24.08,87.32,62.35,76.78
21.20,21.20,87.86,64.25,78.51
17.21,17.21,85.08,62.66,78.13
16.18,16.18,81.42,73.49,78.48
19.90,19.90,74.83,77.32,80.15
18.50,18.50,69.43,77.68,81.44
21.46,21.46,66.20,77.49,80.33
17.71,17.71,63.81,76.69,79.28
17.95,17.95,63.18,76.17,77.97
17.17,17.17,64.05,77.04,77.72
18.16,18.16,64.70,78.82,79.43
21.39,21.39,64.98,77.77,77.25
19.67,19.67,68.50,75.92,79.80
16.81,16.81,75.60,75.52,79.09
15.20,15.20,88.89,66.17,78.38
14.71,14.71,88.09,60.49,77.62
20.11,20.11,90.88,53.29,76.98
21.04,21.04,88.36,47.27,78.47
15.85,15.85,86.39,51.64,78.69
16.47,16.47,85.71,52.23,77.49
20.22,20.22,85.94,57.14,79.51
19.12,19.12,83.85,59.64,77.56
19.24,19.24,82.62,64.68,77.97
13.37,13.37,81.81,66.99,76.72
22.07,22.07,84.39,78.27,79.79
26.74,26.74,82.53,76.57,80.86
24.19,24.19,80.08,78.18,79.44
30.14,30.14,77.24,76.17,79.99
25.61,25.61,75.26,75.43,79.13
22.92,22.92,72.19,76.08,77.64
20.42,20.42,67.13,78.02,78.04
15.70,15.70,62.72,77.69,78.48
14.68,14.68,69.86,76.65,78.09
14.76,14.76,76.90,74.74,77.58
13.77,13.77,89.22,68.79,79.60
11.03,11.03,89.11,55.06,79.51
14.18,14.18,90.46,50.79,79.49
19.19,19.19,89.43,49.48,77.50
16.35,16.35,89.21,50.47,78.34
20.55,20.55,88.93,58.49,78.70
21.52,21.52,87.33,62.19,78.35
21.13,21.13,86.12,65.62,78.38
12.07,12.07,85.10,63.12,80.84
14.98,14.98,83.05,69.17,79.80
15.65,15.65,76.40,80.56,80.51
14.29,14.29,72.14,80.70,80.49
16.46,16.46,75.50,79.85,80.15
19.25,19.25,77.02,79.13,80.45
15.87,15.87,74.45,79.34,78.63
18.04,18.04,70.09,78.48,78.81
20.85,20.85,63.63,78.36,77.72
8.40,8.40,60.94,79.07,76.91
9.56,9.56,62.76,78.85,75.94
10.98,10.98,72.03,75.87,74.07
17.58,17.58,88.82,71.01,76.32
22.04,22.04,87.86,63.82,77.24
19.95,19.95,89.17,50.96,77.42
20.99,20.99,91.20,43.12,78.54
17.90,17.90,89.10,47.24,79.49
23.63,23.63,87.65,55.57,79.01
30.20,30.20,86.02,60.99,78.58
22.86,22.86,83.65,63.43,78.93
19.46,19.46,84.18,63.12,79.60
21.48,21.48,84.08,67.57,78.27
18.35,18.35,83.78,76.40,79.51
20.96,20.96,81.18,77.03,79.33
18.86,18.86,74.13,77.80,79.05
17.66,17.66,65.08,78.06,78.31
20.12,20.12,67.05,78.06,78.23
19.66,19.66,68.41,79.22,77.37
17.06,17.06,66.94,80.53,78.27
13.75,13.75,63.86,79.69,78.67
17.37,17.37,63.07,78.56,79.30
14.61,14.61,72.50,73.83,79.38
13.31,13.31,86.71,60.45,76.59
14.58,14.58,88.73,56.87,77.67
13.05,13.05,90.79,45.57,77.76
20.25,20.25,90.86,44.41,76.00
17.18,17.18,88.57,55.07,78.14
17.04,17.04,87.58,57.55,78.02
18.91,18.91,87.35,56.61,77.24
21.40,21.40,87.14,54.43,77.73
16.69,16.69,86.55,58.27,76.27
12.34,12.34,82.38,64.46,76.04
18.64,18.64,82.12,75.07,78.43
23.11,23.11,82.88,78.00,79.37
25.66,25.66,81.49,79.48,78.68
20.60,20.60,78.26,79.44,79.26
17.33,17.33,72.13,80.40,77.52
21.61,21.61,63.21,79.11,78.37
20.87,20.87,64.06,78.06,78.35
17.83,17.83,67.26,79.35,78.36
16.45,16.45,67.04,79.44,78.57
14.67,14.67,74.77,76.28,77.88
17.31,17.31,86.78,69.59,76.71
19.63,19.63,88.65,61.53,77.32
18.29,18.29,90.47,51.51,75.66
14.98,14.98,88.46,45.80,76.65
16.52,16.52,87.05,46.62,78.39
20.01,20.01,85.86,52.93,78.50
26.49,26.49,86.80,55.87,77.40
20.00,20.00,86.83,55.54,74.48
21.11,21.11,85.55,56.94,74.50
17.44,17.44,84.22,64.53,73.16
20.92,20.92,78.09,78.91,78.22
20.24,20.24,74.11,80.48,81.01
18.02,18.02,76.39,79.07,81.18
19.49,19.49,77.41,80.68,80.67
21.49,21.49,75.30,80.79,79.44
20.99,20.99,71.55,78.83,78.86
19.69,19.69,65.21,79.24,79.07
17.29,17.29,61.08,80.96,78.43
14.45,14.45,66.19,79.96,78.68
15.24,15.24,72.69,79.40,77.90
15.74,15.74,85.43,69.31,79.10
12.59,12.59,88.36,62.91,79.70
14.59,14.59,89.79,52.25,81.08
18.78,18.78,90.10,37.69,78.79
20.30,20.30,89.51,44.15,79.60
17.72,17.72,87.92,50.80,78.51
14.08,14.08,87.50,56.23,80.22
21.47,21.47,83.82,57.96,80.56
16.27,16.27,81.90,61.46,78.99
11.37,11.37,83.33,64.45,77.53
13.20,13.20,85.16,76.49,78.04
19.20,19.20,85.81,78.89,80.65
15.41,15.41,81.71,74.33,80.46
17.95,17.95,79.74,77.46,78.44
19.66,19.66,78.63,78.52,79.46
12.38,12.38,77.06,78.58,77.16
14.15,14.15,71.80,80.98,78.36
10.13,10.13,66.89,80.52,78.98
10.58,10.58,66.93,79.81,78.98
12.14,12.14,71.80,75.06,78.24
8.67,8.67,84.07,75.42,77.52
15.49,15.49,88.49,60.82,78.19
17.34,17.34,88.52,47.88,77.71
22.10,22.10,91.30,42.30,79.40
18.45,18.45,87.85,45.88,79.59
28.85,28.85,86.74,55.98,79.27
25.70,25.70,85.62,63.31,79.76
23.26,23.26,85.11,64.73,78.95
26.08,26.08,84.57,66.75,78.75
16.36,16.36,84.63,66.12,78.91
17.93,17.93,82.81,73.35,79.39
26.67,26.67,74.59,76.88,81.13
25.10,25.10,71.67,79.06,79.97
18.70,18.70,69.96,76.61,80.27
19.63,19.63,69.10,76.06,79.87
19.28,19.28,67.64,76.77,78.55
19.90,19.90,66.37,78.62,79.61
12.24,12.24,61.62,78.76,79.44
11.53,11.53,62.12,80.69,80.11
19.83,19.83,73.73,76.96,79.42
20.90,20.90,81.00,65.68,79.46
16.33,16.33,89.00,57.84,79.37
14.37,14.37,90.39,51.94,78.15
18.20,18.20,90.60,52.61,78.99
13.91,13.91,89.96,48.92,78.81
16.59,16.59,87.83,50.31,79.06
12.82,12.82,86.62,59.58,79.75
17.77,17.77,85.47,61.41,79.22
20.45,20.45,85.58,62.89,76.38
21.80,21.80,83.67,63.50,78.22
15.48,15.48,81.86,72.95,78.35
20.47,20.47,83.29,79.13,79.53
20.58,20.58,81.87,77.90,78.61
24.73,24.73,79.45,78.80,78.59
14.70,14.70,75.40,78.19,80.61
15.76,15.76,72.78,77.72,78.54
17.63,17.63,69.88,79.51,79.02
12.47,12.47,64.19,78.62,78.66
15.93,15.93,65.78,78.88,77.84
14.05,14.05,69.58,75.22,77.50
14.30,14.30,80.17,77.18,78.28
15.75,15.75,88.33,67.44,78.66
21.32,21.32,89.42,60.19,78.78
22.05,22.05,89.78,48.65,79.21
17.85,17.85,88.74,51.22,78.23
21.81,21.81,87.81,51.61,78.63
17.03,17.03,87.58,58.70,79.36
12.86,12.86,87.47,59.72,77.80
14.24,14.24,88.22,60.73,76.18
7.39,7.39,85.51,66.16,76.77
13.65,13.65,83.58,69.50,74.91
24.79,24.79,80.79,76.56,79.10
21.57,21.57,80.44,75.18,78.72
18.31,18.31,81.32,76.49,78.53
19.12,19.12,78.33,75.79,79.25
22.12,22.12,76.42,76.78,78.61
12.18,12.18,75.03,76.73,77.83
17.10,17.10,73.70,78.70,78.00
13.74,13.74,69.70,76.03,78.05
10.69,10.69,68.75,74.19,78.92
10.51,10.51,79.29,71.97,78.09
10.85,10.85,88.71,65.14,79.21
13.95,13.95,88.58,60.96,79.06
17.38,17.38,91.55,55.07,77.65
14.62,14.62,88.86,55.23,79.22
13.50,13.50,87.62,51.74,77.58
12.66,12.66,86.49,53.37,76.84
13.40,13.40,86.66,59.17,77.94
16.79,16.79,83.90,64.24,78.17
15.32,15.32,82.34,64.25,77.99
15.54,15.54,81.25,70.65,79.36
19.92,19.92,83.06,76.17,79.80
19.93,19.93,79.73,77.75,79.47
19.37,19.37,77.93,77.17,79.38
15.46,15.46,77.62,78.65,78.05
18.32,18.32,77.95,78.82,78.48
17.98,17.98,74.29,76.43,76.81
8.13,8.13,69.28,78.95,76.79
7.25,7.25,65.51,78.55,73.06
6.61,6.61,67.54,73.32,74.45
6.38,6.38,80.41,74.60,73.77
15.45,15.45,89.35,63.19,78.73
13.99,13.99,88.67,59.36,77.28
16.22,16.22,89.91,47.90,77.24
17.40,17.40,90.42,43.44,78.35
12.20,12.20,87.63,50.87,77.42
18.35,18.35,88.09,55.14,78.51
21.77,21.77,86.65,57.82,76.99
22.28,22.28,85.31,61.05,77.03
22.87,22.87,84.11,62.79,76.73
18.65,18.65,84.96,66.33,76.95
19.10,19.10,84.74,79.73,79.40
19.71,19.71,82.87,78.56,77.71
23.65,23.65,79.49,77.10,78.25
14.83,14.83,76.97,76.24,77.08
18.87,18.87,74.31,78.02,77.84
14.10,14.10,71.03,77.19,76.77
16.25,16.25,65.55,77.32,78.60
15.18,15.18,63.83,78.95,79.54
11.54,11.54,70.14,74.79,76.43
17.63,17.63,72.47,66.67,78.54
16.73,16.73,89.61,63.84,76.99
11.85,11.85,88.64,60.27,76.59
17.95,17.95,90.67,56.30,75.71
16.88,16.88,90.78,53.80,77.06
20.46,20.46,88.41,60.88,77.24
17.40,17.40,87.86,63.38,76.95
7.23,7.23,86.93,60.08,76.20
14.99,14.99,85.80,62.62,74.62
16.31,16.31,85.24,64.35,75.61
16.16,16.16,84.94,68.93,75.69
22.13,22.13,78.54,70.36,79.50
21.82,21.82,75.09,74.25,80.05
23.53,23.53,73.63,72.95,79.74
18.62,18.62,72.25,72.91,78.87
19.15,19.15,71.94,75.43,79.68
15.91,15.91,72.58,75.46,78.13
14.34,14.34,70.90,77.18,79.02
13.13,13.13,66.98,77.50,77.44
14.87,14.87,66.40,77.75,78.66
17.02,17.02,74.04,72.75,76.98
14.56,14.56,87.78,70.37,78.73
15.57,15.57,86.72,61.02,79.53
17.27,17.27,89.66,47.28,79.23
20.85,20.85,90.59,45.35,80.14
20.74,20.74,87.90,53.88,77.44
24.08,24.08,85.99,58.24,78.16
25.90,25.90,85.34,61.15,79.17
25.77,25.77,85.84,62.39,76.05
21.28,21.28,84.42,63.82,74.90
10.50,10.50,82.65,63.36,74.99
17.74,17.74,83.99,72.19,78.11
15.93,15.93,84.36,74.04,80.13
15.94,15.94,83.72,72.36,80.45
18.96,18.96,81.20,74.16,79.44
17.85,17.85,77.86,75.13,80.49
20.95,20.95,74.63,76.18,79.46
16.37,16.37,70.22,76.38,78.20
15.84,15.84,63.92,77.31,78.70
13.21,13.21,65.86,77.02,79.11
15.53,15.53,75.02,72.91,79.63
14.08,14.08,84.97,64.15,78.04
14.77,14.77,88.75,56.51,79.87
13.74,13.74,90.18,52.66,80.86
14.42,14.42,90.17,54.14,79.06
12.73,12.73,88.97,58.98,78.43
13.72,13.72,88.07,58.54,78.94
17.25,17.25,88.09,60.71,78.91
21.46,21.46,88.26,63.10,79.25
21.94,21.94,85.41,65.96,77.83
17.91,17.91,83.49,68.42,79.41
22.95,22.95,78.86,74.38,78.40
19.71,19.71,71.99,77.08,79.61
21.97,21.97,69.77,74.28,78.05
17.91,17.91,66.08,72.08,78.68
16.33,16.33,65.06,72.33,78.60
13.97,13.97,65.51,74.82,76.57
13.87,13.87,64.94,74.59,77.35
12.34,12.34,68.23,77.02,75.90
8.11,8.11,65.43,75.64,75.89
6.28,6.28,66.59,71.43,73.41
10.18,10.18,84.83,74.20,75.43
17.91,17.91,87.01,66.69,80.37
24.07,24.07,89.95,55.95,78.58
16.46,16.46,89.32,50.51,78.52
18.84,18.84,87.48,45.85,80.03
23.27,23.27,87.18,46.75,79.14
22.24,22.24,86.27,56.37,78.94
23.58,23.58,84.45,59.65,78.39
21.94,21.94,83.26,62.30,78.33
15.65,15.65,82.25,61.58,78.36
23.74,23.74,84.68,71.83,78.01
24.58,24.58,83.85,76.44,82.09
23.23,23.23,81.86,76.83,80.88
23.32,23.32,80.09,77.94,81.43
18.73,18.73,78.86,78.54,79.50
15.31,15.31,77.42,77.65,81.73
16.84,16.84,73.74,75.44,79.96
25.78,25.78,66.87,76.97,82.46
34.46,34.46,66.49,76.85,79.53
27.47,27.47,72.42,73.04,81.33
19.45,19.45,81.61,68.42,77.18
10.89,10.89,88.41,59.57,78.22
16.30,16.30,89.39,52.09,78.71
18.53,18.53,91.73,42.47,77.87
27.83,27.83,90.15,41.71,78.11
21.56,21.56,88.77,49.98,76.09
19.30,19.30,87.36,55.53,79.68
20.82,20.82,86.28,55.86,80.73
22.71,22.71,85.78,63.37,79.20
21.63,21.63,85.78,64.62,80.63
15.29,15.29,82.01,76.17,79.06
22.27,22.27,78.80,79.10,80.89
23.33,23.33,76.05,79.42,79.81
21.89,21.89,71.43,79.62,78.88
18.64,18.64,69.04,77.91,78.11
17.25,17.25,65.86,76.48,77.31
19.01,19.01,64.84,77.87,77.86
21.80,21.80,65.43,78.33,78.18
21.70,21.70,66.89,79.26,77.85
19.40,19.40,69.40,77.64,76.92
11.22,11.22,81.78,74.95,77.34
13.13,13.13,88.33,67.78,78.05
22.96,22.96,89.93,59.56,76.52
19.20,19.20,89.30,46.83,77.63
14.48,14.48,89.35,49.30,79.05
16.28,16.28,86.64,49.16,78.16
17.35,17.35,85.12,54.66,78.44
16.82,16.82,84.51,60.23,78.48
13.91,13.91,84.88,61.74,77.02
9.15,9.15,84.61,62.12,79.45
12.04,12.04,81.28,65.31,79.69
18.20,18.20,81.29,76.91,81.28
21.05,21.05,81.96,77.19,80.97
28.31,28.31,80.05,77.18,80.99
30.71,30.71,77.02,77.83,79.86
22.70,22.70,74.71,77.21,80.49
23.24,23.24,73.01,79.26,80.06
18.86,18.86,70.79,79.84,78.03
14.80,14.80,63.16,77.94,79.23
13.48,13.48,68.99,76.70,78.86
11.74,11.74,80.81,73.04,78.89
13.98,13.98,88.27,70.06,79.22
14.94,14.94,90.31,63.12,79.94
14.45,14.45,90.29,51.51,78.87
16.73,16.73,90.74,53.09,77.62
19.85,19.85,88.54,58.30,79.16
19.49,19.49,87.73,60.62,78.97
19.84,19.84,88.12,62.31,79.05
20.62,20.62,87.26,63.15,77.52
16.91,16.91,85.13,62.27,78.63
12.11,12.11,83.28,72.39,79.69
15.88,15.88,79.30,79.93,80.79
14.06,14.06,73.40,78.87,79.34
21.46,21.46,72.17,75.91,80.71
15.89,15.89,75.24,78.24,79.43
17.10,17.10,74.97,79.99,80.40
18.64,18.64,72.06,81.23,79.27
15.27,15.27,65.93,80.90,78.77
9.49,9.49,62.75,79.45,75.97
5.99,5.99,67.63,78.95,75.61
3.20,3.20,77.15,73.15,76.04
8.12,8.12,88.60,68.69,78.09
17.50,17.50,87.33,61.17,80.02
20.96,20.96,90.21,56.51,80.83
21.57,21.57,89.66,54.32,80.20
20.22,20.22,89.48,62.03,79.39
19.22,19.22,88.50,66.77,79.84
20.54,20.54,88.40,68.26,78.91
22.80,22.80,84.93,66.57,79.81
26.61,26.61,82.95,66.22,78.56
15.27,15.27,83.00,72.07,79.24
21.85,21.85,85.66,74.50,78.80
24.20,24.20,83.58,77.21,78.24
23.26,23.26,78.61,76.90,77.82
18.93,18.93,69.09,78.94,77.21
20.24,20.24,62.95,79.48,79.13
18.17,18.17,66.00,78.50,77.97
17.05,17.05,66.56,79.41,77.33
19.17,19.17,66.33,80.10,78.18
19.81,19.81,67.39,78.82,78.26
17.88,17.88,74.47,73.58,77.04
14.49,14.49,89.24,64.45,76.10
13.38,13.38,88.15,57.16,77.61
20.21,20.21,91.02,47.66,77.63
28.77,28.77,89.15,54.93,77.51
25.28,25.28,87.61,62.46,77.65
22.09,22.09,87.49,66.15,77.34
20.55,20.55,86.78,66.94,78.15
20.10,20.10,86.32,65.49,78.03
15.82,15.82,85.14,63.45,79.31
14.33,14.33,84.47,67.37,77.53
22.59,22.59,79.96,73.75,80.10
24.36,24.36,80.45,76.72,80.65
25.31,25.31,80.37,77.64,78.95
25.41,25.41,78.31,75.28,80.48
28.89,28.89,75.46,77.20,79.78
25.10,25.10,67.60,76.22,77.75
21.59,21.59,64.76,77.23,78.26
17.96,17.96,68.86,79.46,78.56
15.79,15.79,67.87,78.53,77.73
16.22,16.22,76.79,73.45,78.04
13.06,13.06,88.80,68.83,77.29
14.54,14.54,89.38,61.73,77.72
19.39,19.39,89.79,52.41,78.71
17.26,17.26,90.69,55.84,78.66
15.97,15.97,88.11,59.13,77.55
18.66,18.66,86.75,58.56,79.16
18.16,18.16,84.46,56.44,77.77
16.13,16.13,85.07,54.37,76.58
12.87,12.87,86.37,63.00,74.36
12.77,12.77,84.71,69.69,73.63
20.62,20.62,79.31,79.10,78.29
20.16,20.16,72.37,79.42,80.50
22.14,22.14,74.09,78.71,79.02
25.58,25.58,75.24,78.46,77.82
26.31,26.31,73.36,80.59,79.18
20.90,20.90,70.80,80.47,78.62
22.04,22.04,65.43,79.77,78.48
19.77,19.77,65.43,80.45,78.59
21.06,21.06,65.96,80.07,77.34
14.64,14.64,71.65,76.88,79.80
13.85,13.85,87.04,72.71,78.32
12.29,12.29,87.76,64.34,79.05
11.33,11.33,90.07,58.59,78.92
17.50,17.50,91.82,52.18,79.17
19.88,19.88,89.51,55.63,79.39
22.12,22.12,88.31,59.22,78.60
19.07,19.07,86.13,62.61,80.08
17.36,17.36,85.23,64.70,79.96
20.17,20.17,84.65,65.55,80.73
26.54,26.54,82.26,70.83,79.40
29.70,29.70,83.42,78.32,79.51
29.68,29.68,81.55,77.95,78.96
24.39,24.39,77.07,78.72,78.07
25.78,25.78,69.31,77.97,78.25
19.61,19.61,66.41,78.42,79.78
23.05,23.05,68.39,79.55,76.65
29.91,29.91,68.82,79.63,75.04
31.35,31.35,64.41,79.28,76.22
24.55,24.55,61.74,79.74,77.25
21.84,21.84,72.13,76.35,77.47
12.82,12.82,85.30,62.85,77.85
16.86,16.86,89.01,60.30,78.71
19.13,19.13,90.45,52.14,79.95
18.01,18.01,89.22,49.52,80.38
18.73,18.73,88.38,51.74,78.44
18.47,18.47,87.11,52.62,79.01
20.92,20.92,87.52,56.82,80.32
20.47,20.47,87.95,55.84,78.27
20.24,20.24,85.62,57.19,77.46
15.65,15.65,82.52,64.79,79.64
25.14,25.14,82.63,69.05,81.12
29.15,29.15,82.82,76.69,80.18
21.64,21.64,81.53,77.81,79.13
21.64,21.64,79.09,77.91,77.76
25.08,25.08,74.36,77.88,77.54
28.60,28.60,65.94,78.50,77.19
24.96,24.96,63.28,77.45,79.98
21.28,21.28,67.72,78.17,78.51
20.90,20.90,67.16,78.88,77.42
20.71,20.71,73.22,76.78,79.51
17.83,17.83,84.32,69.82,78.80
15.82,15.82,87.85,60.13,79.09
21.05,21.05,90.28,55.99,78.70
16.04,16.04,89.18,51.43,79.66
17.46,17.46,88.15,59.03,79.34
25.37,25.37,87.23,62.44,78.47
24.64,24.64,86.18,62.95,78.07
22.95,22.95,85.16,64.84,77.80
20.78,20.78,84.92,67.22,77.40
14.42,14.42,84.16,69.88,77.57
21.01,21.01,79.78,79.17,78.81
25.49,25.49,72.72,76.79,79.64
21.94,21.94,73.87,77.07,79.03
22.60,22.60,76.30,79.23,78.44
24.61,24.61,75.55,78.55,78.50
22.82,22.82,71.64,78.72,79.68
22.54,22.54,65.74,78.20,79.81
22.24,22.24,64.37,78.22,78.43
20.92,20.92,65.92,77.90,79.08
21.00,21.00,71.86,76.87,79.01
21.50,21.50,83.37,72.44,78.45
23.58,23.58,87.45,68.68,78.89
20.56,20.56,87.98,57.60,79.52
23.62,23.62,90.99,48.90,78.96
19.03,19.03,89.50,57.21,80.30
23.29,23.29,88.25,61.59,79.99
21.74,21.74,86.36,64.03,79.58
20.22,20.22,84.42,64.19,78.66
18.60,18.60,82.65,63.72,76.42
21.40,21.40,84.84,66.42,76.64
20.61,20.61,83.92,73.52,77.20
24.92,24.92,82.87,78.47,80.35
18.48,18.48,76.28,80.05,79.43
22.50,22.50,67.26,79.77,79.37
25.62,25.62,67.51,80.22,79.89
23.86,23.86,69.24,80.69,79.73
24.63,24.63,68.51,79.45,78.92
25.17,25.17,65.91,78.94,79.73
22.26,22.26,63.20,78.71,79.24
21.77,21.77,72.57,75.58,78.56
18.34,18.34,78.34,62.97,79.31
21.46,21.46,88.40,62.96,79.87
9.81,9.81,90.47,56.37,79.64
13.31,13.31,90.52,50.90,80.05
16.05,16.05,89.69,55.81,80.00
14.57,14.57,87.57,56.99,79.28
15.25,15.25,86.91,51.47,79.80
17.24,17.24,87.01,63.91,80.80
14.67,14.67,85.93,64.80,80.32
16.35,16.35,85.28,69.20,79.25
12.60,12.60,82.30,68.79,79.48
21.06,21.06,82.70,77.84,80.09
15.41,15.41,79.03,78.87,80.41
21.26,21.26,74.98,78.24,79.59
22.06,22.06,73.89,80.92,79.26
24.42,24.42,73.51,80.02,79.82
20.93,20.93,68.61,77.03,79.64
15.39,15.39,63.56,78.57,79.24
12.34,12.34,62.86,81.18,77.91
8.08,8.08,70.34,79.45,77.12
8.03,8.03,79.60,65.59,76.44
14.70,14.70,87.83,61.28,77.49
22.44,22.44,88.23,54.69,77.90
24.08,24.08,89.80,53.84,77.02
20.06,20.06,89.75,60.74,79.44
25.41,25.41,87.36,64.54,79.23
25.06,25.06,85.13,66.03,79.48
22.63,22.63,87.57,67.36,79.61
20.69,20.69,87.39,63.77,80.10
24.22,24.22,84.07,68.50,77.70
18.77,18.77,82.67,73.61,78.49
23.34,23.34,81.96,79.50,78.97
20.33,20.33,78.85,78.97,78.70
18.55,18.55,75.90,80.30,79.27
20.02,20.02,74.87,78.40,78.99
18.73,18.73,72.05,76.34,77.54
17.10,17.10,68.30,76.50,78.60
20.72,20.72,64.97,78.94,78.44
22.63,22.63,65.80,81.02,79.08
20.66,20.66,69.45,78.12,79.26
17.29,17.29,77.12,74.39,77.99
17.92,17.92,88.85,69.43,77.68
14.85,14.85,88.69,60.59,81.10
19.32,19.32,90.34,50.59,79.09
24.62,24.62,89.03,43.97,78.38
25.10,25.10,86.04,43.94,78.62
25.82,25.82,87.76,45.34,76.94
25.68,25.68,87.96,55.14,80.69
20.56,20.56,85.30,61.55,79.23
17.14,17.14,82.97,65.94,77.90
16.95,16.95,82.41,72.94,78.11
24.14,24.14,79.09,80.52,79.96
21.42,21.42,78.18,80.04,80.09
18.64,18.64,77.82,81.29,79.97
18.76,18.76,75.31,78.06,80.08
20.38,20.38,71.29,78.19,80.94
16.95,16.95,67.67,79.70,78.47
20.41,20.41,66.03,81.88,78.90
19.31,19.31,66.02,79.76,77.91
19.63,19.63,68.53,80.30,78.33
14.83,14.83,76.64,77.61,76.54
14.97,14.97,88.98,69.05,78.68
21.08,21.08,89.55,61.88,77.61
16.39,16.39,89.37,49.03,79.25
18.52,18.52,89.47,52.59,79.70
19.46,19.46,87.95,57.74,79.44
19.63,19.63,87.72,58.65,80.08
19.43,19.43,86.53,59.62,78.23
21.09,21.09,84.27,64.36,76.41
25.32,25.32,84.03,68.73,73.76
24.83,24.83,84.37,70.39,76.04
23.09,23.09,79.80,74.21,80.29
15.06,15.06,79.12,78.65,79.89
17.90,17.90,78.37,78.64,79.65
21.73,21.73,75.16,75.56,82.20
25.94,25.94,72.04,75.89,79.96
19.43,19.43,71.11,78.18,80.16
14.70,14.70,67.14,78.75,79.67
18.38,18.38,66.66,79.21,80.64
13.01,13.01,67.00,78.98,81.28
17.56,17.56,75.70,72.08,77.86
14.87,14.87,88.12,68.26,79.11
13.28,13.28,87.80,61.77,80.89
18.70,18.70,90.34,55.27,79.53
20.25,20.25,90.71,59.20,78.64
19.68,19.68,88.80,62.81,79.44
18.05,18.05,87.96,63.81,78.14
18.80,18.80,84.71,64.69,79.45
15.25,15.25,84.89,63.64,79.34
16.65,16.65,86.15,65.75,78.95
12.55,12.55,84.64,66.16,79.29
18.42,18.42,79.38,72.17,81.14
25.19,25.19,80.43,76.51,78.99
22.03,22.03,79.40,72.72,80.46
19.70,19.70,76.82,74.60,79.31
17.34,17.34,74.60,75.14,78.54
17.38,17.38,73.39,76.82,76.60
14.32,14.32,73.45,77.88,77.47
16.84,16.84,68.03,77.52,77.59
6.91,6.91,67.04,77.84,74.34
7.79,7.79,75.21,70.42,74.41
17.32,17.32,87.59,67.45,75.14
16.89,16.89,87.27,61.53,78.82
16.28,16.28,89.27,52.09,78.41
19.84,19.84,90.17,55.43,78.61
19.26,19.26,89.09,62.71,78.74
20.80,20.80,86.16,67.28,81.32
21.75,21.75,85.75,69.61,78.49
21.90,21.90,86.94,69.72,77.85
22.05,22.05,84.87,69.33,78.23
22.78,22.78,83.67,69.43,78.12
20.53,20.53,84.30,72.90,78.84
22.92,22.92,83.73,71.20,82.29
21.08,21.08,83.38,78.97,79.47
21.34,21.34,81.73,78.24,82.04
20.69,20.69,78.40,78.83,78.65
13.45,13.45,74.12,75.08,82.74
21.89,21.89,70.73,76.20,78.66
25.45,25.45,68.28,76.70,81.82
19.91,19.91,71.17,77.06,79.53
20.08,20.08,74.75,71.29,80.11
15.14,15.14,86.17,60.10,79.34
16.54,16.54,87.88,54.60,78.70
20.89,20.89,90.34,59.42,80.50
21.16,21.16,89.74,64.99,79.39
26.03,26.03,88.96,66.94,79.24
22.00,22.00,88.12,67.39,77.08
19.79,19.79,88.06,69.53,78.68
23.62,23.62,88.28,70.70,80.32
23.37,23.37,85.53,71.32,78.28
19.40,19.40,83.77,70.15,80.11
20.10,20.10,80.51,73.77,77.11
24.27,24.27,73.68,75.45,80.84
21.13,21.13,69.32,75.90,79.66
13.68,13.68,67.64,74.32,78.86
17.56,17.56,69.49,75.38,78.96
16.20,16.20,68.46,75.53,80.48
19.17,19.17,68.38,76.67,78.27
18.52,18.52,69.70,77.23,80.86
17.96,17.96,66.71,76.76,78.66
7.66,7.66,70.57,73.08,80.41
17.39,17.39,84.33,70.70,76.73
16.47,16.47,87.83,65.40,79.20
21.66,21.66,89.05,55.41,77.77
24.14,24.14,89.65,50.67,78.02
18.23,18.23,87.27,56.46,78.90
22.07,22.07,87.11,60.92,78.10
25.51,25.51,85.87,63.87,79.25
21.76,21.76,84.40,66.94,79.55
11.40,11.40,83.18,67.51,76.91
10.31,10.31,82.82,68.20,77.13
14.24,14.24,84.89,74.10,78.80
20.08,20.08,84.44,77.58,79.78
22.14,22.14,82.75,76.83,79.95
22.68,22.68,80.83,78.31,79.67
23.32,23.32,78.52,77.50,81.26
22.00,22.00,77.08,78.51,79.99
20.28,20.28,73.37,78.16,77.84
20.29,20.29,64.43,75.14,77.78
17.09,17.09,65.57,76.85,77.62
17.95,17.95,73.22,75.96,77.07
16.06,16.06,81.19,70.79,77.30
16.46,16.46,87.63,58.69,78.98
14.91,14.91,88.90,52.87,78.83
14.64,14.64,91.59,47.06,78.94
18.44,18.44,89.76,45.61,78.07
20.62,20.62,88.63,45.79,79.06
22.64,22.64,87.87,54.66,78.49
19.49,19.49,86.87,58.62,77.44
18.74,18.74,86.06,62.70,78.54
17.75,17.75,85.94,69.22,78.68
20.07,20.07,81.46,76.26,80.33
22.88,22.88,73.83,76.73,80.45
20.47,20.47,75.81,79.05,79.06
23.24,23.24,78.01,78.59,79.46
20.84,20.84,77.27,78.41,78.51
23.57,23.57,73.46,79.82,79.87
25.70,25.70,68.33,80.08,79.18
24.12,24.12,61.94,78.91,78.32
18.46,18.46,64.06,78.18,77.11
9.11,9.11,70.04,77.31,76.64
8.22,8.22,81.05,76.31,75.23
7.61,7.61,87.50,66.84,78.55
12.18,12.18,89.37,59.59,78.63
19.79,19.79,90.48,56.03,78.51
18.72,18.72,90.21,57.62,78.86
21.58,21.58,88.46,62.93,79.47
20.97,20.97,86.42,67.43,79.62
23.72,23.72,84.98,67.52,78.91
22.26,22.26,84.90,60.65,79.15
16.30,16.30,84.45,65.24,79.60
21.92,21.92,83.14,74.34,78.97
27.64,27.64,82.76,77.39,78.93
23.24,23.24,77.05,79.95,78.65
20.73,20.73,67.24,76.90,79.15
17.85,17.85,68.28,79.03,78.76
17.04,17.04,70.79,79.80,76.49
17.64,17.64,70.06,80.91,77.56
17.03,17.03,65.71,80.63,77.28
21.52,21.52,65.17,78.48,78.99
18.06,18.06,70.91,78.59,77.15
14.79,14.79,77.42,70.91,79.34
11.57,11.57,89.46,62.62,79.15
14.49,14.49,89.46,55.32,78.77
19.49,19.49,90.30,46.31,78.41
15.57,15.57,89.89,48.97,78.18
19.92,19.92,87.85,56.19,75.82
22.25,22.25,87.85,57.03,76.85
20.66,20.66,87.97,52.12,76.31
22.41,22.41,87.62,58.25,76.78
18.30,18.30,83.57,61.48,75.96
16.29,16.29,80.96,68.20,76.12
23.83,23.83,82.66,78.48,79.95
21.48,21.48,82.34,78.02,80.07
19.96,19.96,79.07,80.02,78.31
17.06,17.06,73.41,79.97,78.44
19.58,19.58,67.39,79.75,77.23
21.40,21.40,66.06,81.16,77.01
17.31,17.31,67.37,80.29,77.59
12.02,12.02,68.09,79.82,77.77
11.84,11.84,69.59,76.36,78.68
14.33,14.33,78.43,77.02,78.11
16.20,16.20,88.69,69.23,79.58
16.98,16.98,87.76,59.14,76.89
21.47,21.47,91.29,45.10,76.48
18.66,18.66,87.92,47.43,79.40
13.85,13.85,86.53,51.50,80.20
16.57,16.57,87.39,59.42,78.54
17.11,17.11,86.89,64.49,74.06
19.60,19.60,86.34,66.27,75.88
18.59,18.59,85.51,64.01,75.32
12.47,12.47,82.36,70.94,74.04
19.75,19.75,78.52,71.24,80.05
19.42,19.42,77.82,77.35,79.91
20.34,20.34,78.93,76.32,78.84
19.30,19.30,77.14,76.81,79.71
20.51,20.51,75.33,78.20,78.38
24.46,24.46,69.13,78.47,79.02
23.25,23.25,61.93,78.91,79.41
21.87,21.87,66.80,81.20,77.35
15.58,15.58,67.64,79.85,78.72
17.00,17.00,77.84,74.39,75.73
15.04,15.04,89.33,67.64,79.70
14.54,14.54,89.15,54.15,79.69
12.45,12.45,89.99,38.50,79.49
17.07,17.07,89.66,37.39,79.11
16.67,16.67,88.62,45.39,79.04
14.94,14.94,87.69,55.65,78.01
20.13,20.13,84.44,58.91,78.53
21.99,21.99,83.24,59.08,79.52
13.38,13.38,84.04,64.76,78.23
17.83,17.83,85.33,66.75,78.21
25.04,25.04,85.28,78.25,79.32
25.82,25.82,82.68,74.68,79.01
24.89,24.89,80.90,76.10,80.21
19.62,19.62,79.55,73.60,77.31
22.14,22.14,78.97,77.31,78.58
28.57,28.57,74.97,76.81,77.80
27.88,27.88,69.72,78.63,79.46
21.45,21.45,63.16,76.99,77.83
10.32,10.32,67.49,77.57,78.62
8.22,8.22,75.46,74.94,78.20
15.26,15.26,89.22,62.68,79.38
10.76,10.76,88.47,56.87,77.24
18.87,18.87,89.69,45.72,77.97
17.31,17.31,91.00,48.61,78.62
18.31,18.31,87.05,51.64,80.19
22.31,22.31,86.26,61.56,78.59
19.61,19.61,84.79,63.22,80.27
12.63,12.63,83.89,65.22,78.95
20.07,20.07,84.26,69.80,77.99
19.34,19.34,84.59,70.31,78.12
16.73,16.73,78.46,70.72,78.54
20.54,20.54,71.24,75.33,79.95
17.87,17.87,67.04,76.17,79.08
19.20,19.20,64.97,75.27,76.83
14.40,14.40,64.70,76.28,77.13
13.89,13.89,63.54,77.82,78.11
15.36,15.36,64.03,75.78,79.23
15.42,15.42,63.76,76.96,80.07
11.71,11.71,67.29,74.97,80.99
18.67,18.67,76.16,70.84,80.30
15.13,15.13,88.08,62.13,76.58
17.07,17.07,88.66,56.09,79.33
17.32,17.32,89.70,52.02,77.02
24.48,24.48,91.22,52.90,78.99
17.88,17.88,89.76,50.56,77.61
19.40,19.40,88.05,53.20,77.62
15.16,15.16,86.15,59.71,79.09
21.66,21.66,87.22,63.77,78.18
22.17,22.17,84.79,65.71,78.04
19.71,19.71,82.65,65.89,77.16
19.62,19.62,83.86,73.72,78.78
22.18,22.18,84.02,76.63,79.80
20.38,20.38,82.98,76.10,79.22
25.72,25.72,78.38,76.73,79.47
22.51,22.51,75.73,77.60,78.95
18.63,18.63,72.11,79.76,77.40
18.31,18.31,67.53,78.77,79.30
21.79,21.79,63.88,79.84,79.24
11.14,11.14,66.56,76.98,78.24
7.76,7.76,74.17,72.80,78.83
15.05,15.05,86.15,64.70,77.50
12.53,12.53,88.83,58.12,78.51
11.42,11.42,90.26,41.35,77.23
23.63,23.63,88.65,43.80,77.77
20.39,20.39,88.23,46.12,78.11
13.89,13.89,87.63,46.04,79.13
18.86,18.86,87.19,57.39,77.89
13.66,13.66,87.96,62.62,77.06
12.06,12.06,86.05,61.20,74.90
7.23,7.23,84.58,67.31,73.64
14.75,14.75,80.95,80.40,77.54
22.30,22.30,78.61,78.66,78.82
19.45,19.45,79.14,80.53,79.47
19.37,19.37,77.35,78.51,78.13
19.21,19.21,74.47,78.16,79.14
14.82,14.82,72.71,78.59,78.63
21.22,21.22,72.10,80.78,77.20
18.49,18.49,67.59,80.03,77.26
15.09,15.09,67.68,80.11,77.12
16.47,16.47,76.16,76.29,75.83
14.21,14.21,86.31,67.46,77.40
15.25,15.25,87.83,60.26,77.61
15.40,15.40,90.66,54.40,79.38
18.03,18.03,91.50,53.95,78.35
13.24,13.24,88.98,56.47,76.96
14.73,14.73,87.84,59.39,78.28
16.45,16.45,86.09,63.60,78.70
16.64,16.64,84.42,63.63,80.08
16.90,16.90,83.25,63.79,79.08
19.68,19.68,82.33,65.03,76.57
22.92,22.92,83.23,68.80,78.77
25.21,25.21,81.95,76.12,79.40
20.87,20.87,79.98,77.56,78.89
20.69,20.69,77.98,80.00,77.93
23.23,23.23,78.06,79.55,78.03
24.88,24.88,75.89,79.27,79.39
18.46,18.46,71.44,80.03,76.41
12.07,12.07,67.94,78.59,75.10
3.49,3.49,66.31,76.98,74.36
7.66,7.66,72.64,75.34,74.21
11.39,11.39,83.62,68.61,74.60
17.79,17.79,87.80,56.60,78.53
17.47,17.47,88.87,51.50,77.29
22.23,22.23,91.63,42.92,77.33
19.48,19.48,90.30,46.11,78.38
24.34,24.34,87.87,55.61,78.75
21.05,21.05,86.78,61.29,78.62
19.90,19.90,86.25,64.89,77.99
22.62,22.62,85.97,68.34,77.37
20.44,20.44,86.53,69.35,75.74
16.81,16.81,84.41,74.45,76.62
23.44,23.44,82.86,78.41,78.11
23.26,23.26,80.00,78.74,78.29
20.95,20.95,77.59,78.04,77.12
22.92,22.92,74.66,76.66,78.39
17.69,17.69,70.15,76.55,75.89
17.06,17.06,66.35,76.36,77.45
20.90,20.90,60.75,75.71,78.93
19.10,19.10,64.78,77.94,78.49
16.99,16.99,71.03,75.85,78.12
19.08,19.08,80.52,68.41,79.56
15.81,15.81,88.24,66.67,77.37
15.87,15.87,90.88,65.42,76.15
14.35,14.35,89.59,57.57,76.44
15.98,15.98,89.02,59.76,77.92
13.14,13.14,87.66,63.17,77.24
18.21,18.21,86.50,66.13,75.66
15.58,15.58,85.86,68.89,75.73
15.52,15.52,85.79,66.99,74.84
18.24,18.24,85.63,69.65,74.50
14.79,14.79,81.24,64.87,75.37
20.39,20.39,79.10,75.49,78.76
21.13,21.13,78.05,75.64,78.00
18.88,18.88,73.82,76.79,79.42
21.42,21.42,72.47,76.92,79.04
17.13,17.13,70.47,76.69,79.04
17.76,17.76,68.62,77.24,78.28
15.60,15.60,68.20,76.68,78.16
14.40,14.40,64.64,75.73,76.59
17.07,17.07,69.14,73.15,78.06
14.97,14.97,80.47,73.74,76.25
10.30,10.30,87.91,66.90,79.32
20.66,20.66,90.08,55.80,79.87
19.84,19.84,90.68,47.73,78.41
18.54,18.54,90.04,50.11,77.59
18.90,18.90,87.19,53.91,78.62
17.37,17.37,86.07,59.77,76.27
18.74,18.74,87.35,60.62,75.16
16.12,16.12,85.59,60.03,75.79
12.17,12.17,83.69,63.85,72.93
12.95,12.95,83.32,65.88,75.41
23.92,23.92,84.12,77.47,79.56
19.77,19.77,84.37,77.87,79.03
18.20,18.20,82.58,77.83,79.78
20.93,20.93,77.09,77.78,79.18
17.54,17.54,73.33,76.96,79.62
15.08,15.08,69.07,77.81,78.02
16.59,16.59,65.36,77.98,78.94
16.07,16.07,65.79,76.76,78.10
16.11,16.11,70.60,73.15,78.91
16.45,16.45,75.58,66.40,78.78
13.77,13.77,88.88,60.85,77.37
14.85,14.85,88.95,58.49,80.22
16.37,16.37,90.96,55.14,79.95
16.68,16.68,88.84,53.09,79.48
17.71,17.71,88.19,56.53,78.13
17.24,17.24,88.11,61.06,79.77
22.04,22.04,88.75,62.29,77.65
20.52,20.52,86.11,65.78,78.80
17.92,17.92,84.59,64.60,78.24
17.51,17.51,82.61,70.14,79.69
23.20,23.20,77.77,75.09,79.59
22.12,22.12,69.56,78.56,78.41
24.22,24.22,66.86,78.38,78.93
17.81,17.81,67.40,78.31,77.10
21.27,21.27,68.12,79.40,78.34
18.07,18.07,67.62,77.92,77.25
16.71,16.71,67.70,78.84,78.24
11.17,11.17,66.73,78.14,76.12
7.51,7.51,67.23,78.51,74.90
6.48,6.48,76.12,76.32,73.59
12.21,12.21,88.22,66.85,76.57
17.34,17.34,88.65,61.71,78.82
19.49,19.49,90.73,50.94,79.67
21.73,21.73,89.50,50.41,80.00
25.04,25.04,86.66,48.14,78.62
27.69,27.69,85.72,48.98,79.66
31.75,31.75,84.62,54.21,78.84
30.16,30.16,83.75,56.85,77.37
21.13,21.13,83.37,59.83,76.83
20.10,20.10,84.37,64.30,79.55
18.52,18.52,84.11,78.36,79.36
19.68,19.68,83.25,75.32,82.04
21.56,21.56,81.83,75.76,79.84
17.31,17.31,80.34,76.12,82.04
14.69,14.69,78.74,77.30,78.53
17.58,17.58,74.71,77.48,81.20
18.89,18.89,69.41,77.26,79.57
20.02,20.02,62.66,77.18,80.94
17.36,17.36,68.51,75.38,80.46
19.54,19.54,72.82,74.03,78.31
15.54,15.54,88.03,68.46,79.81
19.33,19.33,89.60,57.70,77.75
18.82,18.82,90.00,53.54,79.51
23.49,23.49,90.91,51.53,78.59
20.91,20.91,89.37,53.87,79.49
15.24,15.24,87.99,55.85,80.44
18.42,18.42,87.09,56.91,78.84
11.34,11.34,86.75,59.72,80.64
15.69,15.69,86.82,66.43,77.48
12.55,12.55,84.53,70.90,78.07
19.16,19.16,77.20,78.20,78.62
16.94,16.94,74.51,78.47,82.17
20.45,20.45,70.87,76.90,79.94
19.55,19.55,66.90,78.39,81.40
18.06,18.06,64.04,76.59,79.05
20.73,20.73,60.87,76.53,80.73
24.80,24.80,61.68,75.46,79.02
27.94,27.94,65.92,75.94,78.88
28.39,28.39,66.81,74.71,80.06
21.59,21.59,71.74,72.42,78.80
11.05,11.05,87.78,70.66,78.34
13.54,13.54,86.57,62.30,78.15
18.12,18.12,90.05,55.33,77.98
18.69,18.69,90.27,41.91,78.07
15.01,15.01,87.28,43.82,79.23
20.54,20.54,86.10,46.44,77.91
17.11,17.11,85.17,49.19,78.57
17.21,17.21,85.28,55.76,78.49
15.51,15.51,84.44,60.99,78.03
15.91,15.91,81.66,63.92,76.95
20.54,20.54,82.39,72.69,79.28
23.01,23.01,84.02,77.63,79.52
33.55,33.55,81.26,78.12,79.45
37.24,37.24,77.93,79.27,78.16
24.53,24.53,75.02,80.98,78.94
22.11,22.11,72.95,80.05,78.13
15.63,15.63,70.69,79.24,79.37
12.08,12.08,64.31,80.03,77.32
11.17,11.17,65.77,77.95,77.91
16.78,16.78,76.24,75.03,77.65
9.86,9.86,85.79,69.33,79.74
18.12,18.12,89.35,65.46,79.49
17.12,17.12,90.06,59.37,79.03
18.33,18.33,89.87,56.78,78.75
16.38,16.38,89.47,57.64,77.97
22.35,22.35,88.48,63.98,77.87
22.84,22.84,89.09,66.01,79.07
21.68,21.68,87.33,67.20,79.70
24.54,24.54,85.64,66.88,79.44
19.60,19.60,84.25,67.15,79.20
16.22,16.22,80.53,79.18,80.13
20.65,20.65,75.71,81.88,79.87
13.45,13.45,73.29,80.65,78.43
18.67,18.67,75.84,77.25,78.71
16.36,16.36,76.01,77.20,79.36
18.52,18.52,74.15,80.16,79.74
15.87,15.87,70.03,78.20,77.50
11.43,11.43,64.38,78.13,77.12
8.69,8.69,60.99,77.93,75.45
4.83,4.83,70.82,76.67,74.22
9.48,9.48,83.69,75.62,75.91
17.64,17.64,87.51,71.24,79.29
20.65,20.65,88.71,60.56,78.97
30.34,30.34,91.01,51.23,78.38
32.03,32.03,88.60,54.72,78.99
24.95,24.95,89.07,59.86,79.52
23.00,23.00,88.01,60.44,78.97
19.61,19.61,85.79,63.47,79.12
17.89,17.89,83.12,61.85,79.31
18.81,18.81,83.17,64.87,79.28
12.19,12.19,85.19,76.68,78.51
21.68,21.68,84.39,75.02,78.96
17.22,17.22,79.99,78.26,78.10
22.06,22.06,70.99,80.55,78.15
16.47,16.47,63.96,79.66,78.95
8.93,8.93,67.50,77.42,77.96
18.16,18.16,67.97,79.85,78.10
21.25,21.25,67.03,79.48,78.32
24.20,24.20,65.57,78.64,79.20
15.03,15.03,72.06,76.15,77.29
9.89,9.89,81.51,67.26,77.88
17.97,17.97,89.36,60.38,78.89
24.66,24.66,88.69,52.84,78.41
29.70,29.70,91.67,46.79,77.54
22.65,22.65,89.03,55.14,77.26
21.39,21.39,87.31,60.02,77.57
18.89,18.89,87.00,61.10,77.84
18.44,18.44,86.70,61.49,76.84
22.40,22.40,86.15,57.62,77.89
26.18,26.18,84.85,63.84,76.26
22.11,22.11,82.41,71.21,75.68
22.83,22.83,80.77,78.97,80.31
22.97,22.97,80.78,79.94,79.29
18.98,18.98,79.63,77.94,79.59
19.49,19.49,77.27,80.05,79.50
17.11,17.11,71.72,80.82,78.30
24.76,24.76,66.92,77.86,78.77
28.41,28.41,67.94,77.78,77.39
24.70,24.70,68.62,78.07,78.73
15.60,15.60,70.90,77.12,78.93
13.08,13.08,82.77,72.17,78.72
14.50,14.50,87.40,64.70,77.44
13.60,13.60,89.63,54.80,76.99
14.02,14.02,88.68,46.78,78.38
12.52,12.52,88.30,52.18,79.53
19.78,19.78,85.67,56.46,79.25
19.50,19.50,85.03,55.64,77.86
17.04,17.04,84.59,55.35,76.34
11.57,11.57,86.98,61.85,75.18
11.15,11.15,85.66,66.65,73.13
11.73,11.73,81.53,74.83,75.76
13.02,13.02,74.01,78.74,82.12
16.58,16.58,73.59,76.82,82.03
18.66,18.66,77.15,77.70,82.01
19.87,19.87,76.10,79.64,82.04
19.01,19.01,73.39,79.07,80.66
12.37,12.37,68.70,77.17,80.48
17.12,17.12,64.56,78.22,80.12
14.39,14.39,64.59,79.05,78.69
13.75,13.75,68.32,78.01,81.93
14.61,14.61,76.60,76.10,80.71
11.10,11.10,88.99,68.54,79.27
17.60,17.60,89.03,64.96,77.75
17.84,17.84,89.89,58.85,78.64
20.70,20.70,90.69,57.88,79.59
20.15,20.15,88.44,59.85,77.01
17.35,17.35,87.45,63.49,78.37
18.11,18.11,85.89,64.65,79.36
23.67,23.67,85.36,67.69,81.26
20.30,20.30,82.58,69.74,79.15
20.21,20.21,82.62,73.35,78.61
20.93,20.93,82.77,77.59,79.49
24.65,24.65,78.96,81.89,78.97
17.05,17.05,70.65,80.84,77.04
14.44,14.44,67.73,78.93,76.95
21.03,21.03,70.59,79.13,79.09
13.90,13.90,69.32,80.37,77.05
10.45,10.45,65.26,80.42,76.25
9.80,9.80,62.05,79.55,72.65
5.26,5.26,66.87,79.16,71.26
9.47,9.47,73.90,74.10,72.57
15.10,15.10,88.59,63.75,79.12
14.94,14.94,88.49,62.39,77.38
18.80,18.80,90.87,55.39,77.69
21.87,21.87,89.03,59.61,79.06
18.23,18.23,87.44,62.81,79.09
21.12,21.12,88.57,63.23,78.89
22.66,22.66,88.03,61.48,78.35
23.64,23.64,86.31,63.05,78.11
19.69,19.69,83.89,67.59,77.82
17.40,17.40,82.07,66.97,77.16
19.52,19.52,84.11,75.08,79.17
16.44,16.44,82.10,78.22,76.63
22.15,22.15,80.14,76.77,77.13
18.80,18.80,76.42,76.15,77.85
19.43,19.43,70.85,77.39,77.88
20.01,20.01,65.71,76.43,76.26
17.00,17.00,67.73,76.74,79.97
19.69,19.69,68.83,78.41,77.47
19.84,19.84,68.73,77.83,77.95
20.82,20.82,76.79,72.58,79.01
17.92,17.92,89.01,70.21,78.92
13.26,13.26,89.18,58.06,77.08
15.27,15.27,89.73,53.14,77.92
19.88,19.88,89.05,55.05,77.80
18.48,18.48,86.70,53.34,78.79
19.09,19.09,86.54,55.05,77.98
24.16,24.16,85.49,59.37,76.37
22.30,22.30,85.52,63.89,76.66
19.73,19.73,85.53,63.74,75.43
17.79,17.79,84.16,68.63,76.73
21.71,21.71,76.11,76.67,79.48
29.38,29.38,73.75,77.91,78.97
25.36,25.36,76.75,78.26,77.40
23.18,23.18,76.42,77.98,77.02
18.01,18.01,73.63,78.78,78.24
23.21,23.21,68.62,78.78,79.58
19.89,19.89,65.20,78.95,79.15
25.18,25.18,66.08,79.50,78.36
24.20,24.20,69.39,80.28,77.45
13.52,13.52,75.61,77.94,78.10
15.81,15.81,88.26,68.10,78.10
10.92,10.92,88.59,64.68,76.94
24.66,24.66,89.05,56.02,77.93
15.16,15.16,91.00,57.91,77.32
19.93,19.93,89.00,62.90,78.30
17.71,17.71,86.92,64.84,77.11
21.83,21.83,84.95,64.52,76.54
16.73,16.73,83.86,62.08,77.57
12.58,12.58,85.16,64.79,76.78
12.66,12.66,83.42,70.18,77.85
20.12,20.12,81.96,78.67,76.98
20.79,20.79,78.25,79.42,76.99
15.32,15.32,73.62,80.20,77.44
14.29,14.29,70.59,79.20,77.74
18.23,18.23,71.70,80.08,78.78
21.63,21.63,71.19,79.49,77.44
18.88,18.88,67.84,80.52,77.73
19.28,19.28,65.58,81.10,77.35
16.53,16.53,67.38,80.62,78.30
13.65,13.65,73.83,76.97,77.71
17.08,17.08,86.36,70.39,77.62
13.24,13.24,88.76,61.48,78.38
14.32,14.32,90.27,58.44,78.96
22.72,22.72,89.85,54.62,81.16
26.12,26.12,88.77,57.03,81.13
34.69,34.69,87.61,55.34,79.50
38.69,38.69,86.95,57.02,78.89
36.41,36.41,87.14,62.33,81.50
27.38,27.38,85.27,65.37,78.70
16.12,16.12,82.11,62.15,78.04
17.00,17.00,82.24,72.48,77.51
20.65,20.65,80.54,77.90,79.19
23.58,23.58,76.74,77.23,79.66
17.86,17.86,73.93,75.62,78.27
19.53,19.53,74.18,79.09,79.35
18.16,18.16,71.48,78.88,79.83
15.73,15.73,69.82,76.45,79.68
15.59,15.59,66.65,82.42,77.93
10.69,10.69,65.56,80.79,77.76
9.36,9.36,63.54,80.12,77.79
13.24,13.24,67.52,77.37,79.69
16.68,16.68,70.44,72.26,79.93
18.29,18.29,72.06,73.55,79.64
21.34,21.34,71.71,68.23,80.27
18.54,18.54,72.52,69.98,80.25
20.65,20.65,72.07,68.82,79.75
21.35,21.35,69.85,66.25,81.55
21.46,21.46,69.21,68.13,80.91
17.78,17.78,68.97,69.04,79.52
20.53,20.53,69.16,70.89,78.34
19.62,19.62,72.18,77.59,77.66
14.19,14.19,73.11,79.00,77.38
14.17,14.17,70.95,78.59,77.18
16.04,16.04,69.03,79.61,76.58
18.43,18.43,67.70,81.24,76.29
19.05,19.05,67.26,79.64,75.86
26.52,26.52,67.15,79.53,78.60
29.30,29.30,68.15,80.56,77.91
23.77,23.77,68.31,78.98,78.87
17.55,17.55,68.35,79.71,77.14
16.13,16.13,68.04,74.93,78.17
21.19,21.19,70.19,66.62,79.31
24.82,24.82,69.45,73.87,77.54
26.95,26.95,69.91,71.71,78.40
25.36,25.36,70.21,71.60,77.44
20.98,20.98,69.77,72.08,76.58
16.39,16.39,69.74,69.96,75.41
11.36,11.36,67.28,71.66,75.19
10.15,10.15,67.60,70.68,76.21
8.86,8.86,67.61,74.07,76.22
14.75,14.75,70.77,76.00,75.05
21.70,21.70,73.97,77.05,78.07
17.71,17.71,72.18,77.43,78.08
12.62,12.62,69.85,79.40,79.18
10.86,10.86,68.32,78.91,79.31
10.95,10.95,67.21,78.59,77.26
8.34,8.34,66.02,78.36,78.36
8.00,8.00,65.74,78.29,77.80
6.39,6.39,66.08,77.06,76.54
9.27,9.27,71.09,75.91,78.85
10.51,10.51,85.09,77.56,77.54
12.45,12.45,88.02,68.02,78.59
14.42,14.42,88.87,59.61,77.51
19.34,19.34,90.67,57.72,77.05
18.58,18.58,89.18,54.04,78.74
9.89,9.89,88.32,57.76,78.06
7.22,7.22,86.92,64.09,76.75
12.90,12.90,84.84,64.93,75.38
13.70,13.70,84.33,66.79,74.06
8.65,8.65,86.07,71.95,74.20
7.62,7.62,82.84,74.34,74.68
16.03,16.03,80.52,76.00,79.21
14.32,14.32,80.29,77.49,79.69
17.45,17.45,77.06,79.89,79.11
8.45,8.45,72.97,77.60,82.24
10.38,10.38,72.20,80.92,78.60
14.53,14.53,69.28,80.92,77.85
15.91,15.91,66.73,79.31,78.47
9.96,9.96,65.25,80.92,79.14
6.51,6.51,69.35,77.02,78.46
5.20,5.20,82.34,76.12,78.98
4.11,4.11,87.73,69.88,79.00
7.72,7.72,89.60,65.49,79.00
10.83,10.83,89.27,60.58,79.03
11.86,11.86,89.88,60.12,77.97
12.65,12.65,88.24,64.65,78.20
9.43,9.43,86.15,67.33,78.85
6.06,6.06,85.52,68.84,78.47
5.35,5.35,86.94,67.30,79.70
8.19,8.19,85.26,72.51,77.15
6.82,6.82,81.70,69.86,77.11
16.30,16.30,82.17,78.78,77.81
15.90,15.90,80.71,77.02,77.39
15.72,15.72,77.76,77.81,78.65
16.39,16.39,75.27,76.41,78.86
14.93,14.93,73.79,76.24,80.01
12.15,12.15,72.23,77.45,76.52
11.52,11.52,71.05,76.91,77.61
6.91,6.91,69.64,73.06,76.23
7.17,7.17,68.22,75.75,74.37
12.83,12.83,69.30,77.96,74.16
8.55,8.55,72.08,79.42,80.09
17.68,17.68,71.98,76.29,80.97
14.75,14.75,72.91,72.35,80.16
14.57,14.57,71.71,71.11,78.32
11.75,11.75,69.75,69.68,79.63
5.73,5.73,67.16,70.07,77.05
7.56,7.56,65.19,71.18,79.61
9.53,9.53,65.39,69.21,77.72
4.71,4.71,65.46,65.66,78.22
8.44,8.44,69.11,72.62,78.38
17.07,17.07,74.45,76.46,79.29
12.30,12.30,73.02,78.06,80.92
17.65,17.65,72.42,80.22,78.68
18.51,18.51,71.42,79.43,80.15
18.51,18.51,69.60,80.79,78.79
13.53,13.53,68.34,78.73,79.30
11.63,11.63,68.11,79.33,79.40
10.16,10.16,67.75,76.72,79.29
12.00,12.00,67.92,78.39,80.44
16.37,16.37,69.91,74.65,78.47
13.80,13.80,73.23,79.14,79.36
11.28,11.28,74.17,74.03,78.44
19.12,19.12,72.34,72.62,79.72
18.80,18.80,70.17,72.11,77.86
30.24,30.24,68.59,70.80,76.39
30.73,30.73,67.79,69.25,78.03
23.97,23.97,66.22,68.89,78.68
17.38,17.38,64.14,70.13,79.86
16.08,16.08,65.07,70.45,79.38
10.82,10.82,67.42,66.43,78.86
15.51,15.51,75.06,79.60,80.16
15.34,15.34,74.35,80.84,79.96
16.85,16.85,73.26,78.17,78.66
11.51,11.51,71.29,77.32,80.01
13.35,13.35,69.63,78.28,79.16
8.83,8.83,67.25,80.25,78.42
12.18,12.18,67.33,79.84,80.18
7.08,7.08,65.97,79.42,78.65
10.46,10.46,66.67,78.31,79.74
5.17,5.17,69.67,78.23,77.46
14.97,14.97,73.17,77.28,78.85
15.22,15.22,74.64,76.91,79.27
15.03,15.03,73.98,73.36,76.83
11.62,11.62,73.51,73.45,76.96
14.24,14.24,73.36,73.31,77.15
10.54,10.54,70.72,73.42,75.94
7.83,7.83,69.86,73.30,77.11
8.16,8.16,67.05,72.36,75.53
3.02,3.02,64.81,71.15,77.00
3.36,3.36,65.71,72.38,74.52
14.97,14.97,75.29,81.76,78.70
16.97,16.97,75.11,79.52,77.70
24.36,24.36,73.71,79.98,77.01
21.29,21.29,72.73,76.45,76.92
26.64,26.64,72.75,76.45,77.75
17.97,17.97,70.77,78.39,75.78
13.19,13.19,70.45,79.50,76.69
13.27,13.27,68.19,79.00,75.12
11.15,11.15,69.54,78.20,78.06
9.21,9.21,68.30,77.75,76.19
9.27,9.27,71.48,78.25,80.90
5.86,5.86,71.94,76.06,78.66
8.01,8.01,70.97,73.69,79.05
6.64,6.64,70.77,72.44,78.01
11.00,11.00,68.96,72.93,77.76
10.98,10.98,68.58,70.61,77.22
5.73,5.73,67.51,70.07,77.71
5.40,5.40,67.03,69.29,81.12
3.17,3.17,67.67,65.82,79.96
4.68,4.68,68.49,68.35,78.76
18.55,18.55,75.01,76.81,80.43
15.36,15.36,75.27,78.85,78.62
13.26,13.26,74.09,77.65,77.68
15.53,15.53,71.90,77.70,77.45
14.15,14.15,71.15,78.38,78.17
12.09,12.09,69.58,78.27,77.57
8.73,8.73,66.03,76.93,75.98
8.17,8.17,65.51,76.57,75.96
6.40,6.40,64.75,77.93,73.71
9.99,9.99,63.16,76.92,72.82
13.66,13.66,71.17,77.85,77.89
12.00,12.00,72.54,76.54,79.98
20.66,20.66,73.52,72.66,79.12
12.62,12.62,72.24,72.82,78.98
10.79,10.79,72.12,70.95,79.60
10.67,10.67,69.63,70.61,77.90
9.09,9.09,69.57,69.78,77.38
8.32,8.32,67.78,69.32,76.36
6.99,6.99,68.49,65.11,76.11
7.69,7.69,70.87,67.72,76.20
13.32,13.32,74.78,79.18,77.30
14.76,14.76,75.86,79.16,76.69
17.72,17.72,74.24,76.71,75.50
13.42,13.42,72.95,78.76,77.20
13.99,13.99,70.93,77.04,79.14
11.88,11.88,69.43,76.32,76.04
12.04,12.04,68.61,77.85,76.13
18.82,18.82,67.23,77.61,76.96
16.58,16.58,67.94,76.60,76.71
7.00,7.00,67.79,77.21,77.64
4.14,4.14,71.89,80.50,78.84
9.72,9.72,73.98,73.19,79.16
17.12,17.12,72.83,72.10,75.12
19.13,19.13,71.95,74.02,76.76
21.72,21.72,70.30,72.04,78.39
16.34,16.34,70.49,70.94,76.18
10.19,10.19,68.30,71.01,75.09
7.80,7.80,66.65,71.52,78.01
9.18,9.18,66.38,70.09,77.73
8.30,8.30,67.38,69.07,76.61
13.73,13.73,73.40,77.16,77.39
16.26,16.26,75.93,78.23,77.32
12.94,12.94,75.11,79.73,76.53
18.72,18.72,73.08,79.17,76.33
25.45,25.45,71.70,78.73,75.81
25.12,25.12,70.44,78.63,77.08
15.18,15.18,68.68,78.48,77.30
24.66,24.66,68.23,77.96,76.96
25.38,25.38,67.41,77.88,76.53
10.05,10.05,69.37,76.90,77.61
10.42,10.42,72.18,71.28,77.91
11.76,11.76,74.72,75.12,77.41
16.14,16.14,74.15,72.08,76.17
12.87,12.87,75.24,73.28,76.54
13.64,13.64,74.17,70.89,77.59
9.92,9.92,72.38,70.96,74.63
8.74,8.74,71.04,70.88,74.36
10.68,10.68,69.52,70.59,75.38
13.60,13.60,67.37,70.09,73.52
7.65,7.65,66.15,70.23,71.20
11.75,11.75,71.16,67.58,74.13
20.80,20.80,76.69,79.87,77.80
19.77,19.77,74.90,78.10,77.47
18.56,18.56,73.61,79.16,77.43
15.06,15.06,72.88,79.34,77.55
14.94,14.94,71.53,78.80,77.41
9.07,9.07,70.08,77.56,76.83
8.51,8.51,69.37,77.92,74.89
6.33,6.33,69.68,77.02,76.49
4.04,4.04,70.68,78.20,78.25
1.66,1.66,82.34,78.53,77.01
4.92,4.92,89.03,71.70,79.22
7.27,7.27,89.29,68.82,80.01
11.68,11.68,90.34,61.12,77.94
9.95,9.95,88.89,61.03,77.79
14.08,14.08,87.22,59.61,78.42
7.98,7.98,85.16,62.45,78.36
11.31,11.31,83.90,66.09,78.30
7.63,7.63,84.55,67.76,78.04
5.09,5.09,85.84,72.34,76.87
8.52,8.52,83.73,76.85,78.45
17.03,17.03,82.56,78.61,78.93
19.52,19.52,81.78,75.40,78.92
20.85,20.85,79.86,77.21,77.96
20.40,20.40,78.94,78.23,78.45
26.01,26.01,76.30,78.44,77.38
27.42,27.42,74.04,79.38,77.96
23.63,23.63,71.15,77.93,79.65
17.22,17.22,70.39,78.91,78.11
8.36,8.36,69.42,77.67,77.85
9.77,9.77,70.43,76.83,77.64
12.66,12.66,73.61,80.08,78.89
17.21,17.21,73.73,72.46,79.13
15.49,15.49,72.98,72.01,78.35
12.77,12.77,73.83,70.58,77.42
11.57,11.57,71.63,67.06,78.36
10.01,10.01,69.09,63.82,78.66
10.31,10.31,68.23,69.94,77.79
12.08,12.08,68.48,70.67,78.87
10.22,10.22,69.19,67.80,77.92
7.55,7.55,71.37,70.01,76.79
17.25,17.25,75.96,79.65,79.36
13.40,13.40,75.72,76.83,78.27
14.92,14.92,73.05,78.68,78.22
13.86,13.86,72.71,77.53,79.56
11.84,11.84,69.93,76.30,78.27
10.80,10.80,69.60,78.48,78.93
17.69,17.69,68.11,78.37,78.51
21.62,21.62,68.41,78.78,78.65
17.82,17.82,66.68,77.55,78.24
6.90,6.90,68.87,70.64,77.80
6.21,6.21,72.13,80.49,79.61
3.56,3.56,72.22,74.94,77.29
9.29,9.29,71.07,74.59,79.69
10.00,10.00,70.51,73.20,79.25
10.13,10.13,68.88,73.93,78.67
11.33,11.33,68.09,73.45,77.93
10.48,10.48,66.47,71.20,77.97
5.19,5.19,65.72,73.20,78.04
10.16,10.16,65.88,70.44,75.80
11.09,11.09,68.53,75.46,77.17
14.41,14.41,75.49,79.29,78.49
16.74,16.74,75.39,79.57,79.54
14.29,14.29,72.57,79.48,77.41
12.08,12.08,71.14,77.71,77.35
15.34,15.34,68.94,77.15,77.03
14.88,14.88,67.70,76.66,78.41
10.99,10.99,66.92,77.14,78.14
8.52,8.52,64.99,78.87,77.44
7.29,7.29,65.30,78.17,76.31
10.88,10.88,67.98,79.62,78.64
14.51,14.51,74.37,75.23,79.99
17.06,17.06,74.30,75.84,78.21
11.43,11.43,73.56,73.94,79.32
13.12,13.12,73.25,72.65,76.58
12.26,12.26,71.31,72.27,77.39
12.62,12.62,70.48,71.36,78.00
12.48,12.48,67.48,72.82,76.86
11.58,11.58,65.02,72.80,74.51
4.48,4.48,64.87,70.47,75.51
7.60,7.60,65.94,72.67,75.06
16.40,16.40,75.37,74.21,79.24
13.99,13.99,74.37,77.36,77.92
15.90,15.90,73.08,78.85,76.72
13.46,13.46,71.85,78.86,77.43
15.61,15.61,70.49,78.92,77.19
14.13,14.13,70.39,78.51,77.31
15.86,15.86,69.62,77.22,79.13
17.07,17.07,68.61,77.33,76.32
14.56,14.56,67.90,78.14,77.06
7.80,7.80,67.98,76.99,77.33
7.36,7.36,71.80,78.81,77.25
7.53,7.53,73.57,73.76,79.25
4.92,4.92,71.10,72.92,77.72
5.43,5.43,70.56,71.88,78.15
11.30,11.30,68.99,68.39,76.54
9.60,9.60,68.23,70.06,78.37
7.87,7.87,66.70,70.87,77.25
5.05,5.05,65.88,72.50,77.80
3.20,3.20,66.34,69.41,78.93
1.48,1.48,66.35,70.31,76.46
16.38,16.38,75.37,81.79,78.10
14.40,14.40,75.31,78.82,76.98
16.92,16.92,73.30,78.21,76.42
13.64,13.64,71.61,77.81,76.86
15.74,15.74,71.34,75.81,75.80
27.12,27.12,70.15,76.14,77.33
30.89,30.89,68.26,78.43,76.31
22.25,22.25,66.97,79.01,74.50
6.33,6.33,64.87,78.62,73.13
9.36,9.36,64.36,76.20,72.49
12.33,12.33,71.66,78.42,76.74
13.93,13.93,74.17,77.10,80.04
17.64,17.64,73.54,72.99,78.60
16.95,16.95,72.96,71.12,77.53
26.94,26.94,71.23,71.51,77.04
34.02,34.02,70.14,68.72,76.64
30.32,30.32,69.05,71.42,76.70
25.10,25.10,67.95,70.56,75.72
21.23,21.23,68.14,68.24,75.44
9.38,9.38,69.18,70.83,75.26
14.03,14.03,75.18,74.92,76.43
11.93,11.93,75.53,79.71,76.92
15.24,15.24,73.63,79.04,76.92
9.91,9.91,72.36,79.99,76.42
12.44,12.44,70.03,79.07,76.19
8.80,8.80,69.72,77.79,75.04
12.00,12.00,69.46,76.41,81.46
12.12,12.12,68.21,77.19,78.40
7.21,7.21,68.04,77.49,78.30
2.50,2.50,68.87,77.16,76.92
2.81,2.81,71.34,81.23,76.68
5.32,5.32,74.02,75.41,76.08
9.57,9.57,71.36,73.41,76.44
15.62,15.62,71.06,70.14,75.18
21.30,21.30,69.55,70.42,74.54
18.58,18.58,70.16,70.87,74.95
11.47,11.47,67.81,72.12,73.39
8.37,8.37,66.58,69.24,73.82
6.05,6.05,66.03,66.58,73.85
4.96,4.96,66.14,68.51,74.49
10.97,10.97,74.80,76.46,75.58
16.68,16.68,75.21,76.51,78.27
16.87,16.87,72.83,78.43,78.32
15.72,15.72,71.22,80.20,78.68
13.51,13.51,70.00,80.26,79.21
14.18,14.18,68.08,77.51,76.72
14.30,14.30,66.87,79.41,78.04
21.30,21.30,66.62,79.01,78.89
20.67,20.67,65.74,77.77,76.97
10.73,10.73,68.08,78.87,77.29
10.49,10.49,70.84,74.78,78.10
12.44,12.44,74.17,78.41,77.54
14.61,14.61,72.91,73.86,76.41
10.69,10.69,72.86,75.02,78.55
14.29,14.29,72.48,74.78,75.37
16.47,16.47,69.87,72.62,76.59
17.74,17.74,68.92,71.66,73.89
14.27,14.27,66.12,71.88,76.28
11.89,11.89,65.31,68.19,74.25
9.89,9.89,64.94,68.39,71.15
13.49,13.49,72.40,77.80,74.43
19.87,19.87,75.36,76.38,77.80
16.03,16.03,74.02,77.77,77.73
16.01,16.01,72.83,78.19,78.24
16.48,16.48,71.24,77.55,77.49
15.42,15.42,70.35,75.95,76.53
13.07,13.07,68.62,78.37,77.43
11.49,11.49,69.17,79.99,75.36
9.44,9.44,69.58,77.98,76.56
5.73,5.73,74.91,76.01,75.38
5.78,5.78,82.02,64.55,76.22
7.94,7.94,86.71,71.52,79.99
10.67,10.67,90.25,67.56,78.90
12.05,12.05,89.90,62.73,79.12
13.92,13.92,88.11,64.75,76.72
11.40,11.40,88.88,67.11,80.51
6.89,6.89,87.97,65.59,77.98
7.04,7.04,86.12,63.10,77.15
9.72,9.72,85.03,64.49,77.04
8.08,8.08,83.93,70.41,76.84
5.98,5.98,83.88,70.05,78.10
16.51,16.51,78.84,79.50,79.92
14.93,14.93,76.49,79.40,79.98
9.03,9.03,75.03,78.91,79.77
16.02,16.02,73.15,78.74,78.28
12.97,12.97,73.32,77.08,76.30
12.28,12.28,70.58,75.83,76.64
7.86,7.86,70.03,77.60,74.99
3.66,3.66,69.55,74.36,73.87
9.14,9.14,67.88,73.15,73.80
10.80,10.80,71.17,77.68,76.60
11.59,11.59,73.93,78.10,79.34
18.88,18.88,73.45,74.52,80.62
13.22,13.22,73.58,74.87,76.59
9.96,9.96,73.06,73.55,78.14
12.01,12.01,71.29,72.56,75.95
15.83,15.83,70.32,72.36,78.54
18.19,18.19,69.81,71.15,79.74
13.45,13.45,68.69,70.87,75.39
6.19,6.19,69.72,70.76,76.40
9.43,9.43,72.21,75.93,77.71
17.09,17.09,76.00,76.81,80.02
14.72,14.72,74.07,77.58,79.10
12.94,12.94,74.22,75.64,79.09
14.58,14.58,72.29,76.34,78.76
14.11,14.11,71.96,75.27,79.98
16.48,16.48,71.96,76.12,78.74
22.48,22.48,70.77,76.19,80.75
16.18,16.18,71.90,74.12,76.75
23.74,23.74,71.89,75.06,80.73
24.01,24.01,72.30,72.91,78.52
12.85,12.85,74.10,75.15,78.41
22.85,22.85,74.13,73.68,78.03
29.10,29.10,73.34,70.67,76.71
33.46,33.46,72.58,70.84,78.26
27.45,27.45,72.49,69.68,75.74
21.04,21.04,72.50,68.35,79.23
15.92,15.92,71.48,69.19,78.79
11.17,11.17,69.20,69.12,79.20
9.71,9.71,68.32,66.28,79.97
11.30,11.30,72.72,71.47,76.82
14.77,14.77,76.74,77.84,77.19
14.12,14.12,74.86,76.40,78.74
20.41,20.41,74.26,78.58,78.34
26.09,26.09,72.87,78.31,78.72
25.67,25.67,72.26,76.61,79.13
24.56,24.56,71.03,75.92,77.65
26.77,26.77,71.47,78.22,80.99
27.52,27.52,70.68,77.87,77.91
19.82,19.82,71.47,77.22,79.52
17.39,17.39,72.41,78.32,78.56
17.93,17.93,75.02,73.72,78.74
22.50,22.50,74.92,76.20,77.77
24.61,24.61,75.73,72.58,78.29
29.55,29.55,74.61,72.14,76.86
32.57,32.57,73.72,69.99,77.39
31.31,31.31,72.65,71.03,75.20
31.16,31.16,71.49,70.46,78.33
31.96,31.96,67.32,68.83,77.57
31.90,31.90,66.06,67.21,76.67
32.73,32.73,68.46,71.18,76.23
36.98,36.98,76.24,80.87,76.78
39.66,39.66,75.85,79.83,76.89
41.12,41.12,75.26,80.58,77.72
35.99,35.99,73.61,79.74,76.05
30.51,30.51,73.74,78.07,77.29
24.79,24.79,72.91,78.06,77.77
19.06,19.06,72.15,80.20,78.70
19.79,19.79,71.40,79.62,77.81
29.44,29.44,73.59,77.65,77.48
26.02,26.02,79.48,77.56,74.03
13.81,13.81,87.34,73.55,77.49
11.06,11.06,89.20,64.90,78.31
17.81,17.81,89.44,57.09,78.40
16.33,16.33,88.82,57.88,79.12
20.20,20.20,88.80,57.37,79.25
23.30,23.30,88.70,60.42,79.37
16.80,16.80,87.76,64.36,80.21
11.63,11.63,86.14,65.24,78.65
13.01,13.01,84.85,67.65,79.78
22.47,22.47,83.23,72.24,80.55
34.11,34.11,78.00,78.46,77.67
45.85,45.85,77.63,75.92,78.28
44.07,44.07,77.23,76.84,76.25
49.38,49.38,77.48,78.66,76.58
46.19,46.19,77.08,78.03,76.76
45.66,45.66,74.08,77.38,77.98
44.20,44.20,72.07,78.10,77.16
44.68,44.68,70.36,76.11,76.53
37.04,37.04,68.83,74.87,75.20
31.50,31.50,68.57,76.08,74.07
36.12,36.12,73.99,77.66,78.99
42.06,42.06,75.51,70.47,79.26
46.48,46.48,75.37,71.87,78.13
45.65,45.65,75.31,72.17,78.29
49.26,49.26,74.88,70.44,78.68
51.02,51.02,73.41,70.34,78.88
42.89,42.89,72.44,69.48,78.16
41.36,41.36,71.41,69.72,76.06
43.11,43.11,72.04,69.07,77.53
42.05,42.05,72.08,66.52,75.92
28.28,28.28,76.21,80.27,78.48
17.05,17.05,75.69,78.37,76.43
22.20,22.20,74.88,77.71,76.22
27.45,27.45,73.82,78.58,76.12
32.22,32.22,71.65,78.38,74.73
42.52,42.52,71.20,79.02,74.57
48.33,48.33,71.17,78.99,75.55
49.58,49.58,71.09,78.85,76.82
42.87,42.87,72.23,79.31,77.37
37.38,37.38,72.29,76.26,77.47
36.43,36.43,73.60,79.09,78.02
38.35,38.35,73.94,67.57,74.03
43.02,43.02,72.62,71.85,74.90
44.75,44.75,72.39,70.28,76.01
37.43,37.43,73.28,67.95,77.57
39.56,39.56,71.78,69.72,75.15
35.39,35.39,71.94,71.45,75.39
28.00,28.00,71.03,70.83,74.81
37.39,37.39,70.43,68.01,73.63
32.15,32.15,70.17,71.06,75.47
44.35,44.35,75.71,77.42,77.24
50.53,50.53,75.98,81.07,78.24
52.52,52.52,74.52,78.81,76.99
54.71,54.71,73.38,79.77,76.55
53.95,53.95,72.08,79.66,76.83
56.15,56.15,70.93,79.06,76.31
60.50,60.50,70.57,78.55,78.03
56.80,56.80,69.57,78.09,75.99
56.42,56.42,71.02,77.27,77.10
47.04,47.04,71.73,76.17,77.20
51.91,51.91,74.63,75.01,78.70
55.90,55.90,74.47,75.82,81.12
45.90,45.90,74.18,70.02,77.48
45.19,45.19,74.17,73.36,77.67
43.25,43.25,73.97,72.09,76.83
45.18,45.18,72.40,71.58,75.79
40.65,40.65,70.95,71.66,73.83
39.07,39.07,67.79,70.41,74.59
36.61,36.61,65.20,69.18,74.13
35.07,35.07,64.87,70.32,73.94
38.38,38.38,74.34,76.93,77.29
50.17,50.17,75.20,79.87,77.97
56.43,56.43,73.83,79.03,76.40
56.88,56.88,73.44,77.98,76.08
62.37,62.37,73.11,77.53,77.56
61.49,61.49,71.41,77.52,78.19
48.19,48.19,70.87,76.72,75.13
49.03,49.03,69.91,76.95,77.15
48.07,48.07,70.77,77.97,76.91
50.21,50.21,74.18,77.78,74.41
50.97,50.97,85.58,73.15,76.17
65.12,65.12,87.47,68.66,79.70
68.24,68.24,89.44,63.81,78.21
68.60,68.60,88.13,61.31,79.07
70.39,70.39,88.59,63.62,78.92
72.57,72.57,86.69,66.13,79.76
68.26,68.26,85.86,67.15,79.18
64.03,64.03,85.28,67.93,78.96
62.01,62.01,82.23,68.31,77.05
59.96,59.96,82.63,68.03,76.85
60.84,60.84,86.86,76.16,74.92
67.82,67.82,84.79,78.45,76.05
69.27,69.27,88.01,78.15,75.85
71.32,71.32,88.49,76.63,74.99
74.41,74.41,86.44,76.51,75.82
72.72,72.72,86.77,76.08,77.46
64.05,64.05,87.66,77.87,77.95
59.77,59.77,87.53,78.47,75.37
58.60,58.60,85.17,79.11,76.19
55.52,55.52,78.89,77.98,75.39
52.77,52.77,85.64,71.38,76.73
64.08,64.08,86.39,66.58,79.35
67.23,67.23,89.15,60.14,77.47
71.57,71.57,89.97,49.69,78.15
71.85,71.85,88.18,47.15,78.40
67.65,67.65,87.30,57.22,78.99
60.76,60.76,87.32,61.71,80.02
59.40,59.40,86.87,60.44,79.23
57.56,57.56,84.11,61.91,77.50
58.27,58.27,82.85,65.35,78.47
53.61,53.61,85.08,73.16,77.33
62.80,62.80,84.47,74.94,77.56
65.88,65.88,87.83,73.96,77.57
66.80,66.80,88.22,75.18,78.52
66.35,66.35,83.66,80.15,79.39
67.30,67.30,82.99,80.73,80.42
66.06,66.06,81.82,79.18,78.42
63.78,63.78,83.84,78.80,76.92
63.65,63.65,86.00,78.37,77.47
65.62,65.62,86.84,77.27,75.83
77.98,77.98,82.26,77.13,78.04
77.82,77.82,80.58,74.05,78.93
76.84,76.84,81.48,74.04,78.78
70.67,70.67,80.83,74.47,79.27
73.62,73.62,82.34,74.06,78.75
58.99,58.99,84.87,76.02,75.85
57.12,57.12,86.26,72.16,75.17
60.25,60.25,87.69,71.39,74.07
66.38,66.38,89.10,67.97,73.86
66.79,66.79,87.42,68.48,74.30
62.00,62.00,85.87,71.58,75.87
58.89,58.89,86.54,74.70,77.12
58.88,58.88,84.55,76.82,77.08
59.58,59.58,79.74,79.41,76.24
60.49,60.49,76.60,78.24,77.06
63.05,63.05,80.35,78.09,77.66
63.28,63.28,87.35,79.01,76.06
68.28,68.28,88.94,78.46,75.24
67.76,67.76,87.93,74.79,77.19
70.78,70.78,87.65,71.23,78.24
67.45,67.45,85.29,64.44,78.35
60.82,60.82,87.21,66.89,78.58
62.86,62.86,89.54,60.48,78.94
61.20,61.20,88.79,49.02,79.05
64.72,64.72,88.93,50.08,77.86
65.81,65.81,87.28,52.32,79.15
65.76,65.76,84.35,57.62,79.74
65.86,65.86,84.36,58.52,77.00
64.75,64.75,85.14,59.21,79.00
69.21,69.21,84.07,64.15,74.98
65.23,65.23,84.76,70.40,77.53
59.78,59.78,86.05,75.89,79.14
55.69,55.69,87.49,77.29,77.86
54.97,54.97,88.82,75.14,75.99
56.29,56.29,89.55,75.23,76.40
63.16,63.16,87.53,76.24,78.67
65.74,65.74,86.72,78.11,79.78
65.44,65.44,87.27,78.37,77.38
66.11,66.11,86.58,80.34,78.19
64.92,64.92,82.60,80.53,76.80
59.11,59.11,80.24,75.90,74.44
62.79,62.79,89.05,68.28,75.51
66.14,66.14,88.84,64.01,77.81
66.43,66.43,89.31,53.77,78.98
65.02,65.02,89.76,50.40,78.70
63.68,63.68,88.00,53.57,78.98
60.72,60.72,86.94,57.63,80.07
58.86,58.86,87.32,56.25,77.12
61.72,61.72,85.87,57.33,78.55
64.23,64.23,83.03,52.39,77.52
60.13,60.13,81.42,50.47,77.16
63.04,63.04,81.93,51.32,77.05
67.22,67.22,81.42,55.30,77.59
64.49,64.49,80.03,63.23,78.34
67.37,67.37,78.31,68.35,78.54
67.60,67.60,76.51,70.81,78.63
59.73,59.73,75.28,72.27,80.12
61.33,61.33,72.90,74.44,78.48
64.04,64.04,73.13,75.93,79.63
61.87,61.87,72.09,74.96,79.52
61.82,61.82,72.76,73.46,76.62
66.00,66.00,74.58,72.93,79.46
65.25,65.25,75.43,72.65,80.11
65.42,65.42,75.45,73.61,79.61
65.37,65.37,74.89,73.89,78.50
64.25,64.25,72.88,73.43,77.48
64.09,64.09,71.30,73.29,79.65
64.43,64.43,68.98,72.65,77.77
64.66,64.66,68.71,71.95,79.31
65.81,65.81,69.14,71.36,79.98
64.48,64.48,71.53,70.12,77.50
61.17,61.17,76.71,68.19,75.84
61.66,61.66,77.63,68.28,75.63
61.72,61.72,73.63,68.49,75.87
61.79,61.79,72.38,68.06,77.92
62.17,62.17,71.30,67.76,76.46
63.74,63.74,68.66,67.63,76.74
67.88,67.88,66.22,66.09,75.62
69.17,69.17,65.91,64.76,76.51
69.91,69.91,66.69,65.26,75.58
68.92,68.92,69.20,66.53,74.53
65.85,65.85,77.82,66.73,74.72
67.46,67.46,75.81,65.17,74.16
70.13,70.13,73.81,62.97,75.98
71.97,71.97,72.68,61.59,77.75
71.27,71.27,70.00,62.46,74.98
64.58,64.58,67.01,64.10,74.86
68.92,68.92,67.51,65.22,76.28
65.79,65.79,68.19,65.79,75.96
63.96,63.96,67.64,66.61,77.31
62.53,62.53,68.92,65.09,76.10
61.68,61.68,72.00,63.71,74.67
62.89,62.89,72.75,64.32,76.41
67.02,67.02,73.26,63.94,77.22
69.61,69.61,73.00,62.29,76.76
66.31,66.31,71.93,60.69,74.62
69.75,69.75,71.99,59.61,77.13
69.06,69.06,72.26,61.25,77.39
70.64,70.64,71.92,63.94,77.42
68.18,68.18,73.15,59.39,77.63
63.25,63.25,74.02,47.54,77.02
62.75,62.75,88.86,54.10,71.31
61.91,61.91,90.02,58.90,73.54
64.02,64.02,90.16,62.41,75.06
63.44,63.44,90.34,65.69,78.23
61.47,61.47,88.19,69.22,76.17
62.60,62.60,87.14,69.23,77.76
61.01,61.01,85.80,68.40,77.49
59.92,59.92,85.95,70.39,76.25
61.47,61.47,85.93,70.82,76.94
61.37,61.37,84.99,70.31,73.19
60.45,60.45,81.83,70.26,74.84
64.16,64.16,80.09,68.78,78.93
62.75,62.75,79.70,70.12,78.14
62.59,62.59,77.95,72.06,81.20
62.60,62.60,76.71,69.80,77.88
62.26,62.26,74.57,69.22,76.20
67.90,67.90,75.37,70.71,77.76
71.47,71.47,74.00,69.14,77.71
70.36,70.36,74.51,66.01,77.79
65.81,65.81,75.30,61.99,75.27
63.83,63.83,87.20,55.32,72.67
67.06,67.06,88.31,50.35,71.53
68.99,68.99,90.99,55.22,72.62
69.17,69.17,90.55,57.95,70.70
70.40,70.40,88.63,62.56,71.34
71.88,71.88,86.97,64.74,71.61
68.27,68.27,86.48,66.94,69.98
66.50,66.50,87.06,69.16,70.97
65.60,65.60,85.36,67.61,69.44
65.04,65.04,82.99,66.20,72.74
56.31,56.31,79.54,74.30,69.33
52.81,52.81,77.08,78.57,69.95
52.22,52.22,74.31,79.24,69.28
51.39,51.39,73.08,77.02,69.70
48.96,48.96,72.28,77.11,67.55
48.39,48.39,71.04,77.93,66.36
47.07,47.07,70.51,77.58,65.45
47.73,47.73,70.73,77.06,66.26
43.70,43.70,70.78,76.96,64.39
38.72,38.72,72.23,73.22,61.90
39.11,39.11,86.75,71.45,64.59
39.69,39.69,88.45,65.23,66.26
35.19,35.19,90.91,56.39,65.61
36.71,36.71,90.02,60.44,65.21
36.89,36.89,87.46,61.46,67.70
31.58,31.58,85.98,62.39,65.28
38.38,38.38,86.41,63.90,64.78
37.31,37.31,84.75,65.80,63.08
34.22,34.22,82.99,66.47,63.68
34.40,34.40,82.07,66.51,62.74
34.96,34.96,84.15,71.16,63.51
34.12,34.12,84.51,77.48,66.25
36.00,36.00,81.59,74.95,67.70
41.78,41.78,79.93,76.85,66.47
44.74,44.74,78.15,77.94,67.23
44.33,44.33,75.94,79.23,67.47
45.21,45.21,70.65,79.03,65.60
50.65,50.65,66.26,78.53,65.93
53.89,53.89,66.17,79.30,65.51
56.92,56.92,71.97,75.15,64.93
68.85,68.85,83.05,70.51,68.19
72.51,72.51,88.62,63.97,70.29
71.06,71.06,90.65,56.96,68.16
70.37,70.37,92.18,57.17,68.83
66.90,66.90,90.02,56.74,66.57
68.00,68.00,89.60,59.04,68.04
68.12,68.12,88.14,63.24,66.80
69.37,69.37,86.69,64.46,66.18
71.05,71.05,85.72,65.36,66.69
70.27,70.27,85.20,63.97,65.92
61.60,61.60,82.20,77.07,67.75
50.52,50.52,80.27,77.75,69.18
54.42,54.42,78.65,78.22,69.14
49.98,49.98,75.04,76.89,66.73
46.08,46.08,70.30,77.74,63.51
52.33,52.33,64.95,76.93,65.17
52.27,52.27,61.85,76.37,62.36
48.44,48.44,62.63,79.20,61.36
55.39,55.39,63.43,77.83,59.47
55.82,55.82,69.05,78.65,57.50
45.07,45.07,83.41,76.65,61.35
41.03,41.03,89.73,69.55,63.51
41.77,41.77,89.99,59.58,63.81
47.70,47.70,91.40,53.14,64.79
45.01,45.01,88.76,59.22,66.40
39.07,39.07,86.92,59.44,65.16
45.19,45.19,85.22,60.99,65.51
45.31,45.31,84.42,63.30,65.79
42.87,42.87,83.83,64.65,63.90
37.31,37.31,84.97,65.46,62.92
28.14,28.14,82.11,69.99,64.52
33.16,33.16,81.73,78.02,67.11
40.12,40.12,80.76,76.50,65.88
41.92,41.92,79.79,76.78,64.13
39.91,39.91,76.05,78.69,64.92
43.89,43.89,73.66,78.25,64.88
43.58,43.58,70.66,77.43,63.58
41.05,41.05,66.95,78.52,64.07
48.02,48.02,64.11,78.08,64.12
55.10,55.10,68.42,75.81,63.39
58.07,58.07,80.79,76.78,62.25
64.88,64.88,88.76,69.15,66.88
71.08,71.08,90.96,63.21,68.38
71.05,71.05,91.02,57.37,69.17
71.22,71.22,90.91,56.90,68.87
73.49,73.49,88.24,54.33,71.29
69.93,69.93,86.87,56.26,68.22
68.08,68.08,86.79,60.80,66.82
68.15,68.15,87.56,64.53,66.36
69.63,69.63,84.79,60.37,66.96
68.24,68.24,82.36,74.97,67.06
61.36,61.36,80.86,78.12,65.85
61.09,61.09,79.80,77.09,66.38
57.26,57.26,79.32,78.82,65.01
56.91,56.91,75.99,79.26,64.33
58.60,58.60,70.21,77.96,64.32
56.85,56.85,64.15,78.34,63.01
58.57,58.57,61.14,78.48,61.36
57.25,57.25,64.19,78.92,60.53
57.14,57.14,71.35,75.89,58.46
67.20,67.20,76.59,70.26,62.61
74.84,74.84,89.34,64.46,68.79
72.58,72.58,89.04,59.23,68.73
69.41,69.41,90.60,56.57,66.46
68.85,68.85,89.35,53.91,68.53
66.56,66.56,87.94,52.97,67.54
68.41,68.41,86.95,59.87,67.37
69.91,69.91,87.99,62.90,66.02
72.79,72.79,86.34,63.54,66.75
72.31,72.31,84.23,60.25,65.47
66.70,66.70,81.65,66.74,64.33
54.23,54.23,80.65,74.61,65.56
51.93,51.93,76.59,75.89,63.95
53.58,53.58,75.09,75.37,64.49
50.55,50.55,73.79,77.84,64.87
50.32,50.32,72.83,75.80,65.61
54.62,54.62,70.33,75.68,63.34
55.35,55.35,68.16,78.54,63.88
54.43,54.43,65.40,78.02,65.17
60.50,60.50,68.47,75.82,64.38
63.53,63.53,77.72,77.53,63.98
65.86,65.86,89.12,67.58,65.35
70.07,70.07,89.23,63.90,67.79
71.80,71.80,92.47,62.46,66.88
70.99,70.99,89.62,57.27,65.55
70.91,70.91,87.83,59.45,66.02
70.73,70.73,87.92,62.79,64.59
70.07,70.07,85.62,62.27,63.66
71.04,71.04,84.12,62.64,64.94
70.75,70.75,83.57,60.47,64.67
69.04,69.04,83.78,65.90,64.12
72.11,72.11,84.99,77.44,67.31
73.96,73.96,83.83,76.84,68.02
74.38,74.38,80.95,78.40,68.21
72.92,72.92,78.52,78.30,67.46
74.18,74.18,75.35,77.92,65.54
76.03,76.03,70.62,78.00,66.97
74.95,74.95,64.67,78.22,66.28
72.29,72.29,61.16,77.07,62.27
67.64,67.64,66.91,75.67,62.22
64.13,64.13,74.41,72.42,61.51
60.80,60.80,90.56,65.13,63.44
58.42,58.42,88.95,63.67,62.66
58.32,58.32,89.94,53.12,63.70
61.31,61.31,90.78,56.12,65.28
60.08,60.08,89.16,59.11,65.89
58.49,58.49,88.82,60.67,65.76
58.52,58.52,87.35,61.39,65.54
56.73,56.73,86.20,64.38,65.21
49.41,49.41,85.61,63.11,62.87
45.88,45.88,85.07,64.45,61.53
45.24,45.24,78.75,74.98,65.07
42.99,42.99,75.06,76.55,63.75
44.75,44.75,73.41,75.54,63.40
43.35,43.35,70.25,76.95,61.53
43.68,43.68,69.37,78.30,62.93
46.04,46.04,68.29,77.78,63.06
42.47,42.47,67.22,77.11,62.55
40.92,40.92,65.27,78.99,63.57
43.11,43.11,67.42,77.79,62.06
44.21,44.21,72.53,76.09,61.30
43.14,43.14,88.36,73.68,61.42
42.22,42.22,88.41,66.10,61.87
46.68,46.68,91.14,60.65,62.42
50.66,50.66,91.55,55.56,61.60
51.01,51.01,87.34,58.14,61.87
53.74,53.74,85.93,59.88,62.18
55.33,55.33,84.49,62.72,61.94
54.49,54.49,84.54,64.24,61.09
46.67,46.67,84.92,63.95,58.67
38.44,38.44,82.49,62.48,56.22
38.31,38.31,82.99,76.77,62.51
41.08,41.08,82.28,76.79,63.17
39.46,39.46,81.86,77.36,64.44
40.30,40.30,79.87,77.97,61.65
39.99,39.99,76.69,76.95,60.96
38.99,38.99,73.53,76.99,60.21
37.36,37.36,70.42,78.99,58.93
35.35,35.35,65.38,77.16,58.01
30.12,30.12,66.11,78.47,55.34
24.37,24.37,73.72,73.99,54.21
28.84,28.84,86.68,71.05,61.36
29.14,29.14,88.59,62.38,62.01
30.65,30.65,89.80,55.87,61.30
31.02,31.02,91.27,57.70,62.22
33.56,33.56,89.54,58.03,65.09
28.86,28.86,88.61,60.34,61.12
33.60,33.60,87.71,63.20,61.45
31.90,31.90,88.63,65.35,60.33
27.17,27.17,86.20,66.58,61.36
30.33,30.33,84.24,63.40,58.77
29.43,29.43,80.23,78.67,61.22
23.74,23.74,77.79,78.52,61.96
20.07,20.07,75.25,78.09,62.76
21.37,21.37,72.80,77.54,60.39
22.49,22.49,69.72,77.74,62.32
26.66,26.66,66.40,77.35,62.22
29.64,29.64,65.05,77.33,62.56
26.96,26.96,64.97,77.45,63.03
19.99,19.99,66.76,76.22,62.50
19.59,19.59,72.30,76.70,59.32
24.33,24.33,87.47,77.48,60.19
22.51,22.51,88.69,70.39,58.58
21.40,21.40,91.68,57.80,57.78
24.08,24.08,89.42,58.40,57.49
27.43,27.43,87.35,59.43,57.77
32.27,32.27,86.33,59.12,57.55
31.62,31.62,86.54,61.21,57.88
32.27,32.27,85.15,65.13,56.85
29.17,29.17,83.10,64.83,55.38
20.88,20.88,82.09,63.09,54.00
18.88,18.88,83.46,72.64,61.54
18.10,18.10,82.08,77.62,65.33
15.55,15.55,80.19,77.49,66.93
17.75,17.75,78.89,76.93,64.60
20.84,20.84,78.17,79.23,62.18
22.66,22.66,76.11,78.78,62.40
22.80,22.80,71.75,78.65,60.31
21.89,21.89,65.14,78.66,59.19
17.36,17.36,64.42,77.03,56.94
16.08,16.08,71.00,76.10,54.60
21.46,21.46,84.03,73.83,60.02
19.63,19.63,88.88,65.57,61.38
17.19,17.19,90.99,60.49,60.86
11.15,11.15,92.65,53.80,62.39
6.68,6.68,89.78,55.69,63.97
14.85,14.85,88.92,57.92,62.84
21.29,21.29,87.71,61.93,64.68
25.16,25.16,86.48,63.22,65.49
19.78,19.78,85.65,61.57,62.40
6.35,6.35,85.43,62.82,60.59
7.24,7.24,83.64,77.18,61.93
15.82,15.82,82.77,78.58,64.62
12.93,12.93,80.14,77.80,64.63
10.60,10.60,77.49,78.37,63.70
10.16,10.16,74.02,77.06,63.52
9.69,9.69,69.93,76.02,63.42
7.33,7.33,65.34,78.38,62.01
7.43,7.43,64.64,77.89,64.71
11.27,11.27,64.56,79.13,63.10
19.74,19.74,71.86,76.48,60.49
19.44,19.44,81.07,74.29,60.04
14.07,14.07,89.44,66.09,59.74
9.11,9.11,90.44,60.58,58.71
15.61,15.61,91.35,54.78,58.71
21.51,21.51,89.35,58.78,58.98
25.49,25.49,87.44,58.27,59.89
27.88,27.88,86.99,58.25,59.52
29.54,29.54,85.28,63.34,58.42
27.08,27.08,84.79,64.83,58.25
19.38,19.38,85.57,65.78,56.32
11.30,11.30,81.84,69.68,59.32
19.93,19.93,80.31,76.11,63.60
15.81,15.81,78.04,75.85,63.57
14.89,14.89,76.82,74.97,63.28
13.06,13.06,74.87,77.23,60.07
15.56,15.56,72.72,76.68,60.24
15.91,15.91,71.06,77.50,58.43
17.58,17.58,70.13,77.47,56.23
11.53,11.53,66.90,76.38,55.54
10.58,10.58,69.58,73.35,53.26
9.40,9.40,82.64,74.82,56.65
12.93,12.93,89.61,67.37,61.28
15.60,15.60,90.78,60.29,62.93
12.38,12.38,91.54,58.47,61.85
11.58,11.58,90.44,55.52,63.32
13.23,13.23,87.53,55.61,62.03
19.40,19.40,86.49,56.89,59.92
23.61,23.61,86.02,63.85,59.84
21.35,21.35,86.71,65.43,61.22
9.82,9.82,83.94,64.13,59.48
4.80,4.80,83.20,70.02,60.15
18.67,18.67,83.30,76.76,63.39
13.50,13.50,83.75,77.11,62.39
15.88,15.88,83.11,76.64,63.31
6.72,6.72,80.87,78.36,61.90
10.18,10.18,74.79,76.69,62.63
11.44,11.44,68.79,78.35,63.63
9.15,9.15,64.80,79.13,64.17
7.48,7.48,66.42,75.98,63.33
2.77,2.77,71.51,75.89,61.35
5.61,5.61,78.24,70.95,59.27
7.87,7.87,89.83,64.33,59.40
9.23,9.23,89.14,61.69,59.22
13.27,13.27,90.57,56.11,58.21
19.14,19.14,90.09,58.45,57.12
24.17,24.17,88.29,60.56,58.49
25.89,25.89,87.86,63.34,57.55
27.97,27.97,88.61,62.45,57.03
24.42,24.42,86.82,64.49,56.42
15.88,15.88,84.80,62.37,54.72
9.80,9.80,82.44,68.12,56.60
16.74,16.74,80.47,76.45,64.94
14.41,14.41,75.22,77.24,65.56
11.90,11.90,72.18,76.14,66.67
9.47,9.47,70.80,75.77,62.55
7.62,7.62,71.12,76.04,62.89
7.87,7.87,68.73,78.34,60.79
6.76,6.76,67.75,76.81,59.82
8.48,8.48,64.90,79.04,58.82
8.89,8.89,68.32,78.13,54.38
7.87,7.87,77.72,77.84,55.08
13.51,13.51,89.14,69.69,60.55
16.38,16.38,89.14,63.00,59.72
14.71,14.71,92.60,60.48,60.30
10.62,10.62,89.13,57.80,63.89
13.85,13.85,87.02,54.98,63.88
20.82,20.82,87.57,57.73,62.89
24.89,24.89,84.79,61.31,66.00
24.35,24.35,84.21,63.30,64.82
15.71,15.71,83.08,64.60,61.71
6.69,6.69,84.20,63.36,61.96
17.96,17.96,85.57,78.84,64.99
13.09,13.09,84.01,76.37,62.59
17.83,17.83,81.85,77.69,64.52
16.91,16.91,79.03,76.99,62.32
21.13,21.13,77.76,77.06,63.91
24.43,24.43,75.52,77.06,63.35
27.42,27.42,70.89,77.29,64.35
28.73,28.73,65.86,76.99,63.94
41.08,41.08,67.72,74.70,62.38
52.93,52.93,73.19,71.28,62.57
61.67,61.67,90.18,67.65,65.69
70.53,70.53,89.69,62.05,67.80
71.28,71.28,90.04,55.13,68.94
69.93,69.93,91.39,58.76,69.33
72.21,72.21,89.28,61.24,70.86
71.08,71.08,88.74,63.55,70.03
68.89,68.89,87.15,65.50,66.36
67.68,67.68,86.39,66.86,66.38
69.34,69.34,85.70,64.23,65.91
71.36,71.36,85.25,64.27,66.44
61.99,61.99,78.51,78.67,64.88
59.28,59.28,75.80,76.84,64.03
58.44,58.44,73.20,77.59,63.79
55.51,55.51,68.23,77.74,62.83
56.95,56.95,64.62,77.87,63.30
56.48,56.48,62.89,77.08,61.51
56.76,56.76,63.07,78.74,61.92
56.03,56.03,64.40,77.36,60.65
50.98,50.98,67.36,76.20,58.48
50.32,50.32,73.31,71.90,57.82
49.31,49.31,88.52,72.99,62.77
47.23,47.23,88.71,62.59,64.07
47.02,47.02,91.44,56.55,63.24
48.32,48.32,90.96,56.47,63.58
47.49,47.49,87.14,57.10,64.74
42.35,42.35,86.11,57.48,61.84
39.37,39.37,84.43,61.01,62.00
41.35,41.35,84.34,64.22,61.21
35.92,35.92,85.15,64.11,62.00
33.16,33.16,83.31,63.87,58.91
39.25,39.25,82.76,75.18,63.67
42.49,42.49,82.85,77.02,62.15
44.24,44.24,81.97,77.93,64.52
45.98,45.98,80.18,77.31,62.25
50.10,50.10,77.88,76.70,65.38
52.23,52.23,75.62,78.49,63.68
50.11,50.11,73.37,78.25,64.90
52.88,52.88,66.97,78.61,65.18
55.85,55.85,67.43,77.68,63.28
60.92,60.92,73.72,75.26,61.74
73.76,73.76,87.86,67.11,66.53
74.24,74.24,89.41,60.84,66.88
72.09,72.09,90.26,55.71,64.90
71.45,71.45,91.62,55.78,64.40
69.01,69.01,89.79,55.97,63.31
70.46,70.46,88.53,58.86,64.58
71.07,71.07,87.88,61.16,63.29
72.80,72.80,88.45,65.72,61.96
73.45,73.45,85.94,65.91,63.45
72.15,72.15,84.34,64.05,62.96
63.48,63.48,81.17,78.87,64.20
58.86,58.86,78.90,77.18,64.83
56.07,56.07,76.86,79.40,66.23
45.76,45.76,76.15,78.56,63.01
49.96,49.96,72.75,77.00,63.16
53.37,53.37,67.21,77.10,61.12
48.60,48.60,63.79,76.97,60.67
56.31,56.31,65.00,76.44,60.39
61.36,61.36,66.40,75.90,56.89
58.31,58.31,71.60,77.27,55.73
49.26,49.26,87.39,74.79,60.85
46.29,46.29,88.94,64.51,60.63
48.68,48.68,91.67,53.44,60.26
55.85,55.85,89.30,56.24,61.89
52.84,52.84,87.79,57.53,64.74
49.22,49.22,86.62,59.30,62.35
59.03,59.03,87.07,61.74,64.13
56.95,56.95,86.00,63.72,65.91
49.75,49.75,83.41,63.83,62.24
41.45,41.45,82.99,63.15,61.17
39.41,39.41,83.56,72.40,62.81
43.16,43.16,81.90,76.68,63.06
45.65,45.65,78.88,76.14,63.21
46.82,46.82,78.50,76.98,60.70
45.27,45.27,77.64,77.82,62.65
44.10,44.10,76.21,77.09,62.52
42.45,42.45,72.43,79.90,61.41
47.12,47.12,69.06,78.76,63.70
55.34,55.34,68.59,77.69,61.34
58.94,58.94,71.71,74.48,60.66
61.84,61.84,82.95,73.30,61.00
69.64,69.64,89.20,62.17,65.72
72.06,72.06,90.49,60.43,66.43
71.15,71.15,92.37,57.39,67.21
72.46,72.46,89.97,54.98,68.50
73.49,73.49,88.32,57.83,71.07
69.89,69.89,87.16,61.87,67.02
69.14,69.14,85.70,61.69,65.88
69.42,69.42,85.15,64.21,64.41
72.26,72.26,84.99,65.79,63.71
68.57,68.57,84.13,74.72,61.93
62.95,62.95,83.60,77.27,61.95
62.07,62.07,82.19,77.02,62.83
58.78,58.78,79.20,76.86,62.66
57.85,57.85,76.79,77.12,61.36
60.39,60.39,73.97,78.23,62.48
58.64,58.64,69.65,78.44,59.69
58.96,58.96,63.79,78.23,59.05
58.25,58.25,66.85,77.34,56.11
58.68,58.68,73.17,75.19,55.03
71.52,71.52,81.02,68.53,61.95
75.52,75.52,89.45,59.21,65.94
73.50,73.50,89.59,54.12,65.52
70.19,70.19,90.91,54.45,63.46
69.44,69.44,89.41,52.83,64.70
68.84,68.84,87.96,53.69,65.16
69.47,69.47,87.00,57.24,64.83
71.60,71.60,86.23,61.32,63.68
73.46,73.46,85.43,64.70,64.34
73.25,73.25,86.16,64.57,62.04
66.61,66.61,82.06,67.09,60.33
54.76,54.76,78.88,76.08,61.70
52.42,52.42,77.08,74.86,60.28
51.33,51.33,74.95,76.96,61.81
50.87,50.87,72.83,76.74,63.64
56.21,56.21,72.59,76.15,64.01
58.09,58.09,72.20,76.75,61.19
56.69,56.69,70.65,77.12,63.88
60.15,60.15,67.45,76.75,62.32
66.50,66.50,72.20,73.56,61.48
67.39,67.39,83.34,75.53,60.01
69.38,69.38,88.76,66.75,63.49
71.40,71.40,90.38,60.00,64.55
73.12,73.12,91.33,60.33,62.96
72.22,72.22,89.99,57.38,62.88
72.30,72.30,87.04,55.31,62.52
72.00,72.00,85.93,60.50,61.60
71.05,71.05,85.36,64.11,61.62
71.22,71.22,85.84,64.47,62.35
72.39,72.39,83.45,63.00,62.76
69.74,69.74,83.07,68.97,62.09
74.04,74.04,84.03,76.87,65.26
75.93,75.93,83.95,77.76,65.54
75.10,75.10,83.76,77.03,64.53
75.10,75.10,79.42,77.28,64.11
76.18,76.18,75.60,77.83,62.06
77.11,77.11,71.57,78.77,62.12
75.95,75.95,67.36,76.59,62.21
73.16,73.16,64.75,77.55,59.36
68.29,68.29,71.25,74.72,58.87
64.76,64.76,77.20,70.39,58.33
62.58,62.58,89.76,65.39,60.17
61.08,61.08,88.64,57.28,60.12
61.97,61.97,90.07,52.48,60.68
62.81,62.81,90.30,56.22,62.07
63.34,63.34,88.92,58.74,63.49
63.59,63.59,88.18,61.05,63.41
61.74,61.74,88.96,62.25,63.65
58.26,58.26,86.91,63.96,63.19
51.25,51.25,85.05,61.53,60.47
52.38,52.38,82.58,70.54,59.69
50.18,50.18,79.51,76.06,61.07
46.37,46.37,76.13,77.82,60.13
48.52,48.52,74.03,75.93,60.68
48.95,48.95,70.49,75.88,59.87
49.95,49.95,69.54,77.43,60.43
47.83,47.83,68.24,78.88,59.83
46.92,46.92,67.18,78.82,61.20
48.45,48.45,70.00,79.13,60.34
49.43,49.43,70.04,75.93,59.62
45.37,45.37,78.26,74.66,56.90
48.54,48.54,88.51,68.79,59.61
47.35,47.35,89.01,63.55,59.63
51.78,51.78,92.62,60.42,59.94
56.28,56.28,88.58,56.87,58.64
57.24,57.24,86.71,56.68,58.95
59.53,59.53,87.20,58.19,59.07
60.91,60.91,84.96,61.80,58.57
59.14,59.14,83.90,64.95,56.97
48.02,48.02,82.69,65.01,55.27
43.66,43.66,83.30,62.74,55.18
44.30,44.30,84.51,79.28,58.68
42.41,42.41,83.12,77.03,59.84
42.24,42.24,81.78,77.79,61.29
43.36,43.36,80.32,77.18,57.30
44.26,44.26,78.77,77.17,57.86
40.35,40.35,76.34,77.69,56.69
40.49,40.49,72.82,76.89,56.28
39.12,39.12,66.95,75.81,54.15
33.90,33.90,68.80,76.99,51.86
30.59,30.59,74.52,74.88,51.87
35.01,35.01,90.41,68.33,59.88
35.34,35.34,89.26,58.91,59.37
34.39,34.39,90.36,54.54,58.40
35.06,35.06,91.63,55.16,61.16
37.85,37.85,89.34,55.93,63.05
36.29,36.29,88.67,58.44,59.58
37.99,37.99,87.19,61.13,59.85
37.31,37.31,86.61,63.09,59.87
32.15,32.15,86.00,62.68,59.58
31.93,31.93,85.46,67.45,57.45
29.80,29.80,79.63,78.47,58.62
22.48,22.48,78.66,79.50,57.49
21.29,21.29,76.93,78.65,59.00
22.45,22.45,74.23,77.27,58.19
27.09,27.09,70.21,76.53,60.04
30.38,30.38,67.65,77.82,60.40
29.93,29.93,66.41,78.64,60.02
28.85,28.85,66.40,77.38,60.62
22.52,22.52,70.39,75.75,58.35
21.59,21.59,74.08,76.76,56.47
27.09,27.09,88.82,74.32,57.98
22.68,22.68,89.60,60.32,56.41
21.89,21.89,91.23,58.94,56.03
25.35,25.35,90.41,54.90,55.80
29.80,29.80,87.06,56.64,54.66
32.90,32.90,85.78,58.98,54.36
28.75,28.75,85.31,61.90,53.78
28.73,28.73,84.54,64.08,53.16
26.15,26.15,85.14,64.21,52.17
20.20,20.20,82.59,65.80,52.54
20.97,20.97,82.89,75.71,61.39
17.78,17.78,83.73,79.28,61.79
16.80,16.80,82.27,76.96,63.90
16.22,16.22,78.84,76.62,60.71
20.39,20.39,77.31,78.59,59.64
23.49,23.49,75.54,78.28,58.49
20.29,20.29,73.48,79.16,57.67
20.91,20.91,67.37,77.98,55.68
14.42,14.42,67.73,76.71,52.69
16.10,16.10,73.75,75.92,51.06
19.33,19.33,86.97,69.02,58.72
16.94,16.94,89.71,62.52,58.33
16.80,16.80,90.52,57.88,59.66
12.71,12.71,91.60,55.81,60.32
7.65,7.65,89.52,55.12,62.82
13.72,13.72,88.09,56.79,60.77
19.72,19.72,87.67,58.35,62.09
21.21,21.21,88.11,64.59,62.52
16.14,16.14,85.60,64.40,59.56
8.81,8.81,84.81,64.15,59.62
10.68,10.68,83.93,77.71,60.01
14.95,14.95,81.53,77.96,60.02
16.12,16.12,81.01,79.20,61.02
13.26,13.26,79.72,77.75,59.68
10.03,10.03,76.47,77.35,61.08
7.93,7.93,71.83,77.20,60.93
6.21,6.21,68.31,76.82,59.98
6.82,6.82,66.14,76.89,61.50
6.64,6.64,67.98,76.49,59.57
5.95,5.95,73.21,76.20,57.54
7.26,7.26,85.16,73.79,58.73
6.67,6.67,88.18,62.47,57.80
8.21,8.21,91.89,57.88,57.93
13.51,13.51,89.59,53.44,57.16
19.22,19.22,88.30,54.75,56.26
21.61,21.61,87.77,57.18,56.62
24.38,24.38,88.24,60.97,56.14
24.09,24.09,86.71,63.65,54.74
22.31,22.31,84.60,63.55,54.67
15.59,15.59,83.27,63.61,52.69
10.90,10.90,82.86,71.61,59.32
17.77,17.77,79.21,77.04,61.45
14.64,14.64,76.46,76.33,61.83
16.51,16.51,76.12,76.56,59.24
13.24,13.24,76.30,75.78,57.95
11.13,11.13,74.12,76.95,57.46
16.93,16.93,71.41,77.73,55.59
24.37,24.37,69.31,77.35,54.57
36.04,36.04,68.88,76.80,51.47
45.04,45.04,72.88,73.05,49.50
57.82,57.82,84.74,72.72,55.15
68.04,68.04,89.55,64.49,61.90
71.07,71.07,89.92,58.51,63.05
71.79,71.79,92.22,52.75,65.22
74.46,74.46,89.68,52.18,68.02
73.60,73.60,87.59,55.33,67.86
69.84,69.84,86.34,58.31,64.99
67.84,67.84,84.78,62.48,66.09
68.64,68.64,84.22,64.89,65.20
71.46,71.46,84.42,65.21,63.81
73.30,73.30,84.29,71.77,64.45
73.83,73.83,84.63,76.96,64.39
72.61,72.61,82.46,75.32,64.72
71.21,71.21,80.73,76.07,62.19
70.80,70.80,78.01,77.77,64.47
70.22,70.22,75.09,78.73,64.35
69.89,69.89,70.37,79.50,62.20
72.77,72.77,64.82,79.03,63.64
74.19,74.19,67.36,75.75,63.70
74.53,74.53,72.72,75.52,62.54
71.48,71.48,80.78,66.62,61.26
69.26,69.26,89.39,60.73,65.43
71.21,71.21,90.49,55.50,65.86
71.60,71.60,91.08,55.73,66.31
71.53,71.53,90.22,56.52,66.34
70.59,70.59,88.59,58.81,65.24
69.12,69.12,87.10,59.80,64.83
70.10,70.10,86.64,63.02,64.06
71.53,71.53,85.91,63.86,65.19
72.58,72.58,86.58,63.32,64.47
69.95,69.95,81.61,70.39,62.27
73.94,73.94,77.02,75.25,64.52
75.92,75.92,73.91,77.12,65.44
74.61,74.61,70.77,76.27,65.80
74.54,74.54,67.12,75.66,66.37
74.73,74.73,66.88,77.76,64.92
76.32,76.32,69.62,76.83,63.02
75.65,75.65,67.19,75.66,62.54
71.16,71.16,65.93,77.65,59.59
66.42,66.42,67.92,77.71,59.92
66.39,66.39,82.04,76.44,60.17
66.31,66.31,88.77,69.46,60.99
61.76,61.76,90.09,60.28,60.60
60.58,60.58,90.88,54.90,61.46
64.16,64.16,89.19,56.23,64.13
64.27,64.27,86.66,56.43,63.42
66.11,66.11,85.62,58.16,63.72
66.60,66.60,85.06,61.01,62.93
65.25,65.25,85.86,62.70,61.46
61.90,61.90,82.90,61.67,60.42
59.53,59.53,83.00,66.68,61.37
50.05,50.05,84.00,78.80,63.28
48.46,48.46,84.34,77.89,62.28
51.99,51.99,82.32,77.87,62.15
49.36,49.36,79.37,77.11,62.03
49.31,49.31,76.36,78.84,61.92
50.34,50.34,74.53,77.29,62.00
51.44,51.44,71.89,77.02,61.93
50.83,50.83,67.53,76.17,60.71
52.14,52.14,71.71,74.87,59.07
56.14,56.14,77.04,69.15,58.63
65.54,65.54,89.36,66.50,64.35
73.20,73.20,89.35,59.76,65.40
72.20,72.20,90.15,54.75,66.98
72.22,72.22,90.24,54.89,69.25
73.90,73.90,88.88,59.30,71.54
71.89,71.89,88.29,62.67,69.06
68.97,68.97,89.23,64.09,65.66
69.68,69.68,86.87,64.80,65.91
70.35,70.35,85.25,62.93,65.75
71.82,71.82,83.17,70.33,64.00
61.40,61.40,78.52,79.57,59.59
61.66,61.66,76.98,77.06,59.70
59.10,59.10,74.94,75.44,60.44
55.34,55.34,72.79,76.55,58.80
56.46,56.46,70.70,77.43,60.12
55.72,55.72,69.86,78.48,58.64
57.06,57.06,69.37,78.26,57.13
56.04,56.04,70.70,77.11,56.30
51.83,51.83,72.00,77.01,54.52
52.56,52.56,79.06,72.30,55.11
48.00,48.00,88.63,66.71,59.88
44.88,44.88,89.43,59.28,58.90
48.28,48.28,92.41,57.97,58.80
49.01,49.01,88.20,57.06,59.54
47.92,47.92,86.26,58.08,61.57
46.14,46.14,87.24,59.88,57.58
46.94,46.94,85.40,63.26,59.29
44.89,44.89,83.78,65.64,59.08
39.89,39.89,82.81,64.33,58.91
42.85,42.85,83.36,64.36,57.39
45.89,45.89,83.95,77.54,58.11
47.39,47.39,82.48,76.98,59.58
49.35,49.35,81.28,76.96,60.81
50.96,50.96,80.33,77.93,62.88
52.83,52.83,78.18,78.23,63.79
52.71,52.71,74.85,77.05,61.67
53.18,53.18,71.73,76.57,63.07
57.15,57.15,67.68,78.00,62.16
60.18,60.18,68.22,77.99,62.03
66.37,66.37,74.95,75.62,61.81
74.61,74.61,90.10,71.97,65.44
74.86,74.86,89.46,60.51,65.86
72.58,72.58,90.89,58.99,63.41
71.70,71.70,91.95,58.98,63.45
70.09,70.09,89.42,58.76,63.16
71.11,71.11,88.30,61.13,63.64
70.84,70.84,87.33,61.69,63.33
72.57,72.57,86.16,64.11,62.48
73.49,73.49,86.01,65.79,62.72
71.06,71.06,85.61,66.50,61.33
62.80,62.80,82.37,79.64,64.37
57.57,57.57,81.27,77.18,62.74
54.10,54.10,78.18,78.10,63.93
51.36,51.36,76.61,77.17,61.28
52.98,52.98,73.42,77.47,60.09
52.36,52.36,68.63,77.40,59.57
52.59,52.59,64.43,77.28,59.19
59.75,59.75,65.92,76.89,55.79
60.27,60.27,68.80,76.63,52.76
53.55,53.55,73.36,75.23,51.50
48.36,48.36,88.40,72.09,59.95
46.13,46.13,89.23,62.23,59.52
52.11,52.11,91.19,56.29,60.18
55.06,55.06,90.46,54.54,60.20
50.59,50.59,87.70,56.06,63.28
48.90,48.90,86.51,57.92,60.51
54.45,54.45,85.94,58.00,62.09
49.76,49.76,85.01,63.56,62.37
47.11,47.11,85.65,66.82,60.72
44.58,44.58,83.54,65.15,60.11
44.07,44.07,82.71,77.64,61.91
41.89,41.89,82.61,76.77,60.18
46.05,46.05,79.87,75.35,60.26
51.83,51.83,77.89,75.87,58.75
50.43,50.43,76.60,76.95,60.97
44.79,44.79,74.72,79.09,60.18
48.53,48.53,72.84,79.58,60.74
55.53,55.53,67.96,77.66,61.39
58.92,58.92,68.52,77.99,59.99
58.44,58.44,73.39,72.74,58.58
63.01,63.01,86.16,68.46,60.36
71.68,71.68,89.88,62.27,65.12
72.42,72.42,90.32,58.79,65.96
71.95,71.95,91.03,51.61,68.07
73.23,73.23,89.33,53.44,69.02
73.00,73.00,87.35,57.18,69.67
69.65,69.65,86.92,62.82,65.79
69.84,69.84,87.46,63.97,66.15
69.56,69.56,84.81,66.43,63.40
74.37,74.37,83.52,62.03,62.25
66.39,66.39,83.93,75.92,59.42
65.50,65.50,83.58,76.57,60.42
63.91,63.91,83.15,77.63,60.45
59.05,59.05,80.51,77.24,59.04
60.97,60.97,77.64,77.99,59.63
60.84,60.84,74.35,76.91,59.22
60.49,60.49,69.81,77.18,57.80
60.77,60.77,65.29,77.13,57.57
58.48,58.48,66.69,75.54,54.15
60.74,60.74,74.14,75.99,54.56
74.16,74.16,84.46,68.60,63.13
75.46,75.46,88.45,58.76,65.19
72.83,72.83,90.41,51.40,62.86
71.65,71.65,89.08,51.28,62.67
69.35,69.35,89.39,51.83,63.96
70.39,70.39,87.84,55.70,64.09
70.13,70.13,88.57,59.76,63.59
72.85,72.85,87.17,60.44,62.99
73.33,73.33,85.22,63.52,63.88
73.68,73.68,83.76,63.23,61.27
65.38,65.38,82.41,68.50,58.98
56.84,56.84,78.40,78.18,59.59
53.94,53.94,75.37,75.50,59.38
51.43,51.43,73.70,75.44,59.73
55.15,55.15,74.31,76.66,62.38
56.77,56.77,73.78,77.98,61.24
54.57,54.57,70.92,76.53,60.67
58.85,58.85,69.69,77.36,62.04
62.87,62.87,69.55,76.98,61.30
66.13,66.13,71.00,72.67,60.37
68.62,68.62,84.82,73.41,59.21
69.88,69.88,89.43,65.73,63.28
72.16,72.16,89.75,61.98,63.39
73.63,73.63,92.83,58.59,61.56
73.24,73.24,88.70,57.54,62.51
72.35,72.35,87.05,54.82,61.57
72.18,72.18,85.87,59.68,60.82
71.85,71.85,84.22,63.83,61.11
71.86,71.86,83.66,62.87,61.32
72.49,72.49,83.88,64.48,61.33
70.98,70.98,85.08,69.34,61.06
74.24,74.24,84.98,76.37,63.80
77.35,77.35,82.64,74.72,64.29
75.09,75.09,81.41,77.26,62.93
76.03,76.03,79.71,77.11,63.32
75.68,75.68,77.91,78.37,61.57
76.63,76.63,73.74,77.74,61.17
76.50,76.50,66.58,77.38,59.68
72.45,72.45,66.53,78.28,56.59
68.38,68.38,71.96,74.32,56.98
64.83,64.83,79.85,65.88,57.00
63.06,63.06,89.18,64.96,59.15
61.42,61.42,89.55,54.74,59.36
62.57,62.57,91.13,53.89,59.54
62.64,62.64,90.42,55.09,61.53
61.90,61.90,88.84,57.32,61.86
63.07,63.07,87.81,59.82,62.93
61.48,61.48,86.73,64.28,62.87
56.55,56.55,86.45,63.70,61.76
51.39,51.39,86.89,59.48,58.83
53.62,53.62,80.82,73.67,58.79
49.91,49.91,78.25,77.97,60.21
48.58,48.58,75.47,78.20,58.81
50.71,50.71,73.80,75.27,58.98
51.14,51.14,71.25,76.96,59.48
51.04,51.04,68.99,76.17,59.42
50.16,50.16,67.65,76.53,59.72
51.19,51.19,66.87,79.21,60.62
53.09,53.09,68.04,76.96,59.26
51.05,51.05,70.60,77.16,58.58
47.99,47.99,81.89,75.14,58.08
50.46,50.46,88.99,68.88,60.26
52.00,52.00,90.56,59.05,59.78
55.59,55.59,91.03,52.95,58.71
56.37,56.37,89.01,53.84,58.96
56.58,56.58,86.38,55.47,58.68
60.57,60.57,84.87,57.72,60.30
59.53,59.53,84.85,61.67,57.95
56.76,56.76,85.71,64.15,57.46
47.37,47.37,82.93,64.29,54.43
46.33,46.33,81.88,65.02,55.41
45.12,45.12,83.04,80.17,58.31
45.46,45.46,83.40,78.04,58.46
46.10,46.10,82.41,77.03,59.00
46.59,46.59,79.71,77.94,56.42
44.63,44.63,76.93,77.53,57.64
41.46,41.46,74.00,77.10,55.14
44.12,44.12,69.77,78.26,55.50
38.69,38.69,65.92,76.93,52.27
34.94,34.94,69.96,76.08,49.12
35.83,35.83,78.45,74.32,51.38
36.97,36.97,89.10,66.56,58.20
38.23,38.23,89.47,58.85,59.48
38.56,38.56,90.55,50.82,58.63
40.12,40.12,90.90,52.13,60.68
40.16,40.16,88.80,52.97,62.26
40.20,40.20,88.64,55.59,59.16
42.81,42.81,89.07,59.77,58.24
39.46,39.46,86.82,63.76,60.62
34.21,34.21,85.05,63.28,57.43
29.50,29.50,83.90,69.89,56.99
31.56,31.56,80.10,78.43,58.73
30.95,30.95,78.80,77.41,58.55
27.96,27.96,75.92,78.30,59.02
28.59,28.59,72.56,78.29,56.94
32.41,32.41,69.74,78.01,58.73
36.32,36.32,67.27,78.04,58.73
37.55,37.55,66.13,79.16,61.60
36.29,36.29,66.18,77.86,59.46
32.62,32.62,70.45,76.46,57.98
31.00,31.00,77.10,74.65,54.24
37.09,37.09,89.03,72.14,56.64
33.87,33.87,90.30,60.94,56.79
33.28,33.28,92.20,57.62,55.69
34.17,34.17,87.83,55.44,55.45
38.32,38.32,86.65,55.01,55.69
38.14,38.14,87.58,57.90,55.18
35.45,35.45,86.27,62.51,54.74
33.32,33.32,84.34,63.62,54.64
31.97,31.97,83.05,63.07,52.98
30.37,30.37,83.34,68.37,54.19
26.61,26.61,84.03,75.38,62.57
21.07,21.07,81.30,77.55,62.52
23.33,23.33,78.96,75.21,64.33
25.13,25.13,78.39,78.33,60.13
28.98,28.98,77.36,77.10,59.62
32.06,32.06,74.90,77.19,58.38
28.91,28.91,70.35,79.03,56.91
28.02,28.02,66.28,77.43,54.03
22.97,22.97,66.94,78.18,51.07
18.93,18.93,75.15,75.87,52.08
24.12,24.12,90.00,69.11,58.71
17.90,17.90,90.13,59.91,57.59
13.88,13.88,91.18,53.33,58.28
12.75,12.75,91.83,53.21,59.86
13.98,13.98,88.83,51.56,61.66
22.35,22.35,87.84,53.42,60.18
26.74,26.74,86.44,56.59,63.12
25.91,25.91,85.67,62.41,62.37
17.95,17.95,85.80,65.71,59.06
12.18,12.18,85.58,67.22,58.67
13.55,13.55,82.89,79.31,59.41
16.76,16.76,82.44,77.33,58.95
17.45,17.45,80.55,77.49,59.56
14.76,14.76,78.51,77.27,58.75
16.47,16.47,74.21,78.63,60.72
16.94,16.94,70.95,77.68,59.89
13.48,13.48,67.18,76.62,61.59
12.63,12.63,65.78,75.87,61.56
21.79,21.79,69.08,76.36,58.71
26.35,26.35,73.52,74.52,57.02
25.51,25.51,87.08,68.48,58.65
19.82,19.82,89.39,62.51,58.79
17.44,17.44,91.76,56.15,58.94
21.43,21.43,90.68,54.19,57.93
25.56,25.56,88.50,53.61,58.64
27.30,27.30,87.61,57.31,60.03
29.98,29.98,86.80,62.23,57.58
28.63,28.63,86.17,63.86,57.81
25.12,25.12,86.43,64.29,56.05
16.21,16.21,83.79,65.38,54.69
13.60,13.60,80.69,72.98,60.39
18.78,18.78,78.69,76.30,59.72
17.12,17.12,76.01,75.46,61.85
18.52,18.52,73.74,75.73,58.55
19.86,19.86,73.30,77.37,58.47
20.18,20.18,72.72,77.46,57.35
22.49,22.49,72.16,76.88,55.85
18.74,18.74,67.25,77.94,53.67
15.06,15.06,67.58,77.21,50.75
13.45,13.45,74.58,71.79,48.08
13.96,13.96,87.14,70.27,55.38
13.74,13.74,89.88,63.71,58.24
18.58,18.58,90.54,59.09,57.87
12.05,12.05,91.03,54.13,58.81
8.30,8.30,88.53,52.07,61.02
15.10,15.10,86.96,56.60,58.13
22.91,22.91,86.15,62.10,57.71
23.69,23.69,86.57,65.13,59.03
18.15,18.15,83.87,63.73,58.53
6.70,6.70,83.02,62.39,56.85
10.46,10.46,84.23,75.46,58.78
16.67,16.67,84.99,76.23,59.55
13.89,13.89,84.57,75.71,60.61
14.59,14.59,81.43,76.26,60.16
12.04,12.04,78.22,76.56,60.92
15.77,15.77,74.20,76.71,60.53
20.91,20.91,72.12,78.75,61.48
17.35,17.35,66.72,77.11,62.55
21.27,21.27,67.84,77.27,60.05
30.59,30.59,75.18,73.98,57.57
26.55,26.55,83.64,68.51,58.27
16.56,16.56,88.62,63.23,58.62
15.70,15.70,91.14,54.86,58.28
19.56,19.56,89.93,56.99,57.37
24.62,24.62,89.40,59.31,56.81
27.60,27.60,88.37,61.40,57.96
29.90,29.90,89.13,62.46,57.99
29.84,29.84,87.19,63.56,55.46
25.71,25.71,85.44,61.78,54.71
18.51,18.51,84.21,62.92,52.53
15.32,15.32,81.44,75.19,58.47
15.31,15.31,77.09,77.72,62.05
16.67,16.67,72.91,76.12,63.34
14.44,14.44,70.16,76.75,62.41
15.93,15.93,68.75,77.52,60.09
19.38,19.38,67.65,76.67,60.30
18.14,18.14,66.20,77.03,58.98
16.90,16.90,67.86,76.92,57.01
14.50,14.50,66.01,75.74,54.30
13.74,13.74,68.25,76.60,51.65
18.51,18.51,85.87,77.08,55.54
13.83,13.83,89.30,71.24,58.04
15.38,15.38,88.99,62.44,58.83
13.88,13.88,92.42,51.26,60.20
17.15,17.15,88.11,54.02,62.87
23.02,23.02,86.60,54.34,61.94
26.93,26.93,85.45,57.31,64.02
29.17,29.17,84.12,61.86,66.21
24.69,24.69,83.69,64.08,62.52
14.29,14.29,83.75,65.24,60.47
8.15,8.15,84.28,67.39,61.14
17.30,17.30,84.04,76.41,62.05
19.03,19.03,82.22,77.67,63.37
21.25,21.25,80.83,77.08,62.20
22.99,22.99,79.55,78.53,63.51
29.35,29.35,76.96,79.14,62.78
33.11,33.11,74.31,77.67,62.06
37.01,37.01,68.65,77.12,64.43
46.65,46.65,65.94,77.46,62.43
52.51,52.51,72.47,74.85,61.66
59.30,59.30,80.10,67.53,62.82
67.98,67.98,89.40,65.37,67.00
70.79,70.79,90.22,56.45,67.38
70.49,70.49,91.21,56.33,69.05
71.54,71.54,90.76,56.72,69.74
73.25,73.25,88.83,58.82,72.18
69.13,69.13,87.63,62.09,68.22
68.49,68.49,87.00,63.86,67.28
68.17,68.17,86.78,64.16,65.61
70.80,70.80,86.93,64.02,66.32
67.82,67.82,81.55,74.98,65.38
61.30,61.30,78.13,79.15,64.36
60.22,60.22,76.59,76.81,64.24
56.58,56.58,73.57,77.29,63.37
55.40,55.40,69.02,75.65,61.89
57.90,57.90,64.39,76.05,62.91
55.22,55.22,62.45,77.93,61.42
56.14,56.14,62.98,78.30,61.05
51.85,51.85,66.09,78.31,60.11
49.77,49.77,71.48,74.71,57.15
50.77,50.77,81.48,75.81,58.55
48.31,48.31,89.25,67.15,61.13
50.43,50.43,90.67,59.54,62.58
50.99,50.99,90.51,49.42,61.74
52.00,52.00,89.16,53.11,63.03
49.92,49.92,86.19,54.22,63.12
45.74,45.74,85.39,57.14,61.37
45.37,45.37,84.82,61.37,62.10
41.79,41.79,86.03,63.17,61.97
37.15,37.15,83.33,63.94,60.70
37.05,37.05,81.86,67.66,60.41
44.53,44.53,83.42,78.38,63.67
47.85,47.85,83.30,76.49,63.62
48.74,48.74,80.68,77.01,64.22
50.68,50.68,78.23,77.64,64.89
53.56,53.56,78.33,76.98,65.06
51.28,51.28,76.81,76.33,63.49
52.57,52.57,72.74,77.93,66.74
55.23,55.23,64.82,76.76,65.16
58.53,58.53,67.94,76.23,63.59
66.36,66.36,79.91,76.12,65.12
73.52,73.52,89.29,68.47,68.82
72.81,72.81,89.67,61.27,67.40
71.32,71.32,91.20,46.54,67.02
70.07,70.07,90.94,50.26,65.43
69.08,69.08,88.86,52.10,64.74
70.72,70.72,88.30,55.82,64.94
70.67,70.67,88.79,63.54,64.59
72.97,72.97,86.28,65.57,63.73
73.02,73.02,84.77,65.46,63.12
69.52,69.52,83.75,69.77,63.47
59.40,59.40,81.82,78.13,66.14
54.44,54.44,81.96,76.80,65.58
51.35,51.35,80.07,78.72,65.65
50.57,50.57,77.46,78.45,62.83
51.28,51.28,72.12,78.05,62.94
51.18,51.18,66.00,77.11,60.32
54.82,54.82,62.53,78.12,59.75
55.40,55.40,63.80,77.63,57.40
54.03,54.03,69.74,76.25,55.58
46.29,46.29,74.24,74.22,56.24
45.89,45.89,89.18,70.79,61.53
44.79,44.79,90.07,60.94,60.32
52.21,52.21,91.44,57.68,60.90
52.87,52.87,88.36,51.29,63.70
48.42,48.42,87.92,53.56,65.20
51.14,51.14,88.04,61.87,63.35
56.65,56.65,86.95,66.49,65.84
51.58,51.58,84.93,66.86,65.43
43.58,43.58,83.97,64.97,62.91
37.61,37.61,83.55,67.50,63.39
42.53,42.53,81.96,75.40,67.07
36.97,36.97,78.34,76.35,64.66
43.71,43.71,77.46,77.19,65.19
48.97,48.97,78.21,74.47,63.17
44.48,44.48,75.27,74.67,64.96
40.85,40.85,72.13,78.85,63.65
44.36,44.36,70.18,76.09,64.90
50.21,50.21,68.00,78.72,64.68
52.12,52.12,68.47,76.84,63.72
55.11,55.11,74.16,74.14,62.44
62.99,62.99,90.32,66.90,65.57
71.31,71.31,89.24,61.92,67.75
72.22,72.22,91.07,56.68,68.37
70.79,70.79,91.42,54.30,69.13
72.55,72.55,88.49,54.13,71.22
71.15,71.15,86.86,59.62,70.38
68.81,68.81,85.62,63.44,67.00
68.10,68.10,84.99,65.42,67.59
69.26,69.26,85.42,64.90,66.35
71.64,71.64,84.66,64.12,67.29
64.14,64.14,83.83,77.56,65.80
61.17,61.17,83.06,76.60,65.20
60.72,60.72,81.55,77.52,65.31
57.17,57.17,79.28,78.52,63.26
58.55,58.55,78.13,78.03,65.26
58.10,58.10,73.51,78.05,63.29
57.05,57.05,66.91,77.30,61.99
57.80,57.80,63.22,76.84,61.80
55.18,55.18,66.50,75.55,60.01
59.17,59.17,74.60,75.31,59.36
72.95,72.95,87.50,66.88,70.17
72.75,72.75,88.54,61.68,70.49
70.73,70.73,90.12,51.39,68.55
69.96,69.96,90.84,46.27,69.48
67.00,67.00,89.27,49.25,68.40
69.30,69.30,87.84,55.16,67.22
69.30,69.30,86.96,61.63,66.07
72.29,72.29,86.59,63.81,65.99
72.91,72.91,87.26,63.93,65.62
71.19,71.19,84.10,65.13,64.24
61.58,61.58,79.94,71.97,65.27
56.51,56.51,77.20,77.05,63.72
51.63,51.63,74.00,77.05,66.37
51.28,51.28,70.92,77.46,64.71
53.58,53.58,71.02,77.55,66.91
53.29,53.29,70.25,76.69,64.58
52.31,52.31,68.98,78.77,66.10
59.46,59.46,66.56,77.68,66.66
60.37,60.37,67.64,77.29,66.71
61.45,61.45,71.21,75.67,65.40
65.79,65.79,87.02,72.39,65.64
67.05,67.05,89.15,65.35,68.94
70.31,70.31,90.83,59.26,68.40
70.18,70.18,90.52,51.78,68.57
70.08,70.08,88.14,55.87,69.07
68.83,68.83,86.25,57.09,66.73
68.34,68.34,85.71,60.87,65.66
69.57,69.57,86.20,62.79,67.68
69.47,69.47,83.56,61.68,66.46
70.00,70.00,82.54,60.91,66.66
70.46,70.46,83.84,73.95,68.29
73.42,73.42,84.82,76.87,71.35
74.11,74.11,83.48,77.91,71.31
72.93,72.93,80.47,76.52,69.80
72.63,72.63,77.83,76.24,68.55
74.30,74.30,75.26,77.58,68.72
75.58,75.58,73.21,78.06,66.98
74.68,74.68,67.04,78.08,65.22
69.68,69.68,67.42,77.20,63.45
63.94,63.94,73.67,72.73,62.45
62.21,62.21,84.07,66.02,65.56
59.72,59.72,88.28,61.00,67.07
57.98,57.98,90.23,49.85,65.74
60.14,60.14,90.45,52.51,68.77
60.15,60.15,89.56,50.07,69.26
58.20,58.20,89.13,51.01,66.80
59.10,59.10,89.31,57.98,67.76
56.63,56.63,86.93,64.07,67.55
50.77,50.77,85.85,63.58,65.36
46.12,46.12,84.36,60.89,63.27
49.67,49.67,79.98,78.85,67.00
46.64,46.64,75.68,77.18,68.88
45.47,45.47,73.47,77.90,67.86
48.19,48.19,70.42,77.73,66.66
47.09,47.09,66.94,76.07,68.06
45.29,45.29,64.57,76.04,67.20
50.41,50.41,63.38,76.86,65.96
50.36,50.36,66.95,76.65,65.71
51.94,51.94,65.15,75.56,66.22
52.30,52.30,70.77,74.70,64.16
57.35,57.35,84.21,76.04,64.87
70.74,70.74,89.02,65.88,70.78
73.76,73.76,90.11,56.18,70.35
73.67,73.67,91.69,49.49,70.51
76.56,76.56,87.95,42.66,72.90
77.15,77.15,86.48,41.35,72.79
73.14,73.14,85.25,48.94,70.28
70.39,70.39,83.99,55.26,69.67
67.54,67.54,83.55,60.30,67.53
68.41,68.41,82.93,62.73,67.23
64.25,64.25,83.82,68.96,64.64
69.92,69.92,83.02,77.85,70.75
73.28,73.28,82.03,78.04,71.97
74.62,74.62,81.05,78.53,72.70
75.92,75.92,79.78,78.55,72.34
76.56,76.56,76.88,77.32,73.96
71.40,71.40,73.14,78.47,70.07
70.91,70.91,69.32,77.53,71.19
68.61,68.61,68.83,76.58,68.51
67.71,67.71,73.36,76.12,67.54
62.44,62.44,82.67,71.76,65.37
70.17,70.17,89.06,63.40,72.35
71.96,71.96,89.64,57.69,71.88
73.49,73.49,91.08,47.08,72.83
76.09,76.09,90.69,44.87,73.02
76.63,76.63,88.41,47.94,74.14
73.15,73.15,87.45,54.39,72.63
72.24,72.24,86.81,60.84,71.12
70.38,70.38,86.70,61.87,70.95
68.58,68.58,86.70,63.09,70.47
61.71,61.71,82.03,75.95,67.24
68.68,68.68,79.36,78.80,72.30
73.27,73.27,77.41,77.78,72.65
74.50,74.50,75.13,77.51,73.35
76.94,76.94,71.74,76.26,74.12
76.58,76.58,67.45,77.19,73.44
72.16,72.16,63.06,77.49,71.85
69.61,69.61,63.93,77.28,71.45
67.69,67.69,65.95,78.69,70.83
68.52,68.52,70.75,75.81,70.48
68.03,68.03,80.63,71.86,71.04
69.77,69.77,89.51,67.18,71.82
69.46,69.46,91.05,55.66,72.03
67.55,67.55,90.48,55.05,69.40
67.17,67.17,89.30,51.76,68.75
69.00,69.00,86.78,49.29,69.10
69.80,69.80,86.05,55.92,70.13
67.45,67.45,85.49,62.83,68.35
69.18,69.18,86.19,64.88,68.88
70.34,70.34,83.55,65.17,68.07
67.98,67.98,81.44,70.52,70.66
66.62,66.62,82.79,75.60,74.52
65.59,65.59,81.29,75.35,74.26
65.89,65.89,78.75,76.83,74.01
65.35,65.35,77.16,77.35,70.40
70.39,70.39,75.76,76.23,70.97
67.57,67.57,74.97,77.34,68.47
66.86,66.86,70.97,77.44,68.07
68.82,68.82,65.19,76.57,70.15
69.59,69.59,68.38,76.97,68.07
66.87,66.87,78.94,75.46,69.81
68.11,68.11,89.44,66.94,72.96
67.01,67.01,89.69,56.51,72.41
65.64,65.64,91.56,49.57,71.42
68.81,68.81,90.56,46.90,72.27
68.45,68.45,88.32,53.71,71.24
68.13,68.13,87.87,60.92,69.92
68.60,68.60,88.04,64.93,70.33
69.11,69.11,85.79,67.28,70.25
70.90,70.90,84.31,64.21,70.28
67.76,67.76,83.39,69.11,70.41
67.22,67.22,82.58,77.00,75.30
65.51,65.51,82.67,78.22,73.95
66.93,66.93,79.86,78.17,71.87
65.43,65.43,76.95,77.94,70.12
68.60,68.60,72.92,77.79,71.89
69.68,69.68,68.92,78.85,70.94
70.05,70.05,65.59,78.85,69.91
69.15,69.15,66.06,76.88,70.29
68.27,68.27,71.05,75.15,68.75
66.15,66.15,76.31,68.54,66.28
62.46,62.46,88.07,62.89,68.99
64.89,64.89,90.59,57.60,70.23
65.96,65.96,90.69,50.56,70.27
65.95,65.95,88.18,52.40,69.88
61.97,61.97,88.42,60.26,67.88
64.28,64.28,87.69,64.66,71.49
64.69,64.69,86.54,64.25,70.68
67.27,67.27,85.66,63.16,72.78
66.47,66.47,84.57,62.26,71.68
65.89,65.89,83.97,59.36,71.27
66.61,66.61,82.85,51.16,72.13
67.59,67.59,79.83,57.34,72.99
69.03,69.03,78.01,62.37,74.26
68.65,68.65,76.26,64.06,72.92
63.48,63.48,75.38,63.43,70.90
61.98,61.98,78.24,64.38,74.07
65.30,65.30,75.64,65.87,75.68
66.14,66.14,75.34,69.46,73.16
67.54,67.54,75.83,70.18,73.21
64.55,64.55,76.59,70.68,70.10
66.57,66.57,77.99,70.83,74.55
70.21,70.21,76.96,70.63,75.01
71.03,71.03,75.24,70.26,76.43
69.98,69.98,74.30,69.99,77.58
68.78,68.78,72.02,69.66,76.50
69.51,69.51,67.88,68.96,75.81
70.08,70.08,65.74,67.30,74.80
70.07,70.07,64.62,65.56,74.69
72.39,72.39,66.81,65.79,76.05
69.71,69.71,68.04,67.04,74.00
72.89,72.89,78.01,67.87,73.44
74.97,74.97,76.78,68.10,73.17
75.15,75.15,75.84,67.54,75.40
70.78,70.78,73.53,65.75,75.50
68.21,68.21,71.72,62.11,73.28
68.36,68.36,66.28,56.95,72.25
70.08,70.08,65.25,54.13,73.72
71.76,71.76,64.31,56.47,76.62
71.17,71.17,65.86,61.90,75.08
72.24,72.24,66.49,65.77,72.50
71.60,71.60,76.93,67.49,74.75
69.06,69.06,77.01,67.71,75.84
71.02,71.02,75.83,66.32,74.39
73.61,73.61,74.41,63.36,76.13
71.20,71.20,71.72,59.60,74.06
68.41,68.41,69.37,58.16,73.67
69.06,69.06,67.39,60.63,74.29
69.94,69.94,66.70,63.17,75.27
70.64,70.64,65.69,64.87,74.10
69.74,69.74,65.05,65.89,71.16
72.66,72.66,72.53,66.38,73.27
73.87,73.87,72.24,66.26,74.51
74.26,74.26,70.65,64.19,75.07
72.33,72.33,68.87,58.91,74.26
73.09,73.09,65.74,49.42,73.62
74.06,74.06,63.16,44.01,74.23
73.99,73.99,63.35,52.84,75.18
73.26,73.26,61.18,57.90,75.06
70.47,70.47,65.53,57.68,75.48
66.44,66.44,66.47,50.91,73.31
65.90,65.90,86.20,45.08,72.28
68.26,68.26,89.93,59.52,72.74
67.36,67.36,91.48,61.41,72.41
67.06,67.06,90.30,59.49,74.35
68.20,68.20,89.04,59.15,74.09
61.68,61.68,88.17,60.53,74.11
67.96,67.96,85.99,65.12,74.71
64.61,64.61,87.98,65.69,75.08
65.74,65.74,83.65,62.20,75.56
65.63,65.63,84.14,61.75,74.22
64.89,64.89,82.26,63.16,75.01
66.36,66.36,82.34,63.02,75.35
65.74,65.74,78.69,61.51,75.40
64.06,64.06,76.79,60.15,76.35
61.69,61.69,73.03,60.32,74.74
60.51,60.51,73.70,60.34,75.22
65.38,65.38,71.04,61.69,75.96
65.50,65.50,70.39,65.06,76.89
62.94,62.94,70.64,64.01,75.94
60.91,60.91,72.62,54.67,74.40
60.96,60.96,84.21,53.06,71.35
71.40,71.40,88.47,61.93,75.06
72.34,72.34,90.58,61.74,74.11
72.96,72.96,89.28,59.10,74.66
74.53,74.53,88.34,60.20,75.23
75.42,75.42,87.42,64.35,75.15
72.39,72.39,88.04,67.07,74.99
69.27,69.27,85.76,68.88,76.16
68.18,68.18,84.21,68.16,76.31
70.21,70.21,83.48,69.18,75.60
65.77,65.77,82.87,71.99,73.95
63.40,63.40,78.57,77.07,74.20
63.38,63.38,77.19,77.16,74.87
60.91,60.91,76.78,79.04,75.41
63.61,63.61,76.61,77.48,73.21
58.00,58.00,75.11,76.31,74.40
54.73,54.73,72.52,75.89,72.41
54.38,54.38,73.61,75.80,70.55
50.51,50.51,72.55,76.52,67.86
51.35,51.35,75.07,70.73,66.76
55.70,55.70,85.22,69.51,69.81
59.96,59.96,89.53,62.82,73.37
58.82,58.82,89.10,59.39,71.64
62.21,62.21,92.68,58.27,72.77
63.46,63.46,89.61,58.67,73.11
61.99,61.99,87.11,62.38,74.09
62.86,62.86,85.85,65.65,72.87
62.19,62.19,84.57,67.14,73.45
62.26,62.26,84.26,67.53,73.05
64.97,64.97,85.02,66.95,72.52
63.61,63.61,84.84,72.75,71.04
61.41,61.41,85.05,77.42,72.96
61.56,61.56,82.94,78.15,74.36
61.53,61.53,80.93,78.63,73.33
63.37,63.37,79.28,76.86,72.85
63.98,63.98,76.64,78.97,71.23
65.11,65.11,72.78,78.46,70.53
69.30,69.30,66.69,77.04,70.26
69.14,69.14,66.69,77.75,70.64
69.19,69.19,72.79,74.98,69.32
69.93,69.93,79.50,64.32,73.68
67.32,67.32,88.94,61.99,75.98
70.08,70.08,90.15,55.63,75.44
69.38,69.38,90.56,56.25,74.11
68.57,68.57,90.17,55.13,73.71
69.73,69.73,88.54,55.82,73.22
69.09,69.09,87.48,60.19,73.37
71.40,71.40,86.49,64.90,76.20
71.16,71.16,86.34,65.32,75.49
70.04,70.04,86.61,68.60,73.18
64.34,64.34,81.38,73.85,73.06
60.13,60.13,75.68,77.41,74.51
63.65,63.65,72.09,77.24,73.57
74.40,74.40,69.90,75.21,73.47
71.00,71.00,65.92,78.25,71.81
69.92,69.92,65.60,75.83,71.10
68.34,68.34,65.90,76.43,71.81
68.22,68.22,66.22,77.41,71.46
70.99,70.99,66.28,77.46,71.04
67.39,67.39,67.85,77.29,72.29
71.41,71.41,81.16,74.92,71.95
69.64,69.64,88.18,68.89,74.26
70.99,70.99,90.06,60.08,74.57
69.19,69.19,90.77,51.38,72.86
77.22,77.22,88.97,47.98,73.41
75.27,75.27,86.62,50.20,74.36
67.88,67.88,84.99,55.41,71.72
66.83,66.83,85.17,60.47,70.91
60.68,60.68,85.54,62.87,72.06
56.34,56.34,82.58,65.32,70.41
59.16,59.16,82.22,68.48,72.06
66.06,66.06,84.14,78.06,74.32
72.56,72.56,84.47,77.49,73.70
68.65,68.65,82.37,77.39,74.08
64.69,64.69,79.71,76.69,72.92
70.17,70.17,77.27,78.45,72.59
64.04,64.04,74.08,78.69,70.14
61.76,61.76,69.91,79.16,71.08
65.50,65.50,64.61,78.72,74.08
62.86,62.86,69.39,74.88,74.91
60.49,60.49,76.75,72.64,72.80
66.43,66.43,89.22,66.42,75.41
69.03,69.03,89.37,59.47,74.83
72.72,72.72,90.29,55.44,75.28
71.56,71.56,90.27,55.30,76.78
74.17,74.17,88.92,59.26,76.20
70.36,70.36,88.38,63.50,77.29
65.70,65.70,88.97,67.82,76.81
66.77,66.77,86.59,67.77,76.00
68.17,68.17,85.10,68.56,74.41
65.55,65.55,81.94,75.06,74.73
64.45,64.45,76.89,79.82,75.10
67.20,67.20,75.02,79.94,74.17
71.42,71.42,78.37,78.91,72.90
73.85,73.85,79.77,79.66,71.99
75.25,75.25,79.21,78.65,73.59
72.03,72.03,76.71,78.89,70.60
63.54,63.54,69.71,80.29,70.03
60.19,60.19,63.39,79.85,69.76
54.45,54.45,65.91,78.59,68.46
55.64,55.64,73.50,77.10,69.84
65.47,65.47,88.17,69.98,77.41
65.91,65.91,89.49,62.08,76.78
69.71,69.71,90.29,56.25,76.12
68.45,68.45,89.53,52.48,76.07
69.78,69.78,88.94,48.09,76.98
74.82,74.82,89.29,52.54,74.61
71.89,71.89,86.70,57.57,74.52
69.21,69.21,83.90,63.05,75.84
75.28,75.28,82.84,63.59,75.32
70.50,70.50,84.16,70.93,72.88
64.54,64.54,84.51,79.82,74.49
65.18,65.18,82.01,79.73,73.31
62.00,62.00,74.08,78.07,75.61
61.04,61.04,69.18,79.44,72.79
61.06,61.06,71.79,79.57,73.64
59.27,59.27,72.21,80.19,70.07
65.89,65.89,69.97,80.14,70.68
71.34,71.34,66.34,80.75,73.46
70.37,70.37,65.33,81.23,71.12
71.84,71.84,73.47,73.97,71.96
71.72,71.72,89.18,65.67,73.28
70.26,70.26,89.85,59.53,76.24
69.48,69.48,91.33,53.94,77.37
67.85,67.85,91.25,50.38,76.79
69.22,69.22,88.58,44.87,76.53
68.26,68.26,87.89,47.50,76.74
66.44,66.44,87.29,56.96,78.05
65.92,65.92,86.43,62.10,79.08
65.76,65.76,84.64,67.20,78.40
64.80,64.80,84.34,71.09,75.03
66.33,66.33,82.57,80.94,76.70
68.85,68.85,82.56,81.18,77.54
69.60,69.60,80.95,79.02,75.83
68.92,68.92,78.24,79.30,76.32
70.17,70.17,72.77,78.59,74.27
73.49,73.49,64.55,77.15,76.36
73.53,73.53,65.25,78.75,76.36
72.42,72.42,66.89,79.36,75.79
66.59,66.59,67.58,79.80,74.54
67.39,67.39,74.83,72.76,74.88
69.41,69.41,88.09,68.65,72.91
69.44,69.44,87.94,60.67,73.54
69.91,69.91,90.57,53.30,73.07
66.01,66.01,90.15,52.95,72.00
68.58,68.58,87.10,55.58,73.09
67.27,67.27,85.88,57.51,74.57
64.11,64.11,85.51,59.10,73.73
61.54,61.54,86.62,59.57,71.54
57.22,57.22,87.18,65.56,72.14
56.87,56.87,83.75,66.58,71.69
62.54,62.54,77.75,75.70,77.04
66.57,66.57,76.25,76.96,77.56
62.18,62.18,79.73,75.78,76.56
65.66,65.66,79.39,78.69,76.35
64.23,64.23,77.31,79.46,74.50
60.14,60.14,73.46,79.66,75.37
59.64,59.64,67.90,79.30,73.91
60.26,60.26,66.40,79.28,71.51
60.41,60.41,67.81,78.75,74.53
56.56,56.56,72.47,75.60,74.28
57.38,57.38,87.54,69.37,72.87
62.69,62.69,89.77,61.36,76.18
61.87,61.87,90.30,58.45,77.04
66.54,66.54,90.57,56.40,78.57
63.06,63.06,89.38,54.31,76.47
60.29,60.29,87.43,53.19,74.69
61.03,61.03,85.83,57.88,76.20
64.22,64.22,85.85,63.50,77.62
63.02,63.02,83.38,65.72,76.87
61.59,61.59,83.52,65.81,76.34
59.47,59.47,83.68,77.35,75.57
59.10,59.10,83.72,77.11,74.66
63.34,63.34,83.34,75.78,76.90
61.97,61.97,79.36,75.32,74.67
59.80,59.80,76.40,77.71,73.61
59.43,59.43,75.94,77.90,73.18
57.98,57.98,74.49,78.99,71.76
52.07,52.07,67.41,77.71,70.77
50.62,50.62,66.27,76.83,69.44
48.90,48.90,73.76,73.42,66.34
53.96,53.96,84.43,74.11,72.35
57.36,57.36,89.06,60.26,72.53
63.39,63.39,90.49,51.19,74.42
66.59,66.59,90.66,46.39,76.80
63.79,63.79,87.22,48.67,77.37
61.89,61.89,86.32,55.84,78.32
60.52,60.52,86.96,60.78,77.70
59.30,59.30,85.19,64.02,74.31
61.19,61.19,84.21,59.74,73.30
57.45,57.45,83.74,65.27,72.43
60.96,60.96,81.89,74.21,74.61
57.80,57.80,76.84,79.76,74.77
53.21,53.21,74.21,78.58,73.08
56.72,56.72,71.46,78.87,73.97
55.60,55.60,68.67,75.33,72.24
59.22,59.22,66.77,74.45,73.96
60.44,60.44,65.77,77.42,71.13
64.04,64.04,62.76,78.93,73.76
64.86,64.86,63.15,79.77,71.95
63.53,63.53,72.00,76.90,73.01
63.61,63.61,81.96,66.57,75.99
65.82,65.82,88.44,63.90,75.83
65.69,65.69,90.44,57.31,76.30
66.50,66.50,92.16,52.86,75.98
63.48,63.48,90.29,52.75,74.18
60.89,60.89,88.62,55.26,73.53
60.79,60.79,86.57,59.84,76.26
56.27,56.27,85.29,59.69,74.84
54.61,54.61,84.05,65.09,74.64
49.37,49.37,84.30,68.82,73.68
54.26,54.26,83.26,73.82,73.90
59.53,59.53,82.17,80.13,74.63
59.96,59.96,79.71,79.91,75.98
60.52,60.52,78.36,80.60,75.39
61.69,61.69,75.68,78.58,72.93
64.36,64.36,70.45,78.37,74.57
65.24,65.24,66.36,77.33,75.95
63.52,63.52,65.27,79.68,74.89
66.81,66.81,63.96,77.85,76.26
65.20,65.20,69.93,74.83,74.28
64.17,64.17,82.11,80.28,76.94
66.42,66.42,89.26,65.52,75.43
63.67,63.67,90.63,63.60,74.52
63.27,63.27,90.41,51.77,75.67
63.55,63.55,89.33,54.62,74.51
60.63,60.63,87.83,56.10,73.16
63.14,63.14,87.16,59.24,74.47
60.73,60.73,86.43,63.98,74.82
56.85,56.85,86.90,63.99,72.30
51.71,51.71,87.02,59.76,73.68
51.86,51.86,82.67,75.13,73.31
57.63,57.63,79.36,78.30,76.34
58.12,58.12,77.87,76.24,76.51
59.55,59.55,76.99,77.94,74.54
62.45,62.45,75.89,79.54,75.51
62.34,62.34,73.21,79.33,75.38
59.07,59.07,72.00,79.93,74.88
56.30,56.30,68.94,78.46,72.11
54.32,54.32,65.56,78.54,72.96
54.15,54.15,69.61,76.79,73.91
55.02,55.02,81.52,74.76,74.85
55.84,55.84,88.93,71.83,76.36
56.49,56.49,90.47,62.44,75.78
54.44,54.44,91.39,60.36,73.93
56.99,56.99,90.35,58.90,74.62
52.26,52.26,86.82,61.44,74.02
56.64,56.64,85.71,64.99,75.80
52.16,52.16,85.20,66.73,74.65
54.41,54.41,85.47,65.10,75.25
57.04,57.04,82.38,64.57,74.79
55.27,55.27,80.61,70.57,75.61
51.62,51.62,81.51,77.44,76.63
62.73,62.73,80.62,78.76,76.50
66.17,66.17,78.81,78.04,76.40
64.80,64.80,76.81,77.75,76.09
65.38,65.38,75.82,77.56,75.95
67.31,67.31,74.88,78.26,73.92
63.05,63.05,70.67,77.35,72.36
57.14,57.14,65.54,76.68,71.03
47.10,47.10,66.55,77.12,69.11
48.11,48.11,79.71,78.04,69.53
55.68,55.68,89.16,69.12,73.81
56.56,56.56,89.88,58.59,74.53
57.19,57.19,91.50,47.28,74.96
55.22,55.22,90.69,48.16,76.02
55.74,55.74,88.19,48.98,74.28
60.88,60.88,88.01,54.66,74.05
58.34,58.34,87.63,60.59,73.96
62.27,62.27,85.83,63.06,73.90
66.97,66.97,84.71,63.84,75.15
66.89,66.89,83.79,69.84,75.14
57.04,57.04,83.04,77.76,76.91
53.26,53.26,83.08,78.47,75.97
52.21,52.21,79.79,78.28,76.62
52.69,52.69,76.43,77.58,75.72
60.34,60.34,71.71,76.93,76.26
53.49,53.49,67.95,76.21,73.69
54.85,54.85,64.20,79.66,74.96
57.15,57.15,62.85,77.11,76.11
56.17,56.17,69.06,75.67,76.28
60.33,60.33,72.47,69.34,75.42
60.31,60.31,88.70,65.37,76.65
57.82,57.82,89.95,61.24,77.50
56.57,56.57,91.39,52.57,77.04
59.88,59.88,88.70,55.61,75.55
59.83,59.83,88.12,57.19,75.60
60.22,60.22,88.93,62.80,76.60
59.12,59.12,87.03,61.11,75.93
51.97,51.97,85.57,61.79,73.02
55.52,55.52,84.26,66.32,74.99
54.26,54.26,83.36,68.70,74.65
53.84,53.84,79.25,75.65,76.65
58.29,58.29,74.34,78.69,75.89
59.97,59.97,73.19,75.46,76.85
60.47,60.47,73.41,75.12,76.65
60.75,60.75,71.77,76.63,75.79
61.42,61.42,69.99,77.58,74.96
56.97,56.97,67.74,78.76,74.94
55.01,55.01,66.51,79.65,75.13
58.56,58.56,68.04,76.18,76.73
58.90,58.90,75.19,72.66,76.10
61.42,61.42,89.44,68.30,77.60
58.77,58.77,88.56,61.40,78.39
58.86,58.86,90.59,58.71,77.64
57.01,57.01,91.41,56.66,78.69
53.99,53.99,87.98,57.18,78.11
54.97,54.97,86.12,60.96,75.64
55.84,55.84,85.11,63.82,76.57
55.16,55.16,84.60,64.99,76.12
52.87,52.87,85.09,62.33,73.69
51.95,51.95,84.47,61.37,74.23
57.13,57.13,84.12,77.04,77.00
59.34,59.34,82.81,76.50,77.92
56.60,56.60,81.65,76.42,76.67
57.22,57.22,79.82,74.68,77.36
53.98,53.98,76.35,77.10,74.81
56.25,56.25,71.92,78.42,74.97
60.06,60.06,67.14,76.30,77.29
59.34,59.34,62.81,77.14,77.65
54.15,54.15,65.92,77.03,75.60
52.15,52.15,73.83,73.67,75.20
52.67,52.67,88.21,65.50,76.84
52.63,52.63,88.28,61.12,79.77
55.81,55.81,90.13,56.30,78.15
59.58,59.58,90.77,54.13,79.46
63.14,63.14,89.20,52.95,79.59
59.88,59.88,88.13,56.12,79.05
54.84,54.84,87.17,59.95,78.84
55.05,55.05,86.82,63.86,78.32
56.06,56.06,87.19,63.73,77.16
59.65,59.65,83.74,64.74,77.35
56.05,56.05,77.61,74.50,77.13
55.56,55.56,73.06,76.51,77.51
55.52,55.52,69.62,77.09,76.69
55.22,55.22,66.47,76.12,76.09
54.35,54.35,63.86,78.54,77.06
53.76,53.76,63.21,79.03,75.37
48.62,48.62,62.98,78.60,71.33
47.05,47.05,64.47,77.68,71.38
47.42,47.42,64.21,77.77,71.84
43.89,43.89,69.22,76.16,71.62
48.60,48.60,86.10,72.98,75.78
51.89,51.89,88.35,62.95,77.46
51.93,51.93,90.88,56.97,76.80
51.26,51.26,89.78,48.16,79.33
50.20,50.20,87.81,52.94,78.45
49.06,49.06,85.83,53.86,75.77
50.26,50.26,85.53,60.04,75.21
52.53,52.53,85.92,64.39,75.64
53.72,53.72,83.47,64.52,77.73
50.06,50.06,81.91,61.78,78.45
53.87,53.87,83.15,72.99,76.50
48.51,48.51,84.82,78.37,78.51
46.84,46.84,82.62,76.07,77.71
48.33,48.33,80.14,76.51,77.22
49.23,49.23,76.97,78.39,78.23
55.10,55.10,74.82,80.60,76.14
61.17,61.17,72.34,79.25,77.06
60.64,60.64,66.47,79.07,76.09
55.08,55.08,63.32,77.57,75.49
60.67,60.67,71.15,75.58,77.09
61.31,61.31,83.32,69.70,77.62
60.40,60.40,88.04,63.11,79.09
61.80,61.80,89.97,56.43,77.67
61.57,61.57,90.04,52.84,77.86
59.65,59.65,89.86,52.78,78.29
63.76,63.76,89.05,56.10,76.36
63.41,63.41,89.01,59.98,77.01
63.78,63.78,86.96,65.21,76.06
67.64,67.64,85.66,63.49,77.33
67.13,67.13,84.20,68.06,76.30
58.24,58.24,80.51,77.93,76.47
59.85,59.85,77.83,77.85,77.97
61.38,61.38,75.87,78.90,78.52
62.07,62.07,71.45,78.10,77.00
65.75,65.75,66.04,76.16,76.65
61.88,61.88,61.80,77.42,74.85
65.37,65.37,60.94,75.57,76.53
64.16,64.16,63.06,76.79,75.34
61.04,61.04,64.60,77.55,76.32
66.98,66.98,69.53,75.70,74.93
62.67,62.67,84.56,79.02,75.20
67.09,67.09,89.22,70.75,76.35
70.39,70.39,89.70,59.13,76.51
65.50,65.50,91.29,58.69,77.17
64.66,64.66,88.18,58.04,77.90
62.74,62.74,86.77,58.41,75.84
58.75,58.75,85.29,60.19,75.65
53.98,53.98,83.98,61.04,76.22
51.25,51.25,83.38,60.52,74.53
46.33,46.33,83.45,62.06,74.28
48.08,48.08,83.08,69.58,75.04
51.19,51.19,81.90,79.23,78.12
54.96,54.96,80.59,78.44,76.62
58.00,58.00,80.09,78.17,77.12
60.75,60.75,77.89,77.60,77.14
62.41,62.41,73.67,78.33,75.61
61.67,61.67,70.21,77.06,75.68
58.61,58.61,66.02,76.14,76.24
55.13,55.13,63.48,76.57,75.67
55.59,55.59,69.62,75.93,74.58
55.49,55.49,81.32,72.21,76.26
56.11,56.11,89.60,66.91,78.16
59.07,59.07,90.44,58.71,77.61
60.40,60.40,90.99,51.00,78.34
60.36,60.36,90.44,56.39,80.63
59.60,59.60,88.35,58.26,79.86
58.85,58.85,87.19,60.33,78.57
59.74,59.74,86.45,63.59,78.03
60.05,60.05,86.88,65.08,77.73
63.29,63.29,86.19,64.72,77.29
61.35,61.35,82.29,76.86,76.64
60.20,60.20,77.41,81.67,77.99
64.77,64.77,73.18,78.66,77.95
66.74,66.74,74.62,77.83,77.62
65.33,65.33,76.18,79.35,76.50
64.75,64.75,75.41,79.90,76.14
58.27,58.27,72.45,80.36,72.60
56.98,56.98,66.86,79.33,71.77
54.03,54.03,61.37,79.79,70.69
45.95,45.95,66.85,78.74,69.80
57.87,57.87,79.04,74.56,71.49
64.06,64.06,87.82,69.36,78.06
63.32,63.32,89.53,61.82,78.91
65.90,65.90,90.58,54.31,79.63
68.04,68.04,90.36,48.27,78.44
67.27,67.27,88.52,50.34,77.58
70.03,70.03,87.63,52.73,78.48
67.69,67.69,86.64,60.63,76.92
68.72,68.72,86.36,64.51,78.34
68.75,68.75,82.86,65.19,77.71
63.10,63.10,82.53,68.05,76.74
60.33,60.33,84.17,77.76,77.37
58.12,58.12,81.84,78.48,76.86
57.50,57.50,76.78,79.55,76.10
55.32,55.32,67.63,79.81,77.12
54.02,54.02,64.59,80.69,77.62
55.95,55.95,68.93,80.89,74.94
57.01,57.01,68.04,80.94,77.03
58.20,58.20,64.42,79.55,76.82
60.29,60.29,67.59,79.59,77.86
64.03,64.03,78.32,74.81,77.46
64.73,64.73,88.96,67.14,75.63
65.76,65.76,88.50,56.59,79.36
64.26,64.26,91.91,51.06,77.69
65.49,65.49,88.25,53.18,78.33
67.93,67.93,87.18,54.33,76.79
66.27,66.27,87.95,58.42,77.60
65.01,65.01,88.36,61.44,75.63
66.96,66.96,86.69,61.45,79.55
67.68,67.68,84.91,67.19,78.08
64.35,64.35,81.85,68.32,74.65
68.61,68.61,82.31,79.01,78.17
68.80,68.80,80.54,78.65,78.31
70.42,70.42,79.86,79.77,79.38
70.19,70.19,76.77,77.39,77.78
69.14,69.14,73.53,78.99,78.85
69.24,69.24,65.98,79.00,78.93
68.94,68.94,63.37,79.44,79.71
65.97,65.97,66.14,79.55,79.33
63.27,63.27,66.94,78.93,77.70
60.78,60.78,76.23,76.58,78.33
61.88,61.88,89.76,65.59,76.65
60.63,60.63,89.48,60.13,76.27
61.77,61.77,90.24,50.53,76.22
60.19,60.19,88.26,44.07,78.69
62.08,62.08,87.41,48.22,78.83
60.11,60.11,87.11,57.43,76.66
61.16,61.16,84.95,61.78,75.67
61.54,61.54,84.55,61.29,74.25
62.50,62.50,85.18,65.41,74.85
56.96,56.96,83.74,72.13,75.08
58.34,58.34,77.94,79.03,77.60
63.36,63.36,73.21,79.06,78.19
61.10,61.10,74.62,79.39,78.40
57.38,57.38,76.91,80.62,77.99
57.15,57.15,76.02,81.40,77.03
57.57,57.57,72.97,79.42,77.85
56.86,56.86,67.21,79.26,77.31
53.37,53.37,64.63,79.44,77.21
53.50,53.50,65.40,79.70,77.62
51.68,51.68,71.58,76.06,76.18
51.03,51.03,88.89,74.03,76.18
52.02,52.02,88.36,66.81,79.01
49.81,49.81,90.66,57.95,77.78
49.54,49.54,91.94,49.02,76.97
48.57,48.57,89.27,54.23,78.78
48.77,48.77,88.15,58.18,76.57
48.94,48.94,86.44,61.98,76.72
48.85,48.85,84.12,61.49,77.79
48.68,48.68,83.97,64.79,76.89
48.30,48.30,84.08,66.66,75.72
52.88,52.88,83.13,78.19,76.90
54.43,54.43,81.01,80.11,76.93
56.64,56.64,74.59,79.91,77.50
60.21,60.21,67.81,78.51,78.07
61.43,61.43,67.19,77.47,78.46
60.25,60.25,69.71,79.58,76.49
53.30,53.30,70.22,80.06,74.44
49.92,49.92,64.61,80.26,71.85
45.38,45.38,64.85,79.87,69.85
48.85,48.85,74.56,76.24,70.87
51.15,51.15,88.16,64.91,75.32
52.65,52.65,88.37,59.77,76.47
59.53,59.53,90.87,49.33,75.76
59.52,59.52,91.39,47.70,78.36
65.18,65.18,88.23,55.69,78.28
62.86,62.86,87.21,58.98,78.39
55.77,55.77,87.33,60.16,75.17
59.68,59.68,87.23,60.79,75.91
56.25,56.25,86.88,62.31,75.29
55.21,55.21,82.56,64.86,75.79
49.20,49.20,81.93,74.34,77.31
47.13,47.13,82.66,78.52,76.76
47.90,47.90,81.88,79.83,76.84
49.69,49.69,79.55,80.49,74.37
51.07,51.07,74.15,79.97,75.88
49.89,49.89,65.61,78.88,74.77
58.42,58.42,64.75,78.37,76.56
56.14,56.14,67.96,79.88,74.16
63.61,63.61,67.75,79.57,75.74
61.27,61.27,74.49,74.69,74.96
65.56,65.56,86.47,68.33,77.96
58.98,58.98,89.52,60.53,76.30
58.60,58.60,90.88,50.75,76.96
61.92,61.92,89.03,50.90,78.33
66.10,66.10,87.41,54.30,78.43
63.23,63.23,86.11,58.99,78.00
55.76,55.76,86.45,63.04,77.27
50.52,50.52,86.68,62.94,75.19
52.41,52.41,85.53,66.72,78.23
50.21,50.21,83.61,66.40,76.67
49.42,49.42,78.75,79.29,76.52
58.76,58.76,74.89,79.44,78.51
58.18,58.18,76.01,79.89,78.08
58.28,58.28,77.15,81.41,78.24
58.32,58.32,75.97,80.06,76.87
62.53,62.53,73.37,79.02,78.10
63.46,63.46,68.12,78.83,78.85
61.87,61.87,62.79,79.31,77.12
64.83,64.83,66.28,79.77,77.80
58.80,58.80,69.89,79.83,77.70
57.29,57.29,84.80,75.68,76.37
57.23,57.23,88.48,69.22,76.47
58.45,58.45,89.95,59.66,76.80
57.77,57.77,90.43,48.95,77.83
54.50,54.50,89.32,46.54,77.08
55.95,55.95,88.50,54.81,76.93
58.18,58.18,87.92,58.54,75.90
54.13,54.13,84.65,60.94,74.13
46.25,46.25,82.80,61.20,72.95
45.78,45.78,83.54,64.19,73.50
49.91,49.91,83.87,77.61,74.77
53.34,53.34,81.95,79.23,78.46
60.85,60.85,74.16,80.31,78.41
61.41,61.41,67.10,79.34,78.33
60.56,60.56,69.60,79.54,76.96
60.51,60.51,71.56,81.44,77.67
54.37,54.37,69.74,81.06,76.44
52.18,52.18,64.47,79.20,74.70
49.21,49.21,62.97,79.80,74.74
46.33,46.33,71.60,77.58,76.30
45.43,45.43,80.19,68.46,79.09
44.43,44.43,89.75,62.25,77.69
45.38,45.38,89.99,55.98,77.68
45.13,45.13,93.12,55.34,75.97
50.40,50.40,89.98,56.05,77.47
47.94,47.94,88.57,57.84,76.28
46.11,46.11,87.88,57.25,78.35
45.53,45.53,86.53,54.62,78.18
42.30,42.30,85.04,59.20,77.48
39.24,39.24,83.99,67.49,76.66
47.08,47.08,83.65,70.80,77.07
49.21,49.21,81.93,79.59,78.88
49.63,49.63,77.57,78.46,78.87
47.04,47.04,73.05,79.22,79.40
48.82,48.82,74.76,79.22,80.79
46.45,46.45,73.01,76.49,77.98
45.33,45.33,66.07,77.05,74.32
41.11,41.11,65.38,81.27,73.93
39.90,39.90,62.09,81.38,72.47
37.73,37.73,69.74,77.63,71.24
41.69,41.69,78.07,68.91,73.47
46.07,46.07,89.12,62.07,78.88
46.40,46.40,88.78,53.44,79.60
47.51,47.51,90.21,46.37,79.63
53.71,53.71,89.59,43.47,80.27
54.47,54.47,87.16,44.68,81.28
52.56,52.56,84.62,52.97,80.59
52.14,52.14,86.91,56.19,80.45
52.86,52.86,86.45,61.96,79.29
54.42,54.42,85.49,66.90,78.39
58.64,58.64,81.95,72.19,80.37
52.55,52.55,79.98,78.86,80.07
52.64,52.64,76.63,78.61,80.14
57.69,57.69,77.72,78.70,79.16
60.44,60.44,76.28,76.99,77.95
55.20,55.20,70.67,78.21,77.52
56.83,56.83,66.03,79.33,77.60
54.90,54.90,66.78,82.00,78.71
56.69,56.69,61.41,80.96,79.83
57.37,57.37,65.89,81.37,79.99
56.17,56.17,78.66,74.19,79.65
61.04,61.04,87.83,67.59,79.52
57.97,57.97,89.85,62.23,79.70
60.51,60.51,89.58,46.27,78.53
55.78,55.78,89.22,47.63,78.90
57.10,57.10,86.05,47.14,79.45
53.48,53.48,86.96,51.83,79.12
53.73,53.73,87.10,55.61,79.59
56.13,56.13,86.75,64.38,78.49
59.51,59.51,83.44,64.60,80.56
53.55,53.55,81.39,75.91,78.66
52.67,52.67,77.52,78.99,79.55
55.09,55.09,78.91,79.96,81.00
56.78,56.78,78.58,77.64,80.00
57.46,57.46,74.44,76.84,80.31
55.58,55.58,67.61,77.87,80.51
55.01,55.01,68.05,81.38,80.37
55.64,55.64,65.46,80.20,79.83
53.81,53.81,61.61,81.69,80.83
54.27,54.27,67.23,80.04,78.82
52.45,52.45,77.92,77.00,78.70
54.72,54.72,88.86,68.75,79.17
51.53,51.53,89.21,60.76,78.58
48.38,48.38,90.91,46.82,78.62
51.00,51.00,88.15,43.64,80.12
52.84,52.84,87.80,42.58,80.09
48.04,48.04,88.10,50.38,78.89
52.54,52.54,87.98,58.20,76.25
53.77,53.77,83.98,62.71,75.96
49.57,49.57,84.16,64.14,75.07
47.84,47.84,82.78,72.21,75.70
50.64,50.64,81.44,77.17,80.32
49.80,49.80,80.08,79.36,80.39
50.99,50.99,78.09,78.69,80.95
51.02,51.02,72.28,77.86,78.71
50.15,50.15,72.69,79.19,77.82
51.63,51.63,73.14,80.24,78.88
48.69,48.69,65.35,79.74,79.97
49.21,49.21,61.72,81.29,78.34
53.31,53.31,65.68,78.82,78.94
49.82,49.82,77.71,72.99,77.43
48.79,48.79,88.81,71.38,78.81
48.37,48.37,88.87,63.02,79.63
47.63,47.63,90.53,57.92,78.88
49.96,49.96,89.79,48.01,79.66
49.12,49.12,88.43,51.83,78.84
49.94,49.94,88.61,60.15,79.30
51.28,51.28,85.02,63.64,79.58
52.73,52.73,84.71,64.60,79.57
49.65,49.65,85.29,66.18,78.06
43.85,43.85,84.36,68.58,78.89
39.89,39.89,80.39,73.86,77.99
42.12,42.12,79.05,75.71,77.37
41.90,41.90,78.98,76.26,77.33
41.92,41.92,78.25,76.18,76.34
44.38,44.38,75.76,77.09,78.88
43.98,43.98,73.95,78.01,77.14
45.65,45.65,73.62,77.34,75.17
41.46,41.46,70.04,78.57,72.89
39.14,39.14,68.80,77.02,70.32
36.01,36.01,74.22,75.21,70.91
42.36,42.36,89.71,68.36,77.08
38.97,38.97,89.20,63.70,77.34
39.16,39.16,90.56,54.10,78.80
40.75,40.75,91.42,50.95,78.65
44.82,44.82,88.48,56.01,77.99
45.15,45.15,87.16,60.62,77.51
47.44,47.44,85.82,62.39,78.17
45.42,45.42,85.48,63.28,76.58
42.06,42.06,86.12,65.70,76.95
42.73,42.73,84.63,67.27,77.71
41.06,41.06,83.93,78.01,77.98
38.95,38.95,82.44,76.92,77.10
38.45,38.45,79.93,78.69,77.55
34.99,34.99,77.92,78.18,76.41
36.25,36.25,75.41,77.74,76.68
41.87,41.87,70.99,78.42,76.82
47.24,47.24,66.81,75.99,76.89
42.75,42.75,63.37,77.93,76.42
46.21,46.21,66.99,75.93,77.82
52.02,52.02,74.80,73.71,77.11
46.88,46.88,87.29,65.55,79.67
42.38,42.38,87.77,58.22,79.92
39.98,39.98,90.36,53.41,79.87
49.42,49.42,90.67,49.82,80.35
44.89,44.89,88.57,55.41,79.22
51.23,51.23,87.57,61.21,79.05
51.86,51.86,86.83,66.09,78.95
50.25,50.25,86.34,68.36,78.80
50.88,50.88,87.04,69.65,79.01
48.94,48.94,83.37,73.34,78.63
37.62,37.62,78.47,72.43,78.86
35.14,35.14,75.26,75.87,78.80
35.02,35.02,71.35,76.42,78.93
37.91,37.91,67.92,76.53,78.16
46.20,46.20,67.81,77.30,79.09
40.23,40.23,68.59,76.14,77.98
42.40,42.40,67.16,78.08,77.93
42.54,42.54,66.32,78.81,78.38
40.85,40.85,66.69,76.93,77.73
36.38,36.38,70.69,76.06,78.02
37.61,37.61,85.55,73.97,78.23
38.81,38.81,88.93,64.15,78.06
41.60,41.60,90.00,53.99,78.74
47.23,47.23,89.47,49.25,77.99
48.74,48.74,88.32,53.74,79.24
36.76,36.76,86.00,53.13,76.89
33.69,33.69,86.14,53.41,76.91
30.79,30.79,85.78,53.96,75.59
30.62,30.62,83.42,58.06,72.00
26.06,26.06,82.34,65.31,73.68
25.71,25.71,83.95,73.70,75.85
26.16,26.16,84.96,76.18,79.12
34.80,34.80,82.42,77.17,79.21
41.04,41.04,78.90,75.94,78.41
38.74,38.74,75.83,75.80,80.61
40.04,40.04,72.58,78.68,79.78
33.36,33.36,69.12,78.44,77.64
26.93,26.93,62.12,80.26,76.98
25.62,25.62,63.04,78.90,76.34
26.98,26.98,74.10,74.17,76.53
24.45,24.45,85.08,68.19,76.78
19.56,19.56,88.32,60.23,78.70
18.66,18.66,90.39,54.11,79.90
19.34,19.34,90.09,55.08,79.30
23.48,23.48,89.40,54.26,79.04
25.59,25.59,89.17,55.36,79.63
26.13,26.13,89.14,58.73,77.94
27.32,27.32,86.78,59.90,80.07
27.14,27.14,85.60,65.88,79.07
22.09,22.09,84.52,69.11,79.54
24.52,24.52,80.62,75.91,78.03
25.59,25.59,75.04,78.22,79.57
23.99,23.99,76.60,77.80,78.53
26.47,26.47,78.48,78.82,77.41
27.80,27.80,77.96,78.16,78.51
27.39,27.39,75.94,78.76,78.79
24.60,24.60,71.24,79.12,75.52
18.92,18.92,63.59,78.80,73.73
22.49,22.49,65.27,77.97,71.00
28.03,28.03,69.71,77.79,71.00
32.06,32.06,84.15,75.52,75.24
29.27,29.27,88.25,69.32,80.13
17.81,17.81,88.44,57.80,80.03
15.01,15.01,91.09,55.51,79.57
16.30,16.30,89.51,59.97,79.40
21.98,21.98,88.32,59.42,80.19
22.03,22.03,86.30,59.43,80.27
21.83,21.83,84.34,61.43,79.42
16.58,16.58,83.49,61.24,78.28
10.84,10.84,85.24,63.51,80.72
15.97,15.97,83.89,75.83,79.42
24.03,24.03,82.15,79.05,78.52
24.95,24.95,75.11,80.38,77.79
24.81,24.81,69.08,79.07,77.88
26.59,26.59,72.21,79.18,75.22
30.60,30.60,73.10,80.11,76.76
32.46,32.46,71.33,79.50,76.95
29.25,29.25,66.13,79.27,76.12
26.58,26.58,63.23,79.98,76.45
29.95,29.95,69.61,79.30,76.57
33.28,33.28,81.28,72.15,78.58
27.03,27.03,88.38,61.79,79.68
23.37,23.37,89.94,55.92,78.61
23.59,23.59,90.44,44.14,79.80
25.94,25.94,90.31,40.66,80.03
26.59,26.59,88.11,40.44,80.20
27.18,27.18,87.45,41.05,79.46
28.42,28.42,86.59,49.63,79.75
26.01,26.01,85.55,56.47,79.32
31.24,31.24,84.60,63.87,78.65
27.07,27.07,81.77,69.58,79.03
20.88,20.88,83.87,77.03,79.91
17.37,17.37,82.46,79.31,79.64
18.06,18.06,78.21,79.99,80.26
19.96,19.96,72.40,78.93,80.37
23.16,23.16,66.03,78.74,80.74
25.00,25.00,65.68,79.74,80.41
24.15,24.15,67.12,80.03,81.22
18.81,18.81,66.25,80.02,78.14
14.35,14.35,70.17,77.48,78.87
13.21,13.21,78.34,75.78,77.34
12.15,12.15,88.68,64.66,77.02
16.89,16.89,89.07,54.02,77.05
18.08,18.08,89.73,39.37,76.72
17.45,17.45,88.75,38.61,78.58
16.72,16.72,86.34,42.59,78.73
17.18,17.18,85.93,48.57,75.93
13.77,13.77,87.73,53.48,75.20
12.10,12.10,87.30,60.07,74.25
10.94,10.94,85.29,59.97,71.59
13.64,13.64,81.07,68.04,74.36
20.71,20.71,79.50,76.75,78.62
17.09,17.09,80.26,77.74,79.48
16.09,16.09,79.99,78.40,79.61
13.36,13.36,78.32,78.60,78.35
14.56,14.56,75.01,78.40,78.99
13.75,13.75,69.62,79.99,78.07
14.14,14.14,63.57,78.62,78.91
12.20,12.20,66.04,79.35,79.06
9.71,9.71,68.39,77.72,78.87
8.89,8.89,77.13,78.73,76.79
8.89,8.89,89.36,67.78,77.69
7.30,7.30,89.31,57.58,77.36
11.20,11.20,90.79,53.05,77.40
13.47,13.47,89.56,51.16,78.10
15.80,15.80,87.96,54.56,76.68
15.38,15.38,86.81,57.37,78.93
16.08,16.08,86.39,60.71,78.96
15.02,15.02,83.99,62.24,79.59
11.61,11.61,83.62,64.43,79.15
10.43,10.43,83.96,68.26,77.62
17.53,17.53,83.76,76.52,77.83
20.58,20.58,83.56,76.95,76.67
20.32,20.32,79.79,74.41,76.37
23.65,23.65,78.08,77.60,77.31
25.97,25.97,76.56,78.32,77.10
26.06,26.06,75.54,78.79,73.83
30.12,30.12,70.36,77.36,73.24
24.60,24.60,64.38,76.60,72.17
14.64,14.64,66.01,76.09,71.21
18.25,18.25,76.12,79.21,69.42
20.13,20.13,89.38,65.85,74.62
17.39,17.39,89.14,55.12,75.74
15.78,15.78,90.79,46.40,77.21
20.62,20.62,89.99,39.90,77.08
26.46,26.46,86.73,45.87,78.03
26.34,26.34,86.75,50.73,77.19
29.49,29.49,85.42,55.68,76.55
26.08,26.08,83.69,57.04,76.94
23.56,23.56,83.18,63.37,75.31
22.25,22.25,83.45,67.03,75.47
24.67,24.67,79.39,74.54,78.80
26.54,26.54,73.54,76.40,77.18
23.34,23.34,70.11,76.59,75.95
25.60,25.60,67.72,79.07,75.65
24.50,24.50,65.56,77.92,76.46
32.67,32.67,65.37,76.47,75.57
40.97,40.97,65.16,77.78,75.50
35.09,35.09,65.85,78.88,75.91
35.06,35.06,69.23,76.39,76.62
31.00,31.00,73.85,70.72,76.00
30.59,30.59,88.83,65.50,78.16
37.30,37.30,89.27,55.54,79.18
37.72,37.72,90.33,52.22,78.16
32.65,32.65,91.86,51.25,77.05
36.78,36.78,89.19,50.63,77.98
32.10,32.10,87.82,52.10,77.07
31.95,31.95,87.00,53.42,77.84
33.99,33.99,85.81,60.78,75.94
33.05,33.05,86.00,67.08,75.49
30.35,30.35,83.97,68.32,74.19
26.10,26.10,83.84,78.13,76.17
27.06,27.06,82.36,77.06,78.71
26.22,26.22,80.67,78.27,77.54
26.11,26.11,78.29,77.55,79.93
20.83,20.83,74.21,78.36,76.52
21.39,21.39,69.92,79.38,76.72
23.36,23.36,65.97,80.10,78.26
26.23,26.23,64.16,80.59,77.73
26.90,26.90,67.01,80.30,75.88
23.73,23.73,71.82,77.09,77.15
20.04,20.04,87.49,73.07,75.13
27.41,27.41,87.58,63.77,76.24
34.75,34.75,90.30,52.94,78.08
33.27,33.27,90.23,40.15,77.10
26.49,26.49,87.88,35.26,77.88
27.77,27.77,86.96,44.33,76.66
31.48,31.48,86.63,54.27,75.42
30.65,30.65,86.68,59.23,75.73
30.66,30.66,87.38,62.09,73.81
28.43,28.43,84.42,63.08,72.74
23.66,23.66,80.19,78.61,74.87
19.58,19.58,77.30,77.88,78.21
17.96,17.96,76.47,77.49,78.55
15.97,15.97,75.80,78.06,78.66
20.74,20.74,72.83,77.22,79.19
25.04,25.04,70.27,75.79,76.71
24.12,24.12,68.97,75.41,76.73
23.38,23.38,66.90,77.58,74.57
22.67,22.67,67.13,79.51,76.00
23.32,23.32,73.32,75.09,75.76
22.01,22.01,85.76,71.53,74.56
14.42,14.42,90.07,66.36,75.63
19.51,19.51,90.42,53.66,76.36
23.40,23.40,90.40,52.11,77.43
23.29,23.29,89.20,53.82,77.25
18.87,18.87,86.76,54.42,75.53
14.98,14.98,86.45,56.56,76.58
10.36,10.36,85.19,58.77,76.35
10.14,10.14,82.83,62.47,76.40
6.95,6.95,81.42,68.45,75.55
13.14,13.14,81.38,71.03,76.60
19.16,19.16,82.23,77.50,77.27
21.17,21.17,80.08,76.11,77.48
30.93,30.93,78.52,78.09,76.20
32.93,32.93,76.87,76.83,78.27
30.75,30.75,75.62,78.70,75.86
29.62,29.62,72.56,79.76,74.97
36.05,36.05,65.42,78.08,73.16
32.21,32.21,64.12,77.61,70.79
20.54,20.54,72.03,76.59,69.44
17.92,17.92,84.84,69.76,74.01
16.45,16.45,88.16,60.79,75.93
12.46,12.46,90.12,50.59,75.15
20.77,20.77,90.58,39.59,75.58
30.83,30.83,89.75,48.52,77.99
26.55,26.55,89.12,54.01,77.15
31.94,31.94,87.81,58.80,78.70
32.53,32.53,86.52,61.79,78.16
27.21,27.21,85.14,59.92,75.24
23.56,23.56,84.97,65.38,75.66
21.75,21.75,83.62,75.55,75.90
17.49,17.49,82.72,76.63,77.21
18.72,18.72,79.62,76.18,77.15
20.14,20.14,75.88,78.51,76.62
16.61,16.61,72.55,78.83,75.94
15.18,15.18,66.93,76.48,76.54
19.82,19.82,64.84,75.61,76.36
20.24,20.24,64.59,78.60,77.19
11.78,11.78,65.84,77.54,76.15
13.96,13.96,71.43,77.71,76.45
14.72,14.72,81.46,74.42,76.58
12.00,12.00,88.51,65.25,76.16
17.85,17.85,89.78,58.73,76.93
16.68,16.68,91.22,51.63,78.21
16.48,16.48,88.57,57.57,76.19
23.20,23.20,87.22,63.26,77.03
24.77,24.77,86.26,64.92,77.06
22.20,22.20,85.56,64.78,77.01
26.19,26.19,84.57,64.07,76.13
23.62,23.62,83.92,67.46,75.18
17.47,17.47,82.83,71.42,75.88
19.85,19.85,78.66,76.85,78.56
17.28,17.28,76.11,78.18,79.02
19.89,19.89,75.08,78.41,77.82
27.88,27.88,74.06,80.18,77.15
30.85,30.85,71.15,77.23,78.32
29.29,29.29,68.09,78.75,77.19
22.81,22.81,65.75,80.39,77.11
18.51,18.51,65.52,77.88,77.89
17.52,17.52,69.00,75.08,80.49
14.35,14.35,81.78,75.20,76.76
14.64,14.64,88.46,69.47,77.24
16.37,16.37,90.04,57.32,78.35
19.16,19.16,90.77,50.33,76.25
22.07,22.07,90.21,53.27,78.00
22.93,22.93,87.31,59.51,78.22
22.56,22.56,86.04,62.88,77.02
22.32,22.32,85.15,65.25,77.61
21.84,21.84,86.30,62.57,76.45
23.52,23.52,84.65,63.99,74.31
21.65,21.65,83.52,70.22,74.28
18.74,18.74,83.35,75.12,78.26
13.96,13.96,81.24,75.38,78.66
17.37,17.37,79.84,74.90,78.85
21.93,21.93,77.43,76.73,79.37
26.00,26.00,70.37,78.30,77.00
26.50,26.50,65.17,77.99,77.40
22.18,22.18,63.02,78.31,77.37
22.65,22.65,64.04,79.44,77.67
21.25,21.25,70.41,76.49,77.19
19.50,19.50,78.57,63.40,75.22
16.45,16.45,88.57,59.99,77.90
14.26,14.26,88.60,54.34,79.65
14.48,14.48,89.43,49.28,80.27
15.98,15.98,89.00,48.64,79.84
18.60,18.60,88.10,53.89,80.13
17.77,17.77,87.15,58.11,80.51
16.91,16.91,87.08,61.76,79.73
17.95,17.95,87.57,63.24,79.62
17.98,17.98,84.91,61.62,79.64
14.50,14.50,81.75,69.31,79.06
19.91,19.91,77.15,76.76,78.73
20.91,20.91,71.29,75.05,78.40
22.09,22.09,69.61,74.75,78.66
22.16,22.16,69.06,77.15,78.98
23.14,23.14,68.40,78.21,77.29
26.33,26.33,66.55,78.87,75.95
20.52,20.52,64.56,78.95,74.19
15.39,15.39,65.10,77.66,72.23
10.97,10.97,67.77,78.80,70.18
11.07,11.07,77.66,79.08,71.75
15.96,15.96,89.05,70.46,76.78
21.19,21.19,88.87,61.73,77.50
20.21,20.21,91.55,56.93,76.88
14.45,14.45,88.59,54.40,77.60
17.52,17.52,86.85,59.21,77.69
21.22,21.22,86.84,58.54,77.12
28.10,28.10,86.10,56.32,77.25
31.38,31.38,84.13,59.94,75.18
28.19,28.19,82.90,61.56,76.21
20.67,20.67,83.45,63.88,76.49
17.57,17.57,85.38,78.41,78.35
20.07,20.07,83.88,75.18,76.95
18.44,18.44,80.76,77.38,78.89
19.97,19.97,77.98,76.94,77.72
16.28,16.28,74.57,76.96,77.25
13.70,13.70,71.33,77.05,76.64
16.64,16.64,67.28,78.47,77.07
14.99,14.99,64.89,77.50,77.42
10.56,10.56,68.30,75.77,77.88
14.83,14.83,74.76,74.48,78.43
16.01,16.01,88.61,68.11,80.02
16.67,16.67,89.10,58.75,79.10
18.27,18.27,90.18,47.29,79.11
16.06,16.06,89.76,46.37,80.51
12.21,12.21,88.51,45.53,79.52
16.42,16.42,88.56,48.22,80.15
22.61,22.61,87.42,53.93,77.91
25.32,25.32,86.17,62.17,78.95
21.82,21.82,85.06,65.43,76.87
19.62,19.62,83.92,70.90,75.36
20.22,20.22,77.40,77.44,77.85
18.20,18.20,72.81,77.84,77.81
23.34,23.34,71.87,77.09,76.59
17.90,17.90,68.97,77.87,78.11
18.01,18.01,66.55,76.40,77.03
20.67,20.67,65.97,76.87,78.96
20.17,20.17,65.73,76.66,78.87
19.47,19.47,66.35,78.75,77.15
15.16,15.16,69.43,74.58,77.84
13.85,13.85,75.54,75.09,76.93
18.91,18.91,87.90,75.78,76.47
19.69,19.69,88.29,65.69,75.95
17.07,17.07,90.16,60.33,76.58
17.48,17.48,90.30,55.81,77.11
17.49,17.49,86.67,55.42,78.24
23.23,23.23,85.81,48.30,78.26
21.20,21.20,84.38,44.60,76.18
18.93,18.93,83.86,50.52,74.24
18.19,18.19,84.11,57.68,74.56
12.95,12.95,82.91,61.44,71.76
15.43,15.43,82.35,76.40,77.92
21.35,21.35,82.86,75.98,78.64
19.34,19.34,81.90,77.63,79.20
20.01,20.01,78.95,76.70,80.31
21.73,21.73,75.01,76.60,79.11
22.74,22.74,71.23,79.31,77.13
20.08,20.08,67.83,80.33,77.47
16.78,16.78,64.63,77.90,77.58
14.03,14.03,65.34,78.52,77.55
13.20,13.20,73.86,74.71,77.29
18.14,18.14,87.69,71.39,77.74
17.37,17.37,88.15,61.97,79.00
17.48,17.48,89.35,52.93,79.47
19.65,19.65,90.27,51.98,79.88
21.93,21.93,88.93,52.61,80.19
25.02,25.02,88.17,51.87,81.10
23.43,23.43,87.55,54.97,80.72
20.88,20.88,87.83,59.41,80.46
18.93,18.93,86.61,63.76,79.39
20.46,20.46,83.69,69.47,79.03
27.69,27.69,78.57,78.84,77.98
35.10,35.10,73.84,79.28,79.59
36.59,36.59,74.95,78.45,79.81
37.97,37.97,76.59,78.21,78.49
34.89,34.89,75.98,78.83,78.73
32.47,32.47,73.72,78.85,79.17
29.76,29.76,69.14,78.77,76.83
28.61,28.61,64.08,79.27,74.64
26.05,26.05,65.04,79.31,72.51
15.74,15.74,68.58,77.84,70.96
8.15,8.15,85.08,75.12,77.31
9.77,9.77,87.66,70.55,79.64
16.78,16.78,88.97,56.89,79.20
18.52,18.52,89.91,48.58,78.01
16.74,16.74,89.09,52.02,78.93
17.53,17.53,88.38,57.35,78.28
20.94,20.94,87.62,60.97,78.79
22.26,22.26,86.81,62.96,79.59
17.89,17.89,83.41,61.75,78.56
17.39,17.39,82.66,63.76,79.87
23.30,23.30,84.12,75.14,78.87
22.23,22.23,82.86,78.49,78.59
20.32,20.32,78.48,79.67,78.62
20.80,20.80,70.11,79.47,78.32
23.01,23.01,66.78,79.60,77.82
26.28,26.28,68.59,79.46,76.72
31.23,31.23,69.01,80.41,75.58
31.58,31.58,67.43,80.04,76.29
25.26,25.26,66.26,79.35,77.14
21.08,21.08,73.05,76.89,78.99
15.47,15.47,84.22,69.29,78.18
15.02,15.02,88.18,63.08,78.80
15.41,15.41,90.24,54.31,79.39
21.96,21.96,90.28,46.53,81.63
32.59,32.59,87.98,52.03,78.48
32.20,32.20,88.50,59.34,78.76
27.93,27.93,87.91,62.04,79.07
25.75,25.75,86.66,61.06,79.26
20.00,20.00,85.53,58.89,80.21
17.95,17.95,83.41,64.65,78.70
20.51,20.51,83.41,72.02,77.81
21.45,21.45,81.74,76.79,80.16
23.78,23.78,81.39,77.68,80.35
23.64,23.64,79.64,78.44,80.74
24.64,24.64,75.11,78.37,80.95
31.83,31.83,68.98,79.49,80.11
36.16,36.16,64.88,80.53,80.57
31.93,31.93,67.72,79.45,80.25
22.26,22.26,68.36,79.66,77.31
25.53,25.53,71.86,77.14,77.61
29.47,29.47,83.23,71.64,77.69
26.99,26.99,88.18,64.59,77.18
19.95,19.95,89.37,58.79,75.22
16.31,16.31,90.22,46.52,76.66
18.80,18.80,88.40,44.05,79.38
20.52,20.52,86.29,44.23,79.77
18.92,18.92,85.05,47.62,78.03
21.03,21.03,84.63,54.81,75.78
17.19,17.19,85.88,62.64,74.62
10.92,10.92,85.84,63.89,74.28
12.19,12.19,81.09,76.39,76.14
23.20,23.20,74.02,78.86,79.93
28.20,28.20,74.59,76.67,79.16
27.15,27.15,78.24,78.29,80.77
21.22,21.22,77.37,79.21,76.84
15.07,15.07,73.61,79.48,77.64
18.55,18.55,67.98,79.33,78.04
16.46,16.46,64.54,79.25,78.30
20.73,20.73,65.21,78.37,77.72
13.81,13.81,69.24,78.30,76.85
12.32,12.32,80.49,76.66,75.31
13.25,13.25,88.46,69.54,77.46
14.30,14.30,89.58,64.60,78.31
20.81,20.81,90.41,58.14,77.63
27.18,27.18,90.68,58.18,78.59
17.97,17.97,88.37,59.07,76.44
19.12,19.12,86.77,60.30,79.02
18.46,18.46,84.58,60.93,76.99
16.18,16.18,84.89,59.16,78.77
23.39,23.39,84.47,59.50,78.27
12.98,12.98,83.42,66.73,76.79
20.52,20.52,86.75,71.98,76.32
13.70,13.70,86.87,74.02,76.14
15.05,15.05,89.34,75.11,76.31
18.69,18.69,87.88,76.26,76.87
18.03,18.03,85.95,76.94,77.35
17.42,17.42,87.04,77.55,75.28
16.88,16.88,87.70,78.10,73.49
12.50,12.50,87.42,78.49,72.02
9.88,9.88,84.19,77.11,69.75
12.34,12.34,82.22,68.04,72.33
14.90,14.90,89.29,64.95,75.39
16.45,16.45,88.43,60.35,77.33
19.66,19.66,90.08,54.26,77.51
25.21,25.21,90.11,54.60,76.64
26.30,26.30,88.15,57.90,78.21
27.40,27.40,88.06,58.00,76.25
34.39,34.39,87.85,53.39,78.11
26.70,26.70,87.51,55.73,76.80
17.64,17.64,84.02,60.99,75.92
15.11,15.11,82.57,64.36,75.95
21.71,21.71,87.50,72.48,76.80
14.93,14.93,87.95,73.99,75.79
18.02,18.02,88.39,74.68,77.72
18.18,18.18,86.87,76.78,76.78
22.77,22.77,83.63,78.39,75.65
21.25,21.25,83.14,79.11,75.22
21.32,21.32,85.21,77.97,76.76
19.68,19.68,85.04,77.70,78.38
25.80,25.80,86.02,77.48,75.31
27.72,27.72,86.28,79.43,78.40
26.81,26.81,83.15,73.82,79.44
24.17,24.17,82.75,75.11,79.96
22.12,22.12,82.62,74.73,82.53
17.84,17.84,84.34,73.54,81.20
15.60,15.60,85.00,73.34,78.53
14.87,14.87,87.00,68.74,75.73
13.00,13.00,87.15,63.50,76.75
18.20,18.20,90.44,57.50,78.35
15.59,15.59,86.95,56.96,77.21
16.85,16.85,86.96,66.97,77.44
21.53,21.53,88.41,73.31,78.07
23.83,23.83,87.49,77.30,78.34
22.26,22.26,83.46,79.49,78.95
23.82,23.82,76.73,79.17,76.43
27.99,27.99,77.16,78.32,77.07
24.80,24.80,87.35,79.54,76.32
17.04,17.04,87.74,80.09,76.60
18.88,18.88,88.19,77.42,78.24
21.59,21.59,87.39,77.20,79.32
18.32,18.32,87.39,74.17,78.14
19.62,19.62,88.34,66.89,80.19
18.43,18.43,88.66,62.24,79.25
20.08,20.08,89.37,51.70,78.87
18.29,18.29,89.45,49.60,78.50
21.35,21.35,88.23,55.79,78.45
23.54,23.54,87.47,59.24,78.22
26.98,26.98,84.92,58.84,76.16
24.59,24.59,83.43,53.39,75.92
17.57,17.57,83.70,52.43,73.07
11.65,11.65,83.70,63.91,72.69
11.61,11.61,88.29,73.97,77.65
18.59,18.59,87.98,75.85,77.94
20.89,20.89,89.81,74.41,77.62
20.91,20.91,90.34,74.91,78.06
20.39,20.39,88.35,75.98,79.21
18.49,18.49,88.20,76.42,77.70
19.18,19.18,88.13,76.46,77.23
17.64,17.64,87.25,77.60,77.15
16.85,16.85,85.30,79.07,77.54
16.18,16.18,80.77,76.39,76.02
12.72,12.72,87.30,68.13,76.59
14.54,14.54,88.78,65.76,77.98
15.06,15.06,89.57,55.79,79.06
20.58,20.58,90.70,55.76,76.77
21.79,21.79,89.40,60.21,76.83
24.29,24.29,87.20,61.00,79.55
19.10,19.10,86.69,55.72,78.40
16.06,16.06,85.72,52.59,79.61
16.56,16.56,84.65,51.01,79.58
17.02,17.02,82.98,45.38,78.66
14.60,14.60,80.81,41.59,77.12
17.06,17.06,80.91,47.49,79.61
22.01,22.01,80.34,52.26,80.37
16.38,16.38,79.13,56.05,78.32
16.86,16.86,76.52,59.08,77.81
13.90,13.90,75.25,62.05,78.86
11.76,11.76,73.58,64.39,78.23
11.40,11.40,72.04,65.24,77.77
14.17,14.17,71.43,64.21,78.42
13.15,13.15,70.45,61.42,76.23
11.56,11.56,71.78,57.27,77.69
14.55,14.55,74.68,52.85,79.45
12.08,12.08,75.18,46.85,79.54
12.92,12.92,74.59,36.74,79.90
18.78,18.78,72.87,32.17,81.39
27.75,27.75,69.04,40.53,82.28
28.95,28.95,64.57,35.19,81.23
29.38,29.38,62.90,31.72,79.28
14.77,14.77,64.53,30.72,80.42
8.28,8.28,67.06,25.31,78.35
14.00,14.00,73.58,22.32,81.49
16.51,16.51,76.76,9.43,80.82
15.81,15.81,75.26,16.61,77.98
14.95,14.95,73.18,27.91,78.83
13.17,13.17,70.89,34.94,77.94
13.09,13.09,68.13,31.65,76.07
14.79,14.79,64.83,21.99,80.33
17.47,17.47,65.37,19.60,79.82
13.30,13.30,63.89,16.63,78.18
10.01,10.01,63.09,8.36,79.79
12.53,12.53,72.92,8.50,78.71
17.41,17.41,77.49,3.75,77.68
15.67,15.67,74.21,14.03,79.71
17.65,17.65,72.45,18.85,78.69
18.85,18.85,69.58,23.86,79.89
20.41,20.41,62.35,29.85,79.61
22.25,22.25,57.43,25.66,77.98
23.95,23.95,55.47,22.92,79.36
25.13,25.13,54.65,25.35,79.60
18.74,18.74,56.59,24.96,78.20
15.70,15.70,63.91,26.29,79.34
15.38,15.38,69.25,16.73,81.63
19.94,19.94,69.49,23.24,80.86
19.48,19.48,68.37,32.27,80.83
16.17,16.17,68.64,25.01,80.87
17.15,17.15,68.87,17.29,80.90
18.91,18.91,68.00,6.87,80.84
21.76,21.76,66.35,1.52,81.07
18.03,18.03,68.43,1.78,79.29
14.53,14.53,70.15,16.54,78.02
14.43,14.43,83.41,30.17,76.42
17.80,17.80,88.34,47.25,79.40
12.85,12.85,90.32,56.27,80.27
19.23,19.23,90.42,60.10,79.74
18.75,18.75,88.04,61.53,80.72
25.15,25.15,88.42,61.23,80.24
25.43,25.43,86.74,61.93,80.20
23.60,23.60,85.85,59.95,78.45
22.45,22.45,84.21,58.46,78.12
19.54,19.54,84.63,56.06,78.07
19.09,19.09,83.90,57.54,76.75
20.63,20.63,81.59,59.84,79.28
23.43,23.43,78.97,61.58,79.48
25.01,25.01,76.91,63.55,82.22
26.84,26.84,74.66,63.43,81.79
22.74,22.74,73.44,64.76,82.48
20.81,20.81,71.66,62.62,79.77
19.15,19.15,69.66,63.95,79.97
20.35,20.35,70.42,61.94,80.56
15.51,15.51,72.47,54.86,77.64
12.13,12.13,81.70,33.59,79.71
15.06,15.06,89.25,27.44,75.55
15.65,15.65,89.28,30.80,78.41
17.55,17.55,91.24,26.79,76.76
19.63,19.63,89.33,29.17,77.63
17.10,17.10,87.76,42.57,77.18
22.26,22.26,86.84,52.95,75.70
23.13,23.13,85.84,58.36,77.22
22.45,22.45,85.21,65.69,77.11
19.79,19.79,85.08,70.29,77.19
21.63,21.63,80.97,75.97,77.33
28.52,28.52,76.39,79.47,79.40
21.76,21.76,72.91,80.44,78.75
23.15,23.15,70.13,78.95,79.01
22.92,22.92,69.92,78.80,77.97
21.87,21.87,67.95,75.66,74.84
22.53,22.53,67.25,75.68,76.79
17.96,17.96,66.89,77.38,75.36
11.40,11.40,68.16,75.67,72.78
9.94,9.94,69.60,74.07,71.50
9.50,9.50,81.74,75.26,73.94
18.45,18.45,88.54,66.52,79.33
22.68,22.68,89.90,57.42,78.34
21.50,21.50,89.48,45.04,78.75
19.73,19.73,88.97,25.43,79.87
22.61,22.61,86.21,24.13,78.78
22.95,22.95,85.14,28.93,77.48
24.21,24.21,84.82,39.90,77.22
24.69,24.69,84.98,51.04,77.42
22.23,22.23,84.12,62.11,78.31
17.02,17.02,81.16,70.16,77.39
21.13,21.13,83.29,79.59,77.70
24.31,24.31,83.12,79.33,77.98
24.06,24.06,79.69,78.84,78.26
26.69,26.69,76.97,80.44,77.24
25.03,25.03,74.43,79.77,76.08
25.35,25.35,71.55,80.08,76.34
28.64,28.64,68.43,80.28,77.93
26.01,26.01,65.87,79.45,77.63
22.01,22.01,70.22,76.53,78.09
22.00,22.00,79.45,73.85,78.02
24.28,24.28,88.66,67.41,77.33
29.78,29.78,90.56,60.58,77.72
33.54,33.54,89.99,47.28,78.28
37.45,37.45,90.44,43.76,78.54
29.73,29.73,88.86,50.06,78.62
29.36,29.36,88.26,57.82,77.39
29.42,29.42,88.71,63.61,77.63
26.45,26.45,87.18,65.69,76.38
23.42,23.42,85.33,69.11,77.94
17.67,17.67,83.91,73.07,76.79
22.19,22.19,80.87,78.17,79.98
23.98,23.98,79.67,75.19,79.62
25.16,25.16,78.72,76.55,77.69
27.02,27.02,75.32,76.77,77.39
28.36,28.36,70.03,76.66,77.88
28.83,28.83,65.70,76.18,77.65
28.93,28.93,63.89,75.69,78.94
27.58,27.58,66.17,77.34,76.98
28.23,28.23,70.05,75.73,79.33
23.35,23.35,76.58,74.11,77.93
18.18,18.18,88.95,69.31,77.15
16.86,16.86,88.65,59.68,76.90
20.85,20.85,91.21,55.01,77.42
24.77,24.77,87.61,53.50,78.72
22.98,22.98,87.18,59.18,78.82
27.81,27.81,87.28,65.25,78.01
24.88,24.88,87.64,68.09,77.31
21.04,21.04,85.22,68.37,74.91
20.86,20.86,83.80,67.03,73.41
24.79,24.79,82.56,69.91,76.48
25.85,25.85,82.70,74.95,78.92
27.15,27.15,79.27,75.65,78.20
31.65,31.65,77.38,76.04,80.31
30.48,30.48,75.15,78.25,78.52
28.80,28.80,73.42,76.35,79.60
25.34,25.34,69.56,76.67,77.77
19.40,19.40,65.61,77.22,77.13
18.79,18.79,64.15,78.42,77.31
19.21,19.21,67.77,77.96,76.63
19.60,19.60,74.90,75.60,76.67
25.02,25.02,89.93,67.54,77.28
21.77,21.77,89.39,60.89,77.26
24.75,24.75,90.96,56.13,75.88
28.27,28.27,90.95,54.04,78.29
27.12,27.12,88.60,56.90,77.84
28.03,28.03,87.31,60.54,77.82
30.06,30.06,86.13,61.19,77.80
29.82,29.82,85.19,63.22,77.78
24.17,24.17,84.79,63.67,77.17
25.48,25.48,84.71,71.44,76.73
24.57,24.57,82.51,79.52,80.04
24.23,24.23,77.69,79.69,78.97
22.61,22.61,70.72,78.12,79.70
24.81,24.81,72.36,76.65,78.84
22.83,22.83,73.18,77.02,77.92
21.81,21.81,70.87,79.49,77.29
17.64,17.64,66.78,81.37,75.20
20.03,20.03,62.43,80.18,73.15
24.02,24.02,63.71,80.33,71.89
21.00,21.00,73.70,78.12,70.60
16.02,16.02,87.82,68.32,77.92
9.19,9.19,89.05,62.79,78.23
12.07,12.07,90.02,56.10,78.64
19.36,19.36,90.66,53.30,80.45
23.05,23.05,88.07,53.12,80.41
26.02,26.02,87.34,52.44,78.86
31.28,31.28,87.61,51.27,78.50
31.94,31.94,86.76,56.40,78.53
30.58,30.58,85.41,62.60,78.47
23.50,23.50,83.32,66.11,78.20
21.97,21.97,82.82,78.04,78.57
23.38,23.38,82.57,81.08,78.93
21.24,21.24,80.07,81.06,78.72
24.62,24.62,75.44,81.21,77.38
20.78,20.78,66.43,81.25,78.05
22.25,22.25,61.84,80.62,77.46
30.33,30.33,66.14,80.11,76.98
33.16,33.16,65.88,80.24,78.08
22.68,22.68,65.41,80.05,77.33
20.04,20.04,75.78,75.70,76.06
16.20,16.20,85.92,72.25,77.27
19.54,19.54,87.45,64.10,77.70
15.51,15.51,90.67,50.35,77.44
23.45,23.45,89.92,43.75,78.28
22.54,22.54,87.12,41.38,77.99
22.52,22.52,86.05,50.04,78.62
22.23,22.23,86.30,56.25,77.90
24.57,24.57,88.00,56.18,77.53
21.48,21.48,86.46,61.63,79.00
19.44,19.44,83.85,63.70,76.50
22.80,22.80,78.35,74.39,79.16
24.04,24.04,78.64,80.03,79.39
24.82,24.82,79.02,80.99,78.20
29.22,29.22,79.00,81.18,79.35
30.77,30.77,76.43,80.44,78.07
30.38,30.38,70.49,79.89,76.99
28.43,28.43,62.49,80.68,77.38
26.09,26.09,64.70,79.93,77.21
24.23,24.23,67.03,79.16,79.19
14.20,14.20,72.94,76.12,78.03
14.83,14.83,86.09,72.84,76.07
16.92,16.92,89.73,64.73,76.09
15.22,15.22,89.93,53.71,77.35
20.88,20.88,88.99,51.79,77.30
22.43,22.43,88.70,59.37,78.55
22.90,22.90,86.07,64.00,79.04
26.86,26.86,86.31,65.73,77.63
35.09,35.09,85.19,66.43,75.43
33.36,33.36,83.76,69.20,75.48
26.92,26.92,83.77,71.67,74.30
18.01,18.01,82.23,78.92,77.01
17.69,17.69,77.26,78.57,78.80
16.12,16.12,70.39,78.46,77.56
23.23,23.23,72.91,78.11,78.29
27.14,27.14,75.99,78.83,77.01
20.19,20.19,75.03,77.64,77.33
18.80,18.80,72.04,79.23,78.76
16.47,16.47,63.65,79.50,79.35
14.74,14.74,63.43,78.61,79.28
15.66,15.66,68.95,74.58,77.59
13.99,13.99,84.59,72.95,76.12
13.41,13.41,88.84,62.27,76.81
9.80,9.80,90.31,53.88,76.95
14.87,14.87,91.37,48.85,78.03
16.97,16.97,88.32,46.91,76.91
14.84,14.84,89.76,49.03,76.33
18.57,18.57,88.76,54.75,77.30
22.17,22.17,86.15,56.62,78.33
17.98,17.98,82.84,62.63,77.92
22.12,22.12,81.53,63.87,77.71
20.79,20.79,84.49,75.17,77.87
21.34,21.34,83.47,77.64,78.93
20.81,20.81,79.94,80.09,77.88
15.13,15.13,76.97,80.59,77.60
25.86,25.86,74.30,78.41,77.01
27.82,27.82,68.32,79.25,77.12
27.19,27.19,64.20,78.44,75.42
25.41,25.41,63.04,80.61,73.82
18.82,18.82,63.99,77.02,72.94
9.49,9.49,69.84,73.80,72.28
10.17,10.17,83.64,78.71,74.09
14.90,14.90,90.06,64.53,77.24
23.11,23.11,89.27,56.61,77.62
14.04,14.04,90.96,47.64,78.13
19.97,19.97,88.59,46.91,78.06
23.03,23.03,88.08,52.00,77.58
24.48,24.48,87.61,57.49,78.29
22.79,22.79,86.93,57.96,75.77
21.70,21.70,86.09,63.03,78.20
18.34,18.34,86.80,65.75,77.59
13.96,13.96,83.43,76.22,77.03
20.86,20.86,80.63,78.07,78.96
24.16,24.16,79.61,76.26,79.22
19.73,19.73,78.91,77.56,77.78
19.82,19.82,77.93,78.68,77.29
19.81,19.81,76.25,80.03,77.15
17.30,17.30,72.06,78.99,77.36
16.65,16.65,67.28,80.87,77.27
15.28,15.28,63.74,79.22,78.99
16.29,16.29,71.38,79.63,76.87
14.31,14.31,81.00,71.77,77.09
14.86,14.86,87.83,69.40,75.64
13.38,13.38,90.33,60.22,76.25
20.36,20.36,91.06,54.67,77.27
21.51,21.51,89.34,50.36,77.31
25.35,25.35,85.91,54.27,78.60
22.07,22.07,86.12,52.46,78.93
23.41,23.41,84.72,57.31,77.06
20.03,20.03,85.09,62.65,77.27
13.44,13.44,83.49,66.92,77.13
12.19,12.19,80.21,72.21,76.39
19.35,19.35,79.14,78.92,80.36
13.82,13.82,75.10,79.16,78.40
18.06,18.06,69.82,75.93,78.14
14.98,14.98,64.57,77.72,80.72
16.81,16.81,63.16,76.09,77.79
16.19,16.19,62.19,77.94,78.66
14.50,14.50,62.31,79.22,76.98
20.73,20.73,65.49,79.19,76.72
14.19,14.19,71.51,76.53,78.25
18.90,18.90,77.39,62.47,78.59
17.17,17.17,88.65,57.78,76.40
16.37,16.37,88.97,48.00,77.84
20.10,20.10,90.00,46.13,77.09
15.58,15.58,89.92,41.99,77.45
19.85,19.85,88.22,40.96,79.23
20.50,20.50,87.82,44.33,78.51
19.17,19.17,88.85,56.28,76.50
17.89,17.89,87.15,59.49,76.02
12.71,12.71,84.82,58.87,74.91
13.41,13.41,83.98,67.84,77.00
19.71,19.71,84.08,75.71,80.33
18.41,18.41,84.52,77.26,79.17
16.55,16.55,80.94,76.89,78.77
19.04,19.04,77.82,78.03,79.01
18.33,18.33,75.31,77.71,77.46
15.86,15.86,73.38,78.31,75.91
16.02,16.02,67.80,76.06,76.52
13.57,13.57,63.45,74.20,74.45
7.88,7.88,70.19,77.26,75.33
10.08,10.08,78.98,76.93,74.73
10.69,10.69,89.02,64.49,77.03
14.51,14.51,88.77,55.66,74.87
13.81,13.81,92.68,51.49,77.00
17.03,17.03,88.19,57.37,78.03
14.29,14.29,86.70,58.77,75.73
13.25,13.25,87.06,63.20,75.49
18.89,18.89,87.49,66.40,77.12
21.43,21.43,85.61,65.50,77.16
16.86,16.86,84.27,66.59,77.17
17.90,17.90,82.57,68.42,75.78
22.25,22.25,78.05,75.09,78.85
24.57,24.57,71.49,78.46,78.45
24.05,24.05,69.12,76.82,79.75
23.73,23.73,70.08,76.45,78.87
24.99,24.99,70.18,77.00,77.54
26.83,26.83,68.87,77.25,77.18
25.04,25.04,67.15,78.01,74.32
20.66,20.66,65.13,79.21,73.57
15.36,15.36,65.12,79.34,70.42
13.23,13.23,74.91,75.47,72.68
20.75,20.75,88.36,66.42,76.85
18.10,18.10,88.58,61.52,76.86
17.39,17.39,90.72,51.35,77.55
24.44,24.44,90.32,48.17,80.03
22.09,22.09,86.23,46.35,79.19
24.63,24.63,86.68,48.47,75.99
26.02,26.02,85.88,54.48,77.14
26.20,26.20,84.43,62.97,75.83
27.15,27.15,83.53,67.09,75.73
21.29,21.29,84.54,65.48,77.17
21.97,21.97,84.45,75.27,78.29
25.34,25.34,83.29,74.65,79.24
24.15,24.15,81.49,75.63,79.24
19.86,19.86,79.88,73.63,78.47
19.35,19.35,77.48,76.92,77.48
20.37,20.37,72.50,76.15,76.60
15.99,15.99,66.78,76.20,79.02
14.92,14.92,63.77,75.58,77.35
15.94,15.94,68.74,77.28,78.83
15.32,15.32,74.95,72.36,78.19
20.83,20.83,88.18,69.46,79.35
19.34,19.34,88.79,57.99,77.32
18.49,18.49,89.69,50.22,78.19
17.31,17.31,91.95,50.10,77.75
21.12,21.12,89.55,52.27,76.21
19.74,19.74,88.11,56.84,76.99
21.21,21.21,86.82,58.13,77.27
17.19,17.19,86.66,57.61,76.82
18.48,18.48,87.03,64.93,78.05
19.49,19.49,84.42,71.32,76.77
16.86,16.86,78.49,76.68,79.66
24.15,24.15,76.13,78.78,79.47
22.11,22.11,72.61,77.82,79.57
17.13,17.13,67.28,77.32,79.48
18.24,18.24,63.73,75.79,78.14
19.34,19.34,62.76,77.04,78.89
19.21,19.21,62.50,75.76,79.23
20.20,20.20,66.03,77.92,78.79
15.99,15.99,67.74,78.46,76.65
17.67,17.67,74.53,75.50,77.67
15.43,15.43,88.05,72.49,76.98
18.87,18.87,88.15,62.45,75.63
16.75,16.75,91.12,54.67,77.19
19.28,19.28,90.04,42.69,78.47
17.82,17.82,87.29,44.42,79.44
18.12,18.12,86.65,50.31,77.49
17.06,17.06,85.28,54.39,76.96
18.04,18.04,85.70,57.65,75.96
15.73,15.73,84.65,58.02,76.01
11.46,11.46,81.90,66.04,73.58
16.27,16.27,81.83,73.54,78.03
17.57,17.57,83.60,79.04,80.12
17.91,17.91,81.37,77.62,79.85
20.19,20.19,78.60,78.79,78.86
19.45,19.45,76.15,78.96,79.78
20.70,20.70,73.69,79.99,78.08
21.08,21.08,71.25,80.91,77.46
21.30,21.30,63.90,81.28,78.18
19.77,19.77,65.79,79.22,77.84
21.31,21.31,76.14,76.29,77.54
17.97,17.97,84.97,66.92,76.78
11.81,11.81,89.99,59.99,77.96
11.27,11.27,90.48,53.84,77.65
14.06,14.06,90.16,50.31,79.11
17.05,17.05,89.46,54.43,77.49
21.54,21.54,88.42,61.79,76.59
24.46,24.46,88.93,66.59,78.57
21.12,21.12,86.93,67.98,78.24
22.78,22.78,85.21,67.52,78.57
16.66,16.66,84.15,64.15,77.26
19.02,19.02,82.31,77.33,77.71
18.69,18.69,80.56,78.21,80.03
17.23,17.23,79.71,78.48,78.89
20.40,20.40,75.51,78.22,78.16
23.27,23.27,72.36,78.19,79.34
22.41,22.41,67.73,77.09,78.36
17.07,17.07,63.65,78.02,75.06
13.36,13.36,62.89,79.16,74.64
9.92,9.92,65.93,78.89,72.55
6.42,6.42,72.21,75.49,71.58
16.04,16.04,84.21,72.62,74.66
17.32,17.32,88.76,62.94,78.72
21.13,21.13,89.86,53.27,78.74
17.91,17.91,90.44,49.33,78.67
21.97,21.97,86.62,52.50,79.61
24.08,24.08,87.06,53.78,78.91
27.18,27.18,87.35,62.95,80.41
24.90,24.90,84.95,66.00,78.62
21.56,21.56,83.97,64.99,79.16
20.03,20.03,82.96,66.92,76.90
21.16,21.16,83.31,74.27,78.27
24.50,24.50,80.21,78.16,78.89
18.99,18.99,78.93,75.96,78.43
18.52,18.52,79.01,76.15,77.57
18.66,18.66,77.71,74.81,77.10
20.22,20.22,74.71,77.09,76.17
21.51,21.51,71.82,75.47,77.06
28.20,28.20,70.80,77.82,76.74
29.19,29.19,66.69,78.10,77.87
24.37,24.37,71.81,73.50,77.69
20.84,20.84,83.04,69.92,77.93
21.98,21.98,89.59,61.90,78.63
15.71,15.71,88.65,55.03,78.35
22.01,22.01,91.36,47.66,78.51
25.61,25.61,90.00,52.29,78.23
29.89,29.89,87.49,57.63,77.74
33.18,33.18,86.19,61.63,77.98
38.60,38.60,85.36,63.06,77.06
30.76,30.76,84.90,66.21,76.96
27.88,27.88,85.52,65.91,77.47
23.70,23.70,83.40,70.47,77.11
24.81,24.81,83.11,75.77,79.45
23.15,23.15,80.87,74.61,78.73
25.39,25.39,78.44,75.94,77.94
31.39,31.39,76.80,76.64,79.52
31.66,31.66,72.78,76.38,78.00
30.17,30.17,68.36,76.75,78.89
33.11,33.11,65.45,75.22,79.22
33.00,33.00,67.79,75.75,78.11
39.43,39.43,72.93,72.57,80.75
26.26,26.26,79.15,63.93,80.27
23.61,23.61,88.73,62.10,77.85
20.62,20.62,89.19,52.64,77.55
20.33,20.33,89.93,51.31,76.96
19.55,19.55,89.47,55.99,77.32
20.06,20.06,87.80,57.73,78.39
18.91,18.91,86.98,63.57,77.27
21.55,21.55,86.65,67.23,76.54
20.71,20.71,86.71,67.82,77.05
20.18,20.18,85.97,68.29,75.70
19.45,19.45,81.37,71.20,75.96
26.14,26.14,77.12,76.13,80.28
27.42,27.42,73.73,77.24,78.26
23.16,23.16,72.29,75.97,78.77
30.17,30.17,72.18,76.68,78.58
24.76,24.76,70.87,76.62,77.59
19.80,19.80,68.74,75.94,76.74
19.87,19.87,66.47,78.72,76.62
17.49,17.49,66.08,80.47,76.93
11.14,11.14,70.65,78.67,74.82
11.11,11.11,80.63,74.85,75.40
14.45,14.45,89.45,66.72,77.11
14.82,14.82,89.09,55.60,76.50
17.49,17.49,91.01,56.06,76.74
21.46,21.46,89.77,59.72,77.38
25.08,25.08,86.81,56.68,77.80
26.29,26.29,85.79,58.52,77.93
21.38,21.38,86.51,67.06,77.82
19.84,19.84,84.67,70.79,77.18
15.35,15.35,83.01,69.27,76.64
15.17,15.17,83.18,68.04,75.22
24.01,24.01,83.28,77.38,78.75
21.50,21.50,80.43,80.08,77.74
26.86,26.86,73.49,80.15,79.23
31.48,31.48,68.61,78.28,77.67
33.58,33.58,70.02,78.79,76.72
32.68,32.68,68.88,78.07,77.85
29.24,29.24,65.61,80.40,75.41
26.79,26.79,63.18,78.69,74.74
19.83,19.83,69.69,78.34,70.87
10.55,10.55,78.32,73.71,72.28
15.46,15.46,88.74,64.57,77.77
17.13,17.13,88.36,61.11,78.03
16.90,16.90,91.16,53.85,79.41
22.62,22.62,88.62,53.82,78.53
21.84,21.84,88.27,57.94,79.68
20.47,20.47,88.82,58.27,78.63
21.37,21.37,87.82,58.86,78.06
22.94,22.94,86.41,64.69,77.94
20.00,20.00,84.04,65.59,77.59
13.54,13.54,82.65,68.65,78.09
22.26,22.26,83.96,76.42,79.58
20.60,20.60,82.38,79.33,78.88
24.07,24.07,80.63,78.75,77.99
23.79,23.79,77.14,76.85,79.94
21.54,21.54,71.40,79.27,77.47
23.41,23.41,64.29,79.69,77.75
29.93,29.93,64.74,78.71,78.21
27.43,27.43,68.50,78.60,80.47
31.22,31.22,68.69,78.78,79.00
23.88,23.88,78.01,75.00,78.91
15.40,15.40,89.92,68.96,76.11
11.36,11.36,89.01,56.98,77.20
14.79,14.79,90.38,49.72,77.45
20.30,20.30,89.71,48.36,76.58
29.15,29.15,86.92,55.11,76.87
29.40,29.40,85.92,60.06,78.69
24.82,24.82,84.91,60.48,77.68
23.87,23.87,85.21,62.97,77.35
23.07,23.07,85.33,64.68,77.35
22.43,22.43,83.94,74.55,76.31
25.69,25.69,76.05,78.87,79.19
27.38,27.38,72.29,78.92,78.81
20.39,20.39,76.78,79.49,79.11
21.28,21.28,77.64,80.66,77.62
30.32,30.32,74.80,80.96,76.38
31.64,31.64,69.19,80.13,77.46
29.52,29.52,64.07,79.28,77.60
30.49,30.49,67.07,79.74,77.10
26.60,26.60,66.99,79.91,77.60
23.70,23.70,72.87,78.80,78.33
20.20,20.20,88.19,70.19,78.31
20.02,20.02,87.58,66.56,79.46
22.50,22.50,89.01,54.68,78.04
22.85,22.85,91.26,50.46,77.09
22.27,22.27,89.12,45.56,77.30
20.49,20.49,87.87,49.46,75.94
24.13,24.13,85.73,58.13,76.60
23.16,23.16,83.99,64.18,77.02
23.39,23.39,85.03,61.25,75.96
21.62,21.62,83.84,67.70,74.91
22.71,22.71,83.43,79.60,78.11
18.87,18.87,80.36,80.95,79.56
20.25,20.25,73.96,82.21,78.52
23.33,23.33,68.72,80.12,78.91
19.42,19.42,69.61,77.73,77.17
22.65,22.65,70.05,79.87,78.00
22.84,22.84,67.60,80.28,78.02
18.36,18.36,66.74,79.68,79.14
9.32,9.32,66.62,78.56,77.96
14.54,14.54,72.51,75.86,79.59
15.04,15.04,86.86,66.58,78.15
18.92,18.92,88.47,62.30,78.34
20.34,20.34,90.37,58.47,79.61
22.13,22.13,91.52,58.38,77.22
26.95,26.95,89.18,60.05,78.18
29.01,29.01,87.65,61.33,79.54
28.63,28.63,87.49,57.70,77.61
26.45,26.45,87.67,60.99,78.95
22.86,22.86,85.78,66.53,79.73
19.91,19.91,81.81,66.70,77.83
19.53,19.53,82.47,72.23,78.52
25.11,25.11,83.44,75.70,80.20
27.32,27.32,81.47,74.75,78.71
31.26,31.26,77.17,76.62,76.82
30.38,30.38,69.78,78.21,78.26
32.20,32.20,64.42,76.51,79.60
29.64,29.64,66.50,75.65,75.78
31.49,31.49,67.98,79.37,75.32
28.02,28.02,63.29,78.83,74.32
17.37,17.37,72.90,73.24,71.70
13.44,13.44,85.59,71.05,75.26
14.90,14.90,88.46,66.41,75.88
23.16,23.16,89.89,53.39,78.23
20.44,20.44,88.51,45.81,76.28
22.61,22.61,87.13,44.39,77.76
23.86,23.86,86.33,49.08,77.75
25.09,25.09,87.44,56.21,77.44
25.89,25.89,86.41,62.33,76.79
24.35,24.35,85.93,62.91,77.17
26.26,26.26,84.11,64.83,75.48
24.57,24.57,79.32,76.80,77.09
24.52,24.52,75.20,79.51,77.14
23.58,23.58,76.33,78.31,77.52
22.73,22.73,76.76,79.82,77.68
19.53,19.53,74.19,80.02,76.59
17.04,17.04,70.39,79.56,76.12
19.04,19.04,66.77,78.16,76.94
22.31,22.31,67.57,79.11,76.48
22.12,22.12,68.66,79.71,76.56
17.03,17.03,72.49,78.22,78.24
18.28,18.28,83.89,73.84,78.29
18.14,18.14,88.98,68.76,78.44
21.62,21.62,89.99,62.80,78.11
23.66,23.66,90.35,63.47,77.88
24.32,24.32,88.55,66.78,77.96
26.02,26.02,88.47,69.99,79.18
29.23,29.23,86.86,70.82,78.36
27.22,27.22,83.67,68.70,77.59
31.24,31.24,83.28,67.55,78.40
32.30,32.30,83.96,69.51,76.88
33.27,33.27,83.50,77.33,78.43
30.14,30.14,80.51,77.67,79.05
27.22,27.22,72.68,77.14,78.01
26.83,26.83,70.89,74.91,80.02
25.40,25.40,72.84,77.82,78.25
30.01,30.01,71.46,79.97,77.44
27.87,27.87,70.03,78.44,78.80
24.34,24.34,68.48,77.23,78.51
27.94,27.94,67.25,77.84,78.04
23.55,23.55,70.26,77.66,79.52
31.31,31.31,83.58,71.27,77.81
27.57,27.57,88.86,66.50,79.29
23.30,23.30,88.51,58.37,77.97
19.38,19.38,91.58,54.89,77.55
21.26,21.26,90.00,55.11,78.14
21.95,21.95,88.85,57.65,79.33
23.89,23.89,87.84,55.81,78.69
22.20,22.20,86.24,55.16,78.58
21.28,21.28,84.71,63.79,75.95
22.26,22.26,84.75,67.31,75.92
24.06,24.06,82.48,71.61,76.54
25.87,25.87,82.89,78.82,79.98
23.75,23.75,80.74,80.08,79.35
22.34,22.34,76.50,80.56,78.32
27.31,27.31,70.49,80.42,80.44
20.49,20.49,66.16,79.53,78.27
21.07,21.07,64.91,81.47,76.98
23.31,23.31,65.98,81.53,77.37
20.75,20.75,66.14,79.63,76.72
22.20,22.20,70.72,77.14,78.11
19.77,19.77,79.42,74.05,77.89
16.52,16.52,88.96,68.41,77.21
20.32,20.32,90.30,63.15,77.36
14.87,14.87,89.97,60.64,78.13
20.96,20.96,88.96,55.23,79.05
23.18,23.18,86.10,52.39,78.07
24.49,24.49,86.41,59.51,78.06
19.14,19.14,86.60,59.60,79.17
21.85,21.85,87.65,58.68,78.53
20.02,20.02,86.05,63.27,78.26
19.67,19.67,81.57,70.54,78.86
24.18,24.18,80.62,76.71,79.04
19.05,19.05,80.67,76.38,79.64
22.17,22.17,77.66,79.26,78.74
21.15,21.15,72.70,81.26,78.09
19.19,19.19,71.78,80.27,79.04
23.91,23.91,69.74,80.77,77.32
26.99,26.99,65.08,79.16,76.47
24.85,24.85,62.67,80.24,74.16
17.44,17.44,68.99,78.00,74.17
16.61,16.61,79.59,76.80,74.35
18.88,18.88,89.33,69.19,77.22
16.27,16.27,88.87,61.60,77.80
21.68,21.68,89.99,50.62,78.84
28.11,28.11,89.78,48.25,80.24
31.71,31.71,87.79,47.38,80.74
33.41,33.41,86.17,46.79,78.60
29.26,29.26,86.61,50.42,77.60
27.92,27.92,86.41,58.56,78.49
23.42,23.42,85.01,64.60,78.26
22.22,22.22,83.09,68.51,78.66
20.21,20.21,83.09,77.57,79.94
24.06,24.06,80.77,76.76,78.89
16.14,16.14,75.22,78.37,80.19
17.19,17.19,73.50,78.41,78.72
20.64,20.64,72.82,80.34,79.65
28.17,28.17,69.24,77.75,78.06
31.87,31.87,63.41,77.58,77.94
30.95,30.95,67.33,78.60,77.32
25.25,25.25,71.04,79.22,78.46
22.08,22.08,78.02,68.95,76.93
17.11,17.11,89.22,63.45,78.46
17.63,17.63,88.57,59.28,79.99
21.04,21.04,90.34,54.05,76.94
25.26,25.26,88.82,60.08,78.16
25.00,25.00,87.17,64.01,80.48
26.97,26.97,87.69,62.97,78.39
29.91,29.91,86.91,62.94,77.26
31.59,31.59,86.12,66.42,76.97
32.18,32.18,83.44,68.24,76.35
30.59,30.59,82.91,68.17,77.09
28.50,28.50,82.75,77.49,78.77
29.66,29.66,78.43,78.81,78.80
28.96,28.96,75.75,79.60,78.60
28.77,28.77,76.41,80.00,77.05
27.15,27.15,74.00,79.15,78.80
22.71,22.71,69.82,76.73,80.35
22.95,22.95,66.74,78.45,79.57
27.14,27.14,67.62,80.58,77.88
26.54,26.54,68.31,80.72,80.75
21.62,21.62,74.91,76.34,79.23
23.32,23.32,88.67,73.13,78.75
15.65,15.65,88.52,64.60,78.88
25.76,25.76,89.59,52.79,77.87
23.79,23.79,89.19,46.71,79.19
25.29,25.29,86.68,54.79,78.73
25.22,25.22,86.66,57.97,79.43
24.89,24.89,87.13,61.27,76.41
23.82,23.82,84.88,61.99,79.52
21.58,21.58,83.62,64.91,75.40
20.24,20.24,83.79,70.23,77.15
22.63,22.63,79.20,78.75,78.37
24.33,24.33,76.58,79.34,78.90
27.80,27.80,78.24,79.50,80.99
30.22,30.22,76.42,79.54,79.82
30.98,30.98,71.62,76.30,79.56
30.74,30.74,69.26,77.43,79.98
26.28,26.28,68.71,78.79,79.67
24.70,24.70,67.99,81.47,79.73
23.07,23.07,69.24,79.38,78.90
21.03,21.03,74.77,77.24,78.34
17.33,17.33,88.01,70.76,78.55
19.28,19.28,88.82,64.34,78.60
20.21,20.21,90.03,55.94,77.75
27.33,27.33,90.53,48.18,78.10
28.37,28.37,88.19,47.31,78.34
25.02,25.02,88.10,52.30,78.22
21.84,21.84,86.59,58.96,77.09
29.88,29.88,84.05,58.91,78.81
28.79,28.79,85.86,66.53,77.05
24.23,24.23,83.87,71.43,77.84
18.36,18.36,76.68,76.58,78.89
17.02,17.02,69.69,77.43,78.41
21.86,21.86,67.94,78.10,78.81
25.03,25.03,66.66,77.13,79.90
20.67,20.67,66.19,75.77,78.09
20.16,20.16,66.80,76.91,78.10
18.74,18.74,66.61,76.51,76.63
18.47,18.47,66.64,78.48,74.99
17.71,17.71,67.11,75.30,74.04
12.24,12.24,71.42,72.29,73.10
20.36,20.36,87.71,72.69,76.79
19.04,19.04,88.03,64.14,78.12
16.54,16.54,90.15,58.60,78.28
22.60,22.60,89.61,43.17,78.51
20.70,20.70,86.95,47.88,79.89
21.37,21.37,86.44,47.75,78.36
22.04,22.04,85.28,49.14,78.47
24.49,24.49,86.23,57.25,76.47
20.44,20.44,84.30,63.20,77.40
18.24,18.24,81.27,64.22,77.87
17.76,17.76,83.22,76.77,78.82
19.75,19.75,84.82,77.34,77.38
23.05,23.05,82.45,75.75,77.24
17.30,17.30,79.82,74.33,76.07
20.45,20.45,78.36,77.50,76.97
30.10,30.10,74.45,78.50,76.97
36.45,36.45,72.88,79.63,77.53
32.32,32.32,67.62,79.27,77.55
25.49,25.49,67.89,78.72,77.93
24.21,24.21,74.24,76.98,77.17
20.34,20.34,85.54,71.48,77.40
13.74,13.74,88.87,65.58,79.45
25.55,25.55,89.79,54.28,80.65
29.24,29.24,89.12,44.14,80.64
31.31,31.31,89.25,47.30,79.59
26.49,26.49,88.71,54.68,80.05
28.79,28.79,89.43,58.08,77.83
22.98,22.98,87.37,60.56,76.71
22.80,22.80,85.71,62.20,78.08
18.74,18.74,84.87,68.49,76.49
19.40,19.40,80.68,79.00,76.50
26.54,26.54,77.26,77.08,79.23
22.38,22.38,76.94,78.62,78.19
21.85,21.85,73.16,79.03,77.24
27.34,27.34,68.96,76.53,77.78
27.63,27.63,65.41,75.93,77.81
27.71,27.71,64.66,74.15,77.64
32.53,32.53,65.33,75.47,79.91
30.12,30.12,66.42,76.67,78.44
21.93,21.93,71.82,76.83,79.02
19.55,19.55,85.24,77.23,76.60
13.06,13.06,89.22,68.87,77.59
20.07,20.07,90.21,59.02,78.12
17.47,17.47,90.06,51.74,77.39
23.41,23.41,86.90,56.87,78.09
32.55,32.55,87.18,61.61,78.04
29.61,29.61,86.49,65.12,76.93
25.80,25.80,84.28,65.15,74.97
28.81,28.81,83.64,65.32,74.75
24.37,24.37,82.56,63.52,73.37
16.91,16.91,83.59,72.13,75.95
17.98,17.98,81.15,76.78,79.01
24.19,24.19,80.04,75.16,79.22
24.61,24.61,78.31,78.02,79.02
24.04,24.04,76.75,75.92,80.29
28.70,28.70,72.40,77.50,77.75
28.25,28.25,69.04,76.45,76.58
21.92,21.92,67.85,77.36,77.26
18.38,18.38,64.97,75.87,77.14
15.93,15.93,71.59,74.16,77.52
12.18,12.18,80.72,70.88,75.78
16.10,16.10,89.92,65.73,75.84
19.21,19.21,89.06,60.60,77.50
18.97,18.97,92.19,54.10,77.49
19.51,19.51,90.60,55.73,76.83
23.37,23.37,88.03,58.34,77.69
29.48,29.48,86.89,60.62,77.38
31.36,31.36,85.72,62.56,77.75
27.05,27.05,85.79,66.84,76.68
23.68,23.68,86.42,66.73,77.04
18.25,18.25,82.69,75.80,77.85
20.39,20.39,78.69,81.38,79.65
20.20,20.20,72.24,81.28,78.04
21.91,21.91,73.55,78.89,78.99
23.47,23.47,74.11,78.65,78.68
29.76,29.76,73.63,81.05,79.26
31.50,31.50,70.29,80.86,75.93
30.90,30.90,67.53,79.04,74.38
22.45,22.45,64.50,77.43,72.70
15.33,15.33,68.58,77.65,72.28
12.17,12.17,81.62,73.64,72.72
14.73,14.73,88.46,67.16,76.53
18.05,18.05,89.21,57.54,78.00
20.10,20.10,91.02,54.99,78.49
26.94,26.94,90.00,54.10,78.69
30.06,30.06,88.34,58.25,78.38
29.90,29.90,87.90,54.82,79.39
26.37,26.37,86.85,60.85,78.14
27.78,27.78,86.06,66.05,77.55
26.18,26.18,84.13,65.11,79.04
27.90,27.90,82.47,70.25,78.22
28.24,28.24,84.34,76.28,78.25
24.56,24.56,82.29,78.06,78.74
20.20,20.20,77.84,78.91,76.56
23.92,23.92,68.61,77.62,77.35
25.52,25.52,65.54,78.66,76.88
20.86,20.86,68.00,79.50,77.55
18.63,18.63,67.42,79.70,77.16
21.44,21.44,67.92,78.50,78.50
25.71,25.71,70.62,76.76,78.84
26.87,26.87,78.81,74.97,78.51
22.61,22.61,89.14,66.57,77.30
17.51,17.51,88.59,59.93,77.01
20.56,20.56,90.06,51.58,77.26
27.61,27.61,88.90,52.64,78.84
25.18,25.18,86.50,54.95,78.21
21.79,21.79,86.80,56.85,76.92
24.20,24.20,88.21,60.30,78.71
22.95,22.95,86.84,61.01,78.76
22.11,22.11,85.23,61.26,77.88
20.75,20.75,81.33,67.91,78.53
22.40,22.40,81.27,76.31,78.68
18.59,18.59,80.09,78.56,78.44
23.68,23.68,79.79,77.39,78.75
29.93,29.93,77.16,78.70,77.93
32.52,32.52,72.90,79.20,78.74
32.06,32.06,67.27,79.47,78.81
26.98,26.98,64.73,77.61,77.71
22.86,22.86,68.87,77.97,77.73
18.77,18.77,71.40,76.61,76.84
18.58,18.58,78.50,77.69,77.27
17.25,17.25,89.08,69.44,75.60
21.20,21.20,89.59,57.52,75.47
17.34,17.34,90.40,49.40,75.04
18.01,18.01,88.46,51.66,78.68
20.83,20.83,86.76,56.51,79.68
22.54,22.54,87.08,58.12,78.10
29.51,29.51,85.87,59.02,78.00
35.59,35.59,84.00,64.02,78.58
33.70,33.70,84.66,69.38,75.94
28.98,28.98,83.68,71.25,74.53
22.55,22.55,79.10,78.52,77.34
20.23,20.23,73.15,76.97,79.73
28.52,28.52,72.82,78.81,79.33
25.76,25.76,75.89,80.12,78.72
21.89,21.89,74.32,80.44,77.69
19.72,19.72,70.84,79.82,79.15
20.62,20.62,65.31,78.43,80.41
16.81,16.81,67.14,78.50,80.70
14.48,14.48,68.57,77.48,78.11
16.70,16.70,74.75,74.18,78.64
12.75,12.75,88.70,68.73,77.68
15.19,15.19,89.54,59.61,76.48
14.52,14.52,90.18,56.58,76.96
19.33,19.33,91.28,54.06,78.16
18.85,18.85,89.53,50.90,77.84
14.94,14.94,88.53,54.74,78.97
15.56,15.56,86.30,56.25,80.04
21.25,21.25,84.43,60.20,79.49
19.40,19.40,82.86,66.63,78.04
12.65,12.65,84.40,69.78,78.31
15.72,15.72,84.46,77.34,78.26
19.24,19.24,82.74,76.93,76.70
20.31,20.31,80.60,75.39,77.62
21.83,21.83,79.30,76.49,76.82
19.64,19.64,73.48,75.32,76.99
15.04,15.04,70.42,78.59,75.41
16.55,16.55,67.41,77.53,75.17
17.80,17.80,63.18,79.44,74.26
14.02,14.02,66.45,78.75,72.59
12.07,12.07,74.12,72.31,69.95
17.83,17.83,88.90,69.94,76.82
13.79,13.79,88.50,61.53,75.48
15.19,15.19,89.94,49.55,77.98
16.24,16.24,90.35,47.16,78.18
13.13,13.13,88.20,52.89,78.90
17.13,17.13,87.71,62.72,78.41
18.48,18.48,87.06,67.23,77.94
19.70,19.70,86.42,64.61,75.79
17.87,17.87,87.40,65.37,76.08
19.70,19.70,85.00,70.95,75.49
18.84,18.84,80.21,76.27,78.63
21.64,21.64,78.52,74.97,78.31
22.93,22.93,77.61,76.04,76.75
17.62,17.62,77.98,76.45,78.51
17.51,17.51,76.24,78.79,79.00
18.16,18.16,73.53,77.93,77.19
17.83,17.83,69.45,74.77,78.13
20.17,20.17,67.02,77.96,77.06
25.47,25.47,70.64,78.98,78.69
22.69,22.69,76.42,73.91,76.20
17.57,17.57,88.70,67.97,78.66
14.75,14.75,88.88,60.49,76.34
17.66,17.66,90.01,55.60,77.29
20.40,20.40,91.13,50.11,77.16
23.43,23.43,88.95,51.21,78.17
25.90,25.90,86.36,50.99,77.05
22.94,22.94,85.50,49.74,77.07
24.01,24.01,85.69,57.43,77.02
21.00,21.00,83.85,58.22,76.22
17.55,17.55,82.17,65.41,75.47
18.29,18.29,81.27,75.97,77.58
23.94,23.94,81.56,78.21,78.12
18.81,18.81,75.29,77.97,78.52
14.13,14.13,70.36,78.02,78.15
17.95,17.95,68.48,77.11,77.56
15.32,15.32,66.08,75.19,78.59
16.44,16.44,65.33,77.13,79.35
19.42,19.42,67.24,78.91,75.94
19.35,19.35,66.89,77.28,77.93
13.93,13.93,73.11,74.80,79.51
11.11,11.11,85.98,72.02,77.27
19.95,19.95,88.44,61.10,76.97
22.45,22.45,90.62,51.97,77.22
17.60,17.60,89.37,49.73,77.86
19.47,19.47,89.08,47.91,77.47
18.67,18.67,88.77,43.55,77.16
18.30,18.30,89.18,51.37,77.44
11.65,11.65,87.27,56.74,77.44
9.44,9.44,85.87,63.21,74.31
6.88,6.88,84.81,65.13,73.36
13.77,13.77,84.22,74.19,75.36
20.26,20.26,84.38,77.12,78.14
22.15,22.15,82.64,75.98,78.74
17.75,17.75,80.36,74.73,78.13
18.41,18.41,77.82,77.81,77.77
17.01,17.01,76.57,79.74,77.72
19.07,19.07,72.43,78.61,76.98
21.07,21.07,65.68,79.68,75.88
16.84,16.84,68.03,77.87,76.87
14.42,14.42,75.10,72.48,75.72
14.50,14.50,85.31,70.12,75.45
15.11,15.11,88.41,62.70,76.14
14.53,14.53,90.38,54.99,76.98
19.10,19.10,91.58,58.23,77.45
18.15,18.15,88.42,58.82,78.03
17.89,17.89,86.56,60.33,76.37
19.36,19.36,86.32,62.50,76.58
17.80,17.80,85.17,64.65,77.14
19.87,19.87,84.56,68.29,76.78
18.55,18.55,83.68,68.91,76.98
19.67,19.67,83.18,70.03,77.31
20.52,20.52,76.27,77.37,79.88
16.18,16.18,73.94,78.16,78.77
22.53,22.53,74.08,78.39,78.46
18.05,18.05,74.07,78.40,77.03
20.03,20.03,71.40,76.72,76.96
24.81,24.81,69.27,77.10,76.34
21.88,21.88,67.93,78.76,72.86
16.87,16.87,65.46,78.39,71.87
14.25,14.25,71.77,75.25,71.99
13.51,13.51,83.96,74.38,74.02
16.16,16.16,89.61,67.17,77.39
22.23,22.23,87.88,53.62,79.53
18.55,18.55,91.04,40.08,79.08
18.97,18.97,89.54,44.20,79.20
22.55,22.55,86.06,47.26,78.42
27.83,27.83,83.54,51.48,77.38
28.48,28.48,82.69,61.80,76.58
27.39,27.39,83.80,66.17,76.71
27.16,27.16,84.84,68.86,77.40
21.68,21.68,83.64,70.11,79.28
24.77,24.77,84.21,77.28,79.54
20.06,20.06,82.77,75.90,77.99
24.43,24.43,81.74,75.43,78.10
26.67,26.67,79.74,77.20,78.02
29.87,29.87,74.81,77.43,77.19
31.66,31.66,70.06,77.49,77.01
27.77,27.77,67.68,79.60,76.30
22.21,22.21,66.25,78.74,77.91
17.90,17.90,72.86,75.36,77.57
17.95,17.95,76.28,65.89,79.24
19.00,19.00,88.24,61.35,80.42
22.88,22.88,90.91,52.26,76.87
25.60,25.60,88.56,46.76,80.56
24.82,24.82,90.38,47.66,77.30
25.86,25.86,88.42,48.40,77.06
28.43,28.43,87.64,53.71,78.47
25.64,25.64,87.28,57.23,76.70
20.46,20.46,87.95,62.07,77.25
17.56,17.56,86.05,69.77,75.09
17.06,17.06,81.42,75.73,76.52
20.92,20.92,75.38,75.98,79.46
22.40,22.40,70.42,73.75,78.21
22.08,22.08,68.26,74.56,78.07
21.05,21.05,64.52,74.67,78.13
22.83,22.83,64.59,76.90,77.52
30.48,30.48,64.25,79.30,77.77
30.30,30.30,65.36,77.60,77.51
33.15,33.15,67.86,79.07,78.70
26.82,26.82,69.69,76.12,79.68
25.76,25.76,78.49,72.06,76.17
23.02,23.02,88.46,65.26,75.66
20.20,20.20,88.89,59.93,78.26
21.29,21.29,90.08,45.71,79.38
24.80,24.80,88.86,47.68,78.76
25.28,25.28,86.26,48.84,79.65
24.65,24.65,85.60,49.55,79.08
27.70,27.70,85.54,52.64,77.98
31.46,31.46,85.19,58.54,75.20
39.55,39.55,82.39,63.42,77.47
38.38,38.38,81.36,65.75,75.46
28.03,28.03,84.47,79.87,79.42
24.44,24.44,83.66,77.81,78.57
27.75,27.75,80.30,79.74,79.43
29.01,29.01,78.83,77.65,79.65
27.68,27.68,75.98,77.21,79.18
28.99,28.99,74.02,78.84,79.27
24.22,24.22,68.02,77.80,78.52
25.91,25.91,64.10,76.55,79.40
21.10,21.10,69.50,76.33,78.71
13.87,13.87,78.18,76.78,77.98
13.78,13.78,89.41,67.81,77.19
12.98,12.98,89.16,58.88,78.12
17.03,17.03,90.83,47.92,77.56
21.49,21.49,89.68,43.97,77.74
22.11,22.11,88.90,45.71,76.58
23.13,23.13,89.28,53.45,78.58
23.62,23.62,87.26,62.26,78.01
22.84,22.84,85.95,65.48,77.48
22.27,22.27,85.05,69.17,78.39
18.55,18.55,83.63,71.33,77.35
16.15,16.15,79.40,80.52,76.86
16.46,16.46,79.34,81.28,76.90
22.95,22.95,75.67,81.01,78.47
22.03,22.03,71.17,79.87,78.19
23.95,23.95,67.64,79.65,77.08
26.88,26.88,64.49,79.09,77.10
22.31,22.31,63.38,78.61,75.25
16.15,16.15,64.30,78.82,73.61
12.00,12.00,65.90,77.44,72.70
10.82,10.82,73.42,74.86,72.83
18.46,18.46,88.92,71.70,78.50
16.73,16.73,89.12,61.59,78.31
16.18,16.18,89.81,56.64,77.66
22.53,22.53,89.76,57.10,78.07
19.99,19.99,86.92,57.61,78.04
20.39,20.39,86.25,59.53,77.11
23.03,23.03,85.13,61.06,79.54
24.38,24.38,83.91,62.11,77.96
25.28,25.28,82.95,64.19,75.66
22.47,22.47,83.98,67.50,76.96
22.97,22.97,81.69,78.02,78.57
20.09,20.09,80.97,77.89,77.95
22.86,22.86,78.96,76.42,79.43
22.87,22.87,77.76,75.43,77.76
19.67,19.67,74.56,77.03,75.73
24.97,24.97,70.09,79.57,77.30
33.33,33.33,68.17,80.42,77.74
32.19,32.19,65.51,81.19,76.72
34.19,34.19,67.05,79.85,77.26
19.61,19.61,74.26,76.31,77.01
14.78,14.78,88.12,69.64,77.38
20.07,20.07,88.32,60.31,77.69
23.03,23.03,90.34,52.81,78.03
24.24,24.24,91.12,51.88,76.88
23.61,23.61,89.46,58.53,78.66
25.52,25.52,87.50,61.17,78.86
25.19,25.19,86.43,62.09,77.88
21.17,21.17,86.57,65.44,77.02
15.79,15.79,86.86,65.78,76.92
16.03,16.03,84.38,67.76,77.29
20.49,20.49,82.71,79.27,77.93
21.85,21.85,81.67,77.68,79.78
21.57,21.57,80.10,78.61,78.70
25.55,25.55,77.68,79.17,78.40
25.43,25.43,74.45,78.27,78.17
24.55,24.55,68.19,76.26,79.29
25.34,25.34,66.29,77.41,78.80
20.44,20.44,65.72,77.08,76.93
15.53,15.53,68.50,76.32,78.23
16.65,16.65,73.61,71.26,78.56
15.65,15.65,85.52,65.04,78.50
18.21,18.21,88.16,61.70,78.23
21.83,21.83,90.00,56.68,77.75
19.39,19.39,89.88,53.76,78.36
18.20,18.20,88.89,56.65,78.11
24.48,24.48,87.11,59.29,77.46
23.65,23.65,86.59,62.72,77.51
22.01,22.01,87.23,62.71,76.36
27.06,27.06,85.75,63.08,74.88
17.60,17.60,83.38,65.07,75.13
23.29,23.29,80.84,68.04,76.80
26.79,26.79,79.50,75.79,78.46
40.99,40.99,75.55,76.95,79.44
33.90,33.90,73.71,76.81,78.11
30.38,30.38,72.24,78.27,78.92
27.10,27.10,71.10,76.68,78.08
20.73,20.73,67.73,76.80,78.43
15.99,15.99,66.94,78.09,77.00
16.36,16.36,66.34,76.67,77.19
18.52,18.52,73.25,71.33,76.94
15.51,15.51,84.79,73.17,75.30
15.95,15.95,89.39,70.77,76.09
17.52,17.52,90.50,65.18,76.23
16.57,16.57,90.33,59.76,76.70
19.91,19.91,88.51,60.51,76.50
22.02,22.02,87.16,67.69,77.76
23.11,23.11,87.51,68.76,77.25
26.17,26.17,85.20,65.59,78.90
22.32,22.32,83.45,64.12,79.09
17.18,17.18,83.27,68.96,76.39
15.25,15.25,83.25,76.99,77.62
20.82,20.82,82.18,76.24,80.10
20.65,20.65,76.75,79.34,80.91
22.68,22.68,67.91,79.53,79.26
23.60,23.60,71.18,79.85,78.88
24.34,24.34,70.42,81.05,79.65
21.59,21.59,67.59,81.07,76.07
21.53,21.53,65.86,80.59,74.22
21.26,21.26,62.22,80.08,73.72
19.78,19.78,71.67,76.17,71.35
16.82,16.82,81.33,67.35,74.39
14.90,14.90,88.52,65.67,79.41
10.81,10.81,89.37,58.94,79.33
17.29,17.29,91.49,58.49,78.04
24.46,24.46,88.59,57.52,80.31
27.43,27.43,88.27,60.63,77.80
26.23,26.23,87.64,59.78,78.83
26.03,26.03,86.70,62.79,78.32
27.68,27.68,85.05,65.27,77.34
23.35,23.35,83.17,66.59,77.98
22.16,22.16,84.58,71.34,78.79
27.48,27.48,83.53,77.37,79.19
22.69,22.69,82.17,77.07,79.08
24.47,24.47,79.08,78.63,78.90
20.08,20.08,73.00,79.57,79.06
20.38,20.38,65.18,78.58,78.12
20.03,20.03,64.76,79.36,76.19
23.39,23.39,68.61,78.74,76.34
22.56,22.56,67.40,79.41,76.64
20.89,20.89,70.51,75.16,76.76
16.99,16.99,82.56,72.23,76.42
15.07,15.07,88.49,64.63,77.78
21.02,21.02,89.37,57.90,78.39
18.47,18.47,91.10,55.82,77.18
27.90,27.90,88.31,49.89,78.28
31.44,31.44,86.43,49.86,77.19
26.16,26.16,85.58,53.29,78.85
25.20,25.20,85.63,59.37,78.16
26.20,26.20,86.19,62.17,76.71
26.12,26.12,86.38,66.69,76.81
22.65,22.65,80.60,75.99,77.67
21.01,21.01,74.91,78.72,80.73
20.94,20.94,77.19,78.84,78.23
22.84,22.84,79.28,80.06,78.15
24.73,24.73,77.58,78.84,77.01
27.10,27.10,73.27,77.45,78.94
27.62,27.62,67.32,78.88,78.26
25.90,25.90,65.48,79.15,77.03
24.34,24.34,67.50,77.79,79.08
18.01,18.01,70.66,77.90,79.24
14.45,14.45,80.28,78.09,77.55
10.82,10.82,88.91,70.14,78.06
19.05,19.05,89.98,67.77,78.67
22.74,22.74,89.41,63.49,79.76
24.91,24.91,89.74,64.69,79.33
22.18,22.18,87.60,67.90,78.63
27.92,27.92,86.03,69.30,78.54
27.97,27.97,84.52,67.73,78.35
29.18,29.18,85.62,66.77,76.89
27.11,27.11,83.50,70.93,75.19
29.81,29.81,82.49,75.47,76.47
34.10,34.10,80.71,79.16,78.61
33.00,33.00,75.19,77.92,78.91
28.58,28.58,70.55,75.03,78.60
30.27,30.27,72.14,75.38,77.69
28.94,28.94,72.34,79.39,76.15
27.48,27.48,70.44,81.93,77.55
26.78,26.78,65.94,81.82,78.21
25.17,25.17,65.06,80.66,77.53
20.01,20.01,67.44,79.98,76.97
20.54,20.54,78.41,73.48,77.42
17.85,17.85,89.76,66.13,77.04
15.51,15.51,89.71,62.90,77.44
22.35,22.35,90.14,52.55,77.87
20.77,20.77,90.38,53.17,78.85
24.66,24.66,88.48,59.77,80.31
29.32,29.32,88.15,60.44,79.18
27.79,27.79,88.08,59.70,77.51
24.21,24.21,86.79,61.62,78.08
18.47,18.47,82.76,67.68,78.45
22.14,22.14,81.57,70.19,78.24
21.06,21.06,84.25,78.12,78.30
22.43,22.43,82.86,77.87,79.90
29.27,29.27,78.73,79.73,77.98
37.18,37.18,72.04,81.31,77.85
34.37,34.37,66.48,81.32,78.96
30.38,30.38,65.49,79.59,77.97
27.34,27.34,65.51,77.43,74.03
22.26,22.26,63.40,77.20,72.56
18.47,18.47,63.90,79.05,70.27
17.92,17.92,75.13,80.32,70.96
16.34,16.34,88.68,70.20,76.53
16.25,16.25,88.77,65.20,77.32
20.49,20.49,90.56,55.92,79.68
26.92,26.92,87.77,51.20,78.80
31.10,31.10,86.84,49.98,78.55
29.46,29.46,88.02,53.19,77.46
27.04,27.04,86.82,54.47,74.77
29.11,29.11,86.51,51.97,77.41
32.67,32.67,85.45,59.49,76.54
22.92,22.92,83.12,69.15,77.36
26.35,26.35,79.54,76.93,78.23
28.28,28.28,77.72,79.72,78.32
26.71,26.71,78.35,82.09,78.42
27.99,27.99,77.27,81.49,78.66
17.93,17.93,73.99,80.40,76.56
24.86,24.86,69.32,79.21,76.31
27.00,27.00,62.70,79.96,77.84
25.44,25.44,66.57,80.94,77.82
22.54,22.54,67.49,79.95,76.27
17.35,17.35,74.53,74.73,76.26
19.79,19.79,89.43,69.79,77.73
15.57,15.57,89.63,65.59,77.47
18.30,18.30,89.60,57.48,78.25
15.50,15.50,90.06,54.24,80.25
20.82,20.82,87.52,59.35,79.78
23.71,23.71,86.78,60.18,79.40
28.61,28.61,84.68,58.97,78.06
26.64,26.64,83.74,58.44,77.99
20.40,20.40,84.67,62.34,76.73
20.23,20.23,84.54,71.08,76.72
26.58,26.58,81.14,79.97,79.17
29.01,29.01,75.52,80.56,79.68
28.95,28.95,71.60,78.20,79.91
24.41,24.41,73.95,76.04,79.26
25.72,25.72,72.97,78.64,77.51
22.99,22.99,70.56,80.27,79.14
24.85,24.85,66.28,80.44,78.35
23.74,23.74,64.65,79.61,78.74
23.81,23.81,66.98,78.07,79.65
19.85,19.85,72.66,76.47,78.51
19.99,19.99,87.27,74.29,78.37
20.30,20.30,87.96,65.98,79.09
23.01,23.01,89.69,54.80,77.28
22.96,22.96,91.01,46.69,78.55
20.53,20.53,88.61,51.59,80.53
23.46,23.46,88.04,54.70,78.41
22.73,22.73,87.03,53.24,76.42
23.25,23.25,85.56,53.59,75.68
20.10,20.10,85.05,60.99,75.31
13.67,13.67,82.29,64.75,76.00
19.30,19.30,82.76,78.00,78.27
22.11,22.11,82.55,80.78,78.86
20.81,20.81,78.30,81.30,79.64
18.99,18.99,71.97,81.74,78.44
17.60,17.60,66.05,80.78,79.75
17.90,17.90,66.45,80.22,77.44
14.42,14.42,65.76,81.29,77.97
18.55,18.55,64.58,80.66,80.52
23.76,23.76,65.20,80.36,77.83
18.50,18.50,73.98,76.90,76.61
12.74,12.74,86.74,69.47,77.29
15.13,15.13,88.43,67.80,77.68
19.11,19.11,91.25,58.78,77.23
23.69,23.69,89.96,60.47,77.08
19.54,19.54,87.09,65.22,76.73
21.22,21.22,86.71,64.93,78.66
22.95,22.95,87.25,59.13,78.48
21.33,21.33,88.13,65.30,79.02
15.35,15.35,85.82,69.61,78.25
18.15,18.15,83.24,69.75,78.08
21.08,21.08,81.93,74.98,79.70
25.82,25.82,81.58,77.11,80.44
26.66,26.66,79.92,79.85,80.11
26.14,26.14,74.14,79.18,78.12
23.00,23.00,71.96,79.03,80.31
22.52,22.52,72.17,78.98,77.81
22.71,22.71,67.85,80.11,75.26
21.43,21.43,64.62,82.49,76.04
17.94,17.94,61.07,81.63,74.09
18.67,18.67,73.36,77.26,72.70
21.94,21.94,84.56,68.07,75.87
21.66,21.66,87.94,65.23,79.55
23.56,23.56,89.74,52.26,78.49
20.67,20.67,89.22,54.48,78.77
26.08,26.08,88.78,57.65,79.78
26.89,26.89,87.20,60.69,80.59
33.98,33.98,87.37,59.23,78.20
31.40,31.40,85.94,61.44,77.93
25.90,25.90,85.33,62.48,79.92
25.25,25.25,83.80,68.03,78.35
26.70,26.70,83.70,73.70,79.51
23.81,23.81,82.64,76.96,79.29
24.81,24.81,77.19,78.09,78.87
28.77,28.77,73.56,77.11,78.51
24.99,24.99,74.46,78.22,78.52
26.90,26.90,71.99,79.89,77.64
26.98,26.98,66.32,80.63,78.24
24.54,24.54,66.31,78.97,77.31
21.80,21.80,67.73,79.24,77.57
19.82,19.82,71.92,75.34,78.26
21.89,21.89,82.58,69.43,78.25
20.24,20.24,89.16,63.06,78.72
16.75,16.75,89.51,59.21,79.48
20.92,20.92,91.08,60.75,79.16
26.13,26.13,87.87,64.48,78.15
27.40,27.40,87.22,65.08,78.83
27.11,27.11,86.30,63.23,80.40
29.87,29.87,86.52,65.20,79.61
33.16,33.16,84.14,66.13,80.03
33.19,33.19,83.13,69.54,78.04
28.15,28.15,83.05,76.01,79.16
24.40,24.40,80.14,78.84,80.50
28.52,28.52,75.55,77.15,79.47
31.73,31.73,76.53,78.21,79.83
28.95,28.95,74.98,77.12,79.01
28.10,28.10,70.45,77.24,78.73
25.49,25.49,66.16,79.35,79.65
25.58,25.58,67.36,81.89,79.43
22.08,22.08,66.49,80.83,78.53
17.36,17.36,71.44,77.34,80.41
17.14,17.14,81.67,75.30,78.34
23.24,23.24,88.99,66.20,78.86
21.59,21.59,88.61,59.78,79.77
21.99,21.99,89.87,45.19,79.93
24.79,24.79,88.02,38.95,81.28
26.36,26.36,86.36,45.88,80.31
28.51,28.51,87.14,50.17,79.31
26.22,26.22,86.25,57.54,77.73
27.39,27.39,84.05,63.70,76.59
27.21,27.21,85.22,67.93,76.22
28.63,28.63,80.69,76.85,76.89
26.95,26.95,76.18,78.53,80.54
28.81,28.81,78.51,79.23,79.51
30.94,30.94,78.72,77.36,80.64
29.03,29.03,74.51,77.16,80.27
29.77,29.77,69.30,80.89,79.55
28.33,28.33,68.28,81.58,79.71
26.62,26.62,66.08,82.64,80.22
22.55,22.55,65.02,81.46,79.89
19.14,19.14,69.79,78.21,79.00
23.25,23.25,80.39,77.22,78.67
22.70,22.70,87.77,68.35,78.01
25.04,25.04,90.51,55.25,77.93
25.00,25.00,89.95,39.20,77.54
31.08,31.08,89.42,42.68,78.37
29.00,29.00,88.48,45.69,78.52
30.42,30.42,87.78,49.29,78.63
29.24,29.24,85.41,58.77,79.05
27.57,27.57,86.35,59.04,77.34
23.10,23.10,85.19,63.10,79.18
20.68,20.68,81.51,72.41,76.97
24.50,24.50,74.85,76.43,78.85
22.42,22.42,71.42,78.25,78.93
21.85,21.85,71.21,76.86,79.72
20.81,20.81,70.09,75.55,77.23
24.56,24.56,70.57,75.41,78.08
25.31,25.31,68.08,74.54,76.22
23.49,23.49,67.47,75.84,75.03
18.93,18.93,65.50,77.93,72.61
12.30,12.30,67.19,78.41,71.73
11.09,11.09,78.25,75.99,73.77
15.30,15.30,88.24,65.69,77.62
18.66,18.66,88.85,60.77,78.70
15.83,15.83,90.44,55.83,77.93
22.31,22.31,88.96,51.48,79.02
16.36,16.36,86.27,56.04,79.30
21.37,21.37,85.56,60.99,77.44
24.25,24.25,86.50,64.48,79.66
23.22,23.22,84.47,65.70,77.63
18.85,18.85,82.51,63.84,76.95
16.37,16.37,82.74,66.91,78.92
22.11,22.11,85.11,76.57,78.50
23.75,23.75,84.01,78.09,78.55
22.51,22.51,80.45,77.51,79.01
23.89,23.89,77.58,79.66,78.27
21.86,21.86,73.11,78.62,79.01
17.34,17.34,69.50,75.88,77.84
19.75,19.75,66.21,78.42,76.93
18.78,18.78,63.55,77.01,78.22
17.31,17.31,68.56,74.59,77.30
14.76,14.76,74.67,76.49,77.11
14.85,14.85,88.12,67.40,78.73
20.88,20.88,88.86,61.43,78.57
27.77,27.77,90.82,58.68,77.96
26.42,26.42,89.36,57.05,78.79
23.31,23.31,88.85,59.71,78.32
20.37,20.37,89.52,63.07,79.11
23.22,23.22,87.54,65.65,77.98
25.42,25.42,86.42,66.28,78.24
28.38,28.38,85.32,68.84,78.66
24.54,24.54,83.15,71.61,77.16
21.71,21.71,76.16,78.62,80.74
16.41,16.41,74.49,79.90,80.47
20.23,20.23,71.05,77.16,78.30
25.82,25.82,68.15,78.27,77.86
30.36,30.36,65.57,78.03,78.46
34.37,34.37,63.88,76.39,80.20
28.27,28.27,64.31,76.39,78.68
25.60,25.60,66.03,79.54,78.34
23.90,23.90,67.06,77.53,79.53
16.92,16.92,74.02,71.57,77.97
10.53,10.53,88.63,72.65,77.75
15.75,15.75,88.88,64.13,77.42
16.31,16.31,89.92,59.06,76.07
21.41,21.41,90.10,54.36,77.82
22.53,22.53,86.71,50.37,78.28
20.83,20.83,86.28,51.51,77.87
19.43,19.43,85.17,56.28,77.39
19.12,19.12,83.98,57.16,76.66
13.66,13.66,83.39,56.77,75.89
12.41,12.41,84.01,62.95,73.76
19.98,19.98,81.71,75.24,78.62
27.20,27.20,81.31,75.68,79.20
25.40,25.40,80.17,75.83,78.52
34.67,34.67,78.48,78.01,78.00
39.85,39.85,74.32,77.83,78.39
34.49,34.49,70.47,77.87,77.92
24.79,24.79,68.32,78.47,77.28
23.14,23.14,64.80,79.12,77.64
24.22,24.22,66.34,78.34,78.29
17.50,17.50,75.04,76.49,78.43
14.02,14.02,88.98,68.88,77.11
15.52,15.52,89.18,62.73,77.68
17.92,17.92,90.02,60.26,77.33
23.01,23.01,91.80,54.61,76.09
28.78,28.78,89.41,56.38,77.92
32.24,32.24,87.80,56.74,77.53
29.15,29.15,86.97,57.40,78.21
23.14,23.14,86.82,62.15,76.87
20.00,20.00,87.32,65.64,78.70
20.47,20.47,84.07,70.27,77.52
21.90,21.90,79.46,76.71,79.34
24.65,24.65,73.34,78.00,79.46
26.26,26.26,73.96,76.55,78.51
25.52,25.52,75.44,77.89,78.55
26.20,26.20,74.14,78.30,77.76
26.16,26.16,72.30,78.70,78.42
26.87,26.87,67.86,79.02,74.98
27.00,27.00,65.65,79.21,74.81
21.66,21.66,63.66,78.64,72.26
16.16,16.16,71.66,75.05,71.85
18.82,18.82,86.50,75.10,76.16
17.80,17.80,88.03,64.09,77.01
18.51,18.51,89.30,58.23,77.39
22.87,22.87,90.57,49.02,78.89
25.51,25.51,88.91,55.03,79.68
30.80,30.80,88.28,61.22,78.92
29.24,29.24,86.86,66.43,79.76
29.14,29.14,87.11,67.05,77.76
28.58,28.58,83.76,62.76,78.86
25.75,25.75,82.18,62.35,78.28
21.69,21.69,84.00,75.27,79.03
24.16,24.16,83.66,78.27,77.40
24.41,24.41,79.59,81.21,78.18
23.84,23.84,71.49,81.72,78.39
27.21,27.21,62.96,79.25,79.06
24.70,24.70,66.66,77.37,76.58
27.18,27.18,67.97,79.22,75.96
29.23,29.23,67.27,80.01,77.07
25.79,25.79,67.18,78.91,75.73
22.08,22.08,73.90,74.32,77.69
18.76,18.76,85.08,63.90,79.13
20.27,20.27,88.53,60.49,76.36
15.83,15.83,90.05,54.21,78.62
20.93,20.93,89.63,49.68,78.27
22.82,22.82,87.96,58.07,77.29
22.03,22.03,87.23,62.15,75.43
23.20,23.20,88.61,62.16,78.79
25.02,25.02,87.45,60.46,77.92
23.36,23.36,85.72,61.58,76.23
20.51,20.51,83.08,65.56,78.25
20.40,20.40,82.62,72.26,77.35
21.40,21.40,81.03,77.75,79.19
20.81,20.81,80.69,78.68,79.04
15.78,15.78,78.89,78.71,77.17
25.38,25.38,74.54,79.44,77.64
28.37,28.37,69.38,78.91,78.35
30.96,30.96,66.62,77.10,77.35
30.86,30.86,69.77,78.77,79.80
29.71,29.71,67.74,78.67,76.43
22.84,22.84,73.96,74.34,76.94
17.05,17.05,84.19,72.46,76.92
12.74,12.74,88.19,62.10,78.01
17.30,17.30,89.49,53.40,75.37
18.66,18.66,90.18,54.32,77.01
20.42,20.42,87.20,60.16,77.49
24.92,24.92,86.72,60.96,77.01
31.85,31.85,85.62,53.20,77.85
35.03,35.03,84.45,57.45,77.26
34.02,34.02,84.89,65.37,75.17
33.67,33.67,85.15,68.74,74.58
26.15,26.15,81.22,77.53,76.13
20.92,20.92,74.50,78.73,78.09
19.79,19.79,73.19,78.62,78.54
22.27,22.27,77.57,77.12,79.78
21.67,21.67,77.06,78.29,78.57
22.77,22.77,73.44,77.02,77.90
18.91,18.91,68.63,77.54,78.66
19.08,19.08,65.82,77.89,77.17
20.61,20.61,66.83,78.32,76.76
13.83,13.83,68.90,77.22,75.62
15.43,15.43,81.38,73.33,75.93
18.46,18.46,89.15,66.47,75.51
15.17,15.17,88.42,56.36,78.47
13.29,13.29,92.05,50.92,76.67
12.35,12.35,90.60,51.45,76.97
12.97,12.97,88.15,55.93,77.10
17.50,17.50,86.93,63.08,78.40
16.82,16.82,85.19,64.36,78.64
20.01,20.01,83.72,59.58,77.60
19.36,19.36,84.73,67.86,78.45
19.47,19.47,84.16,72.66,78.36
19.90,19.90,84.82,77.82,77.49
24.46,24.46,82.62,77.55,77.36
19.92,19.92,82.00,78.22,77.87
22.71,22.71,78.78,77.88,76.57
28.11,28.11,75.15,80.02,76.65
27.44,27.44,71.66,77.88,75.07
25.97,25.97,68.67,80.73,73.97
24.14,24.14,61.64,78.03,73.49
21.47,21.47,66.58,77.84,72.36
18.14,18.14,81.42,77.68,72.57
19.00,19.00,88.06,65.24,75.61
20.57,20.57,90.16,56.05,75.28
17.38,17.38,90.72,51.22,77.32
20.10,20.10,88.86,48.81,78.94
22.36,22.36,86.30,54.62,78.56
26.57,26.57,86.66,59.55,76.67
29.86,29.86,86.96,62.63,77.38
28.50,28.50,86.97,64.74,77.08
25.62,25.62,85.88,70.53,76.75
27.65,27.65,82.00,76.14,77.69
27.14,27.14,76.93,78.88,78.26
30.01,30.01,75.71,77.05,77.35
31.32,31.32,75.38,76.34,77.32
28.98,28.98,73.47,73.82,76.40
31.31,31.31,70.18,76.48,76.96
29.72,29.72,67.37,76.11,77.13
30.64,30.64,65.45,76.94,77.54
28.02,28.02,67.05,77.06,76.69
21.11,21.11,70.77,75.17,76.60
16.44,16.44,78.12,71.06,75.74
19.16,19.16,88.82,68.59,78.05
18.20,18.20,89.88,62.96,78.13
17.75,17.75,90.09,59.23,77.19
22.70,22.70,90.07,53.73,78.81
31.78,31.78,87.64,61.43,77.56
34.76,34.76,86.99,66.39,77.42
31.08,31.08,87.01,66.61,76.85
37.21,37.21,83.98,64.25,76.29
26.41,26.41,82.64,65.80,77.05
21.45,21.45,81.12,69.17,76.80
17.58,17.58,83.29,78.48,78.23
18.40,18.40,80.01,78.66,78.38
16.23,16.23,75.11,76.36,79.00
19.29,19.29,72.50,80.23,77.16
18.33,18.33,70.37,78.69,77.51
19.82,19.82,66.31,80.37,78.79
19.84,19.84,64.17,79.12,77.78
19.99,19.99,65.63,80.32,76.07
19.01,19.01,68.92,78.98,79.02
16.69,16.69,77.76,73.42,78.25
14.46,14.46,88.85,70.45,77.76
17.22,17.22,89.37,64.41,76.43
18.28,18.28,90.80,51.60,76.20
21.31,21.31,87.99,47.19,76.90
17.88,17.88,88.25,48.99,76.58
17.33,17.33,89.97,51.37,76.83
15.33,15.33,88.01,56.37,74.56
12.69,12.69,86.59,60.43,74.69
9.38,9.38,85.55,67.73,71.83
11.63,11.63,84.84,72.77,73.20
18.00,18.00,82.64,80.64,77.79
24.35,24.35,81.10,80.56,78.14
23.19,23.19,78.74,79.86,77.76
17.95,17.95,76.96,79.84,77.26
21.37,21.37,74.04,78.86,78.58
21.74,21.74,70.47,80.76,77.63
13.10,13.10,66.97,79.78,76.37
14.41,14.41,64.71,79.37,75.95
13.09,13.09,68.79,79.28,74.67
10.01,10.01,75.86,76.74,78.11
12.29,12.29,90.53,68.56,75.71
13.88,13.88,89.12,61.60,77.44
13.22,13.22,90.61,56.27,76.67
15.23,15.23,91.13,53.58,77.67
20.51,20.51,86.77,57.62,75.88
18.51,18.51,85.78,60.04,77.32
19.65,19.65,84.48,60.72,77.32
20.44,20.44,83.13,65.59,76.34
19.47,19.47,83.15,68.07,75.13
18.24,18.24,84.07,69.53,77.14
16.88,16.88,78.89,74.08,78.03
22.26,22.26,78.43,78.07,78.03
25.22,25.22,77.97,76.67,77.17
25.52,25.52,76.79,78.12,77.09
24.83,24.83,74.48,78.14,77.46
24.38,24.38,72.23,77.96,77.12
23.90,23.90,70.30,78.37,74.60
21.19,21.19,66.17,79.34,74.34
15.54,15.54,66.21,77.75,71.98
12.90,12.90,76.66,73.50,70.36
16.29,16.29,88.19,70.43,76.20
15.29,15.29,87.76,66.21,77.40
16.99,16.99,90.31,54.68,77.14
22.09,22.09,90.31,61.40,77.93
18.53,18.53,88.36,64.73,79.20
24.16,24.16,87.04,67.62,78.36
23.95,23.95,86.29,70.95,76.83
24.29,24.29,85.85,70.97,76.62
17.24,17.24,86.08,70.82,77.55
18.96,18.96,83.59,68.64,77.45
19.74,19.74,84.17,76.01,77.87
22.15,22.15,82.95,76.33,77.61
18.39,18.39,81.90,76.43,78.44
22.83,22.83,79.98,77.17,76.32
20.11,20.11,74.87,78.00,77.33
18.22,18.22,69.90,75.84,77.06
20.36,20.36,65.67,76.34,79.64
19.39,19.39,63.44,79.55,77.59
16.66,16.66,67.55,77.63,77.86
18.65,18.65,74.00,73.94,77.28
15.73,15.73,86.37,65.14,76.81
17.04,17.04,88.08,62.57,75.42
18.71,18.71,90.24,59.23,77.70
25.10,25.10,89.91,57.65,77.38
25.52,25.52,89.59,62.74,76.58
25.87,25.87,87.83,59.96,76.84
29.77,29.77,86.92,64.83,76.94
31.99,31.99,88.12,67.85,76.45
27.87,27.87,86.03,66.35,76.62
21.68,21.68,83.97,68.16,76.63
19.79,19.79,79.02,72.55,76.44
17.51,17.51,72.59,77.68,79.62
18.13,18.13,69.06,75.76,79.58
17.26,17.26,67.08,75.72,77.92
17.34,17.34,66.77,75.71,76.00
19.52,19.52,66.96,74.48,77.60
23.13,23.13,65.91,75.63,77.74
30.45,30.45,65.78,77.82,77.65
34.84,34.84,65.01,77.51,76.53
33.01,33.01,72.15,72.69,78.78
23.38,23.38,85.02,74.87,76.74
15.01,15.01,87.90,66.07,76.67
22.11,22.11,90.01,58.01,78.53
20.89,20.89,89.04,49.23,77.54
19.60,19.60,87.96,53.87,78.55
22.71,22.71,86.22,51.81,78.04
21.98,21.98,86.50,59.87,76.38
26.24,26.24,84.38,63.52,76.71
27.89,27.89,82.60,62.44,74.12
27.72,27.72,82.19,62.78,74.43
25.95,25.95,83.91,72.14,76.74
24.84,24.84,84.76,76.95,79.00
18.63,18.63,81.64,75.57,79.43
21.45,21.45,79.06,78.52,78.73
20.23,20.23,76.20,79.70,78.33
19.07,19.07,72.72,79.45,78.28
20.28,20.28,69.90,78.58,76.87
18.19,18.19,63.98,79.53,77.60
13.93,13.93,65.94,78.70,78.60
8.39,8.39,72.64,77.31,77.45
14.07,14.07,81.55,72.53,77.66
13.65,13.65,88.59,63.32,77.51
15.29,15.29,90.29,56.62,78.18
17.27,17.27,91.28,49.76,78.13
21.91,21.91,89.69,52.96,79.62
20.82,20.82,89.38,52.06,77.88
25.56,25.56,88.17,55.98,78.35
24.30,24.30,86.69,62.91,79.45
22.10,22.10,85.55,66.20,78.84
21.33,21.33,85.00,68.36,77.33
17.83,17.83,80.89,79.70,77.52
22.13,22.13,75.62,80.28,79.15
20.73,20.73,73.00,80.38,77.22
22.73,22.73,69.87,78.90,77.65
29.01,29.01,66.73,79.11,79.59
32.11,32.11,64.89,77.41,78.47
29.28,29.28,63.17,76.71,77.06
21.36,21.36,63.72,79.21,73.81
13.31,13.31,65.50,78.99,72.70
9.05,9.05,70.00,77.30,71.92
14.00,14.00,83.05,77.13,73.69
14.21,14.21,88.95,68.55,79.67
18.01,18.01,89.06,63.35,79.52
16.79,16.79,90.49,57.09,80.84
18.69,18.69,88.32,51.65,79.19
19.64,19.64,86.43,59.90,78.33
21.18,21.18,85.39,61.45,77.96
22.52,22.52,84.22,61.01,77.22
22.34,22.34,83.90,67.63,77.65
23.57,23.57,84.04,68.14,76.01
21.66,21.66,81.33,69.50,76.65
20.09,20.09,82.10,77.40,77.78
16.26,16.26,81.44,78.69,78.63
14.11,14.11,80.32,78.91,76.84
18.07,18.07,76.79,78.37,76.24
17.55,17.55,73.58,78.70,75.94
24.35,24.35,70.60,77.33,74.90
29.59,29.59,67.73,77.75,77.48
34.37,34.37,66.35,78.33,78.66
31.93,31.93,71.13,74.67,77.87
21.71,21.71,78.97,70.91,75.78
19.09,19.09,89.08,67.41,79.68
27.49,27.49,90.58,60.58,77.20
30.98,30.98,90.36,54.22,79.13
27.85,27.85,90.48,58.36,78.92
25.20,25.20,88.11,59.01,78.09
29.35,29.35,86.82,61.92,77.36
23.56,23.56,86.83,64.78,76.57
20.93,20.93,87.51,68.48,77.59
16.97,16.97,84.76,67.26,77.02
11.78,11.78,82.98,76.80,76.83
19.34,19.34,80.42,75.65,79.78
21.80,21.80,77.92,75.83,79.99
24.46,24.46,75.84,76.65,78.50
22.69,22.69,72.60,76.65,78.70
26.43,26.43,66.60,75.96,78.79
27.63,27.63,62.53,75.88,78.08
26.16,26.16,62.80,76.32,79.95
24.33,24.33,65.43,77.43,78.19
20.08,20.08,70.69,76.53,79.07
12.39,12.39,77.67,71.16,77.68
14.76,14.76,88.35,69.38,77.53
16.90,16.90,88.95,63.20,76.92
14.66,14.66,89.91,58.74,77.71
23.49,23.49,88.71,55.17,77.39
22.76,22.76,87.19,62.84,77.93
18.73,18.73,86.38,66.24,76.56
17.00,17.00,87.21,66.15,75.52
15.92,15.92,85.38,67.28,76.28
14.19,14.19,83.59,65.74,75.38
15.03,15.03,81.48,68.85,74.51
22.18,22.18,82.18,75.75,78.91
24.17,24.17,78.64,77.77,77.76
25.63,25.63,76.32,76.83,79.26
29.75,29.75,75.20,77.39,78.80
26.17,26.17,72.56,76.55,78.23
22.00,22.00,68.59,77.60,76.99
20.90,20.90,64.96,77.97,78.70
19.69,19.69,64.58,78.26,76.43
27.57,27.57,68.09,77.06,76.27
30.08,30.08,77.81,78.17,76.38
23.82,23.82,88.71,70.69,77.29
17.96,17.96,90.04,69.43,76.53
18.05,18.05,92.28,63.38,77.56
19.04,19.04,89.66,62.93,78.57
21.81,21.81,88.51,63.45,76.18
19.66,19.66,88.60,66.27,76.81
20.06,20.06,86.54,65.19,77.42
20.68,20.68,85.31,67.09,77.51
17.25,17.25,84.17,66.55,76.91
19.56,19.56,83.58,70.88,77.12
22.51,22.51,82.40,79.75,79.27
23.68,23.68,78.49,79.58,78.53
25.52,25.52,70.00,79.47,78.46
21.31,21.31,72.23,78.04,79.41
21.97,21.97,72.05,79.71,79.75
21.68,21.68,69.58,81.53,78.12
17.65,17.65,64.93,81.24,76.58
14.09,14.09,63.71,80.35,74.60
13.62,13.62,65.83,80.65,72.53
15.69,15.69,73.26,75.50,73.45
16.96,16.96,88.92,65.85,77.03
16.86,16.86,88.66,63.16,78.42
19.81,19.81,89.69,61.13,77.70
17.06,17.06,90.55,64.51,77.85
15.62,15.62,88.70,69.22,77.72
21.00,21.00,87.98,68.43,78.71
24.34,24.34,87.40,64.54,79.14
20.13,20.13,85.74,67.52,79.42
21.87,21.87,84.06,72.54,77.51
16.05,16.05,84.80,71.52,77.27
21.76,21.76,83.45,75.77,79.38
23.99,23.99,83.31,76.80,77.24
20.83,20.83,80.40,76.69,78.13
20.47,20.47,75.66,76.97,78.91
21.95,21.95,67.21,76.90,78.24
20.10,20.10,62.25,77.15,76.91
22.91,22.91,65.92,78.17,77.11
21.29,21.29,67.39,80.29,75.91
26.36,26.36,65.36,79.36,76.92
24.12,24.12,73.55,73.78,75.82
13.47,13.47,87.21,72.74,76.31
11.04,11.04,87.39,65.44,78.06
13.44,13.44,90.45,55.32,77.41
21.13,21.13,90.41,53.78,79.55
21.60,21.60,87.68,57.67,78.45
23.73,23.73,86.53,60.21,77.45
20.26,20.26,86.05,60.86,78.31
19.49,19.49,87.05,61.29,78.19
14.16,14.16,87.49,55.77,77.98
18.22,18.22,84.06,67.58,76.24
15.27,15.27,77.80,73.90,79.90
23.63,23.63,77.89,76.85,79.32
21.46,21.46,79.99,79.05,79.35
23.81,23.81,79.33,79.37,77.37
27.99,27.99,76.02,79.78,78.46
28.76,28.76,70.66,80.48,79.49
25.43,25.43,64.92,79.77,78.90
22.46,22.46,66.13,78.65,77.99
27.55,27.55,66.99,78.27,79.26
27.75,27.75,72.75,76.82,78.90
22.48,22.48,85.84,75.77,78.88
19.46,19.46,89.19,67.44,77.42
22.09,22.09,89.33,63.31,80.14
21.55,21.55,89.47,64.13,78.63
15.90,15.90,88.83,61.10,79.32
17.85,17.85,86.70,62.82,78.58
17.75,17.75,85.14,60.73,76.80
20.46,20.46,86.37,62.35,78.01
19.52,19.52,83.95,65.85,75.06
17.40,17.40,83.91,67.65,74.46
20.93,20.93,81.94,79.53,77.90
24.87,24.87,77.67,80.24,77.77
28.74,28.74,71.85,78.73,79.68
34.30,34.30,72.96,76.85,77.50
29.92,29.92,74.93,77.87,77.93
21.78,21.78,73.97,78.99,79.72
18.39,18.39,69.23,79.85,79.88
16.68,16.68,64.77,79.60,78.88
16.91,16.91,63.90,80.24,79.22
17.72,17.72,70.65,74.84,77.29
15.83,15.83,85.65,75.53,76.48
13.93,13.93,88.48,65.81,76.73
19.76,19.76,89.90,58.72,77.47
27.93,27.93,90.30,50.11,78.75
31.22,31.22,89.27,52.42,79.05
30.15,30.15,88.55,61.97,78.09
24.75,24.75,88.95,66.04,78.78
23.51,23.51,86.40,69.51,79.45
23.11,23.11,83.38,70.86,79.50
18.50,18.50,81.72,67.21,80.28
22.92,22.92,84.04,71.05,77.90
24.96,24.96,84.05,76.32,80.06
20.75,20.75,80.27,78.14,78.67
26.55,26.55,74.78,78.62,79.13
32.28,32.28,65.18,78.63,78.73
27.71,27.71,63.59,78.49,78.14
27.12,27.12,66.19,79.32,74.91
18.18,18.18,66.24,80.49,75.08
14.30,14.30,59.44,79.67,73.58
9.10,9.10,69.71,77.09,71.84
9.50,9.50,80.63,71.40,73.82
11.33,11.33,88.53,63.63,75.58
21.39,21.39,89.40,58.68,76.71
22.85,22.85,91.17,52.64,77.62
21.19,21.19,88.66,57.45,79.11
20.24,20.24,87.49,62.02,77.63
20.92,20.92,87.10,64.31,79.52
23.39,23.39,86.52,62.84,78.24
20.33,20.33,85.97,57.44,77.89
14.12,14.12,84.53,62.13,78.43
19.97,19.97,83.30,69.54,78.11
24.32,24.32,79.55,75.42,78.42
24.33,24.33,80.08,76.87,77.96
19.32,19.32,79.23,76.13,76.99
20.64,20.64,76.46,75.78,78.16
20.64,20.64,71.47,76.42,77.17
18.02,18.02,64.98,77.21,77.78
19.93,19.93,64.31,78.85,77.44
19.00,19.00,65.30,80.40,77.23
19.13,19.13,69.91,78.48,77.41
16.32,16.32,82.25,76.73,77.44
16.40,16.40,89.16,65.97,78.69
22.38,22.38,89.99,58.81,79.35
28.36,28.36,90.35,58.04,79.19
27.16,27.16,89.26,60.16,79.29
23.80,23.80,86.88,61.55,78.42
22.47,22.47,85.13,60.07,79.39
22.56,22.56,84.25,61.52,78.17
21.16,21.16,85.45,65.60,78.16
20.86,20.86,85.97,67.04,78.67
21.62,21.62,81.75,76.44,76.82
18.46,18.46,76.05,80.20,78.50
18.53,18.53,71.62,79.23,77.69
22.33,22.33,75.66,77.69,78.61
22.08,22.08,75.35,79.99,79.12
23.81,23.81,73.03,80.88,80.61
21.70,21.70,68.18,80.24,79.17
21.40,21.40,64.06,79.26,79.34
25.52,25.52,63.47,81.26,79.44
21.63,21.63,68.38,80.24,79.36
14.31,14.31,78.87,74.58,78.83
15.20,15.20,87.83,71.54,77.84
20.44,20.44,89.50,65.24,75.90
12.39,12.39,90.12,52.75,77.24
20.81,20.81,90.28,44.58,77.80
17.49,17.49,88.15,53.55,77.52
20.62,20.62,87.00,59.84,78.79
19.85,19.85,86.12,63.05,75.38
17.57,17.57,85.70,62.88,76.14
22.13,22.13,83.23,63.85,74.94
19.99,19.99,82.69,68.73,76.78
25.14,25.14,83.12,76.15,79.69
23.00,23.00,79.99,78.33,79.29
25.08,25.08,73.56,77.73,79.06
21.50,21.50,66.84,78.39,79.48
19.49,19.49,66.22,80.05,78.04
19.72,19.72,66.84,80.55,77.03
21.14,21.14,64.92,81.75,77.40
20.62,20.62,64.64,80.88,76.43
17.18,17.18,68.45,79.74,76.08
15.33,15.33,77.46,73.32,78.44
15.46,15.46,89.37,65.38,75.69
15.79,15.79,88.85,64.72,76.44
16.94,16.94,91.22,61.91,76.93
22.78,22.78,89.53,64.00,77.43
20.96,20.96,87.72,68.02,77.72
18.98,18.98,87.88,68.89,78.02
20.78,20.78,88.67,64.10,78.85
19.24,19.24,86.76,59.59,78.39
18.91,18.91,84.28,69.03,77.54
20.72,20.72,82.21,72.72,78.31
22.13,22.13,83.54,76.04,80.00
19.18,19.18,81.07,78.33,78.80
20.47,20.47,75.73,77.86,80.01
22.27,22.27,71.68,80.81,80.21
21.68,21.68,73.33,80.45,79.41
29.98,29.98,70.58,81.11,78.50
37.48,37.48,62.26,79.27,79.27
36.08,36.08,63.32,79.02,76.03
26.83,26.83,66.51,80.27,74.05
16.58,16.58,78.62,73.20,72.02
16.99,16.99,88.84,66.05,76.71
24.17,24.17,88.87,61.10,76.74
19.06,19.06,91.10,50.80,79.27
20.63,20.63,88.88,53.42,81.23
25.31,25.31,88.53,57.43,78.62
25.41,25.41,87.23,55.60,79.12
26.66,26.66,85.96,53.79,77.57
28.77,28.77,86.43,59.18,77.71
29.16,29.16,84.17,62.26,77.05
23.48,23.48,83.47,68.21,77.52
27.10,27.10,83.39,79.56,79.67
27.30,27.30,78.76,77.13,78.52
27.97,27.97,74.87,79.17,78.31
27.83,27.83,75.48,79.43,78.43
25.86,25.86,74.12,80.59,78.03
24.67,24.67,69.10,78.10,78.34
23.75,23.75,64.76,79.10,78.23
24.67,24.67,67.21,80.25,77.25
23.20,23.20,68.24,80.15,79.96
18.70,18.70,74.55,78.83,77.93
15.36,15.36,88.56,71.02,78.68
22.84,22.84,88.94,63.25,79.02
31.25,31.25,89.61,51.93,79.76
36.55,36.55,90.22,50.90,80.19
37.77,37.77,86.74,55.74,79.04
36.71,36.71,86.01,61.06,79.35
35.81,35.81,86.90,60.27,79.13
35.64,35.64,85.67,60.18,77.66
31.91,31.91,83.91,62.06,77.89
27.52,27.52,84.22,71.71,77.55
25.20,25.20,80.69,77.23,79.04
23.98,23.98,76.43,78.51,81.16
25.35,25.35,77.15,80.68,79.82
25.89,25.89,77.20,78.95,79.36
24.89,24.89,72.69,78.84,79.13
22.55,22.55,65.84,77.73,79.14
23.86,23.86,66.28,80.04,78.47
21.89,21.89,65.98,80.37,79.70
16.91,16.91,67.18,81.32,80.98
19.26,19.26,74.23,77.90,78.94
20.41,20.41,88.64,72.73,76.68
20.09,20.09,87.84,65.38,76.95
22.29,22.29,89.22,56.70,77.91
21.04,21.04,89.97,50.21,78.68
24.42,24.42,87.58,49.85,80.28
28.73,28.73,86.90,50.50,78.72
27.57,27.57,87.17,50.87,78.56
24.73,24.73,85.10,51.55,76.36
20.34,20.34,85.56,63.23,75.30
15.42,15.42,82.85,70.47,74.54
25.12,25.12,78.03,77.41,79.61
25.54,25.54,78.07,80.86,80.06
26.01,26.01,80.09,79.63,79.90
26.52,26.52,76.84,79.63,81.83
29.68,29.68,70.85,78.81,80.75
26.41,26.41,70.59,78.12,80.65
23.97,23.97,69.33,79.08,80.18
26.18,26.18,66.61,81.60,80.72
26.66,26.66,67.76,81.14,80.64
22.19,22.19,72.72,76.10,79.69
10.17,10.17,85.94,70.58,78.97
15.29,15.29,89.18,61.68,78.00
13.51,13.51,91.04,57.77,77.04
16.06,16.06,90.33,52.45,78.13
17.78,17.78,88.51,58.55,80.21
23.27,23.27,88.29,60.13,78.03
24.20,24.20,86.82,62.73,79.72
22.85,22.85,86.65,61.60,79.34
20.56,20.56,85.20,66.86,79.58
21.37,21.37,84.34,69.31,76.60
21.74,21.74,80.22,67.20,77.50
20.66,20.66,75.63,80.42,79.69
18.93,18.93,73.36,76.85,79.23
17.45,17.45,73.61,79.32,78.48
16.10,16.10,73.02,77.68,77.82
14.76,14.76,71.08,79.58,77.82
13.96,13.96,68.58,78.80,76.70
14.60,14.60,67.87,77.92,74.74
12.60,12.60,65.43,76.16,72.78
19.38,19.38,74.05,73.10,71.11
22.57,22.57,86.09,71.84,76.07
22.27,22.27,88.38,63.84,77.81
21.53,21.53,89.10,54.06,78.93
18.32,18.32,89.63,53.52,78.88
21.05,21.05,88.79,57.71,77.62
22.27,22.27,87.10,62.54,77.80
25.87,25.87,86.95,65.47,77.26
21.55,21.55,84.89,64.95,78.08
23.93,23.93,83.52,64.59,78.82
20.83,20.83,83.15,68.03,77.11
21.58,21.58,84.82,73.14,77.38
21.65,21.65,85.32,76.59,76.93
18.73,18.73,82.12,78.51,78.37
15.82,15.82,79.58,78.96,77.48
18.99,18.99,77.09,80.34,76.58
17.91,17.91,73.66,78.33,76.59
23.68,23.68,69.59,78.87,76.57
29.90,29.90,65.25,80.07,80.25
27.06,27.06,66.78,78.46,80.14
24.76,24.76,73.22,77.07,76.93
19.23,19.23,82.40,69.03,78.16
17.94,17.94,87.36,62.38,78.04
20.02,20.02,89.80,54.71,78.21
20.52,20.52,90.93,44.89,79.27
31.16,31.16,89.37,57.28,79.50
27.59,27.59,89.34,59.98,77.63
22.05,22.05,87.86,62.02,77.31
25.72,25.72,86.70,59.48,78.05
23.08,23.08,85.85,63.38,77.22
17.35,17.35,84.77,62.73,78.20
15.19,15.19,81.12,76.45,78.52
24.58,24.58,73.93,78.71,78.28
21.52,21.52,71.18,78.97,78.03
21.41,21.41,68.33,77.41,79.24
24.60,24.60,65.58,75.47,79.50
29.72,29.72,65.45,76.53,78.88
28.63,28.63,66.41,74.05,80.09
31.31,31.31,65.70,76.41,78.12
29.79,29.79,67.11,77.87,77.47
23.90,23.90,71.05,75.28,76.99
17.96,17.96,81.86,76.58,76.80
15.26,15.26,88.69,65.32,76.84
14.44,14.44,88.52,57.10,77.88
17.33,17.33,91.16,52.88,76.49
19.07,19.07,88.47,49.64,79.83
17.67,17.67,85.94,51.15,78.47
22.61,22.61,85.08,54.77,76.85
25.53,25.53,84.46,55.66,77.14
21.85,21.85,84.17,60.28,78.29
16.53,16.53,84.40,62.09,76.50
17.63,17.63,81.78,69.80,76.74
19.97,19.97,83.70,80.66,79.66
19.80,19.80,83.04,79.45,79.39
21.34,21.34,82.37,80.28,78.21
22.47,22.47,78.94,79.50,80.88
19.35,19.35,76.11,79.48,78.51
20.86,20.86,72.66,79.70,78.39
20.67,20.67,69.58,79.78,78.84
17.07,17.07,66.21,78.95,77.95
16.24,16.24,71.27,78.33,79.23
14.19,14.19,78.04,74.68,77.31
14.06,14.06,88.07,63.24,76.65
18.58,18.58,90.77,54.91,77.87
26.25,26.25,90.22,48.51,75.96
31.42,31.42,90.95,51.40,78.71
26.54,26.54,89.08,55.34,76.64
29.40,29.40,87.79,57.37,78.94
27.15,27.15,87.63,59.56,77.76
26.68,26.68,88.28,63.26,76.06
22.67,22.67,85.29,62.44,77.19
19.42,19.42,81.54,77.01,77.31
19.46,19.46,74.82,79.94,78.60
21.46,21.46,74.70,78.00,78.58
27.57,27.57,76.39,77.39,78.35
29.81,29.81,76.10,78.26,78.51
26.27,26.27,74.74,78.18,78.59
23.56,23.56,71.34,77.46,77.99
22.70,22.70,65.32,77.37,75.53
19.80,19.80,63.16,78.27,72.98
22.14,22.14,69.20,77.53,72.87
19.49,19.49,76.01,76.38,72.27
20.00,20.00,88.21,70.72,77.10
18.38,18.38,88.25,66.32,78.96
19.45,19.45,89.42,55.18,78.90
26.35,26.35,90.16,45.60,77.87
19.58,19.58,89.16,46.03,77.96
23.06,23.06,87.99,48.53,77.49
22.59,22.59,87.83,52.34,77.07
21.19,21.19,84.67,59.81,77.02
26.73,26.73,82.64,62.97,76.86
23.99,23.99,83.18,67.35,76.44
25.28,25.28,84.19,78.52,79.92
21.95,21.95,81.86,81.78,78.09
15.10,15.10,73.38,80.59,77.74
20.34,20.34,65.22,77.99,78.15
16.45,16.45,69.49,80.47,78.41
21.36,21.36,70.32,80.40,77.96
21.90,21.90,66.78,79.00,77.90
17.24,17.24,65.74,80.28,77.56
19.03,19.03,70.69,79.50,77.05
17.26,17.26,76.39,72.42,76.85
15.63,15.63,88.21,64.68,78.03
15.63,15.63,89.74,58.78,76.21
17.75,17.75,91.80,47.71,76.83
19.87,19.87,89.13,54.18,78.16
23.94,23.94,87.94,58.52,77.61
27.32,27.32,88.52,58.78,79.20
25.92,25.92,86.84,56.50,79.39
23.30,23.30,86.74,60.01,79.33
14.24,14.24,84.20,67.77,77.76
17.13,17.13,83.58,71.42,77.56
20.93,20.93,82.86,78.14,79.53
24.61,24.61,81.89,80.37,80.59
26.56,26.56,80.25,79.83,78.44
24.01,24.01,76.82,80.13,77.53
19.86,19.86,70.37,80.29,77.38
21.32,21.32,64.66,80.08,79.62
22.59,22.59,66.65,79.99,78.65
19.35,19.35,67.87,78.55,77.89
19.49,19.49,69.23,78.46,78.63
21.46,21.46,77.04,74.20,77.91
18.45,18.45,89.19,69.56,76.36
22.49,22.49,88.32,60.66,78.40
23.15,23.15,89.66,50.83,78.42
23.81,23.81,89.51,45.87,79.69
27.09,27.09,87.22,49.97,78.61
25.80,25.80,85.72,55.75,76.99
26.98,26.98,85.25,63.07,77.74
27.81,27.81,85.45,66.15,77.53
22.03,22.03,85.67,67.20,76.72
16.46,16.46,84.67,73.42,75.79
25.21,25.21,75.48,78.76,77.49
30.13,30.13,72.83,79.10,77.93
29.24,29.24,76.85,80.01,79.22
28.12,28.12,77.69,80.60,78.38
30.71,30.71,75.33,79.95,77.83
26.42,26.42,70.19,79.81,77.60
26.60,26.60,64.56,80.61,80.28
18.44,18.44,65.06,79.74,79.30
14.15,14.15,68.18,79.80,79.25
15.22,15.22,74.17,77.78,79.07
11.37,11.37,88.24,68.72,76.82
10.94,10.94,88.07,65.99,77.56
16.27,16.27,90.22,53.96,76.25
15.04,15.04,91.27,53.38,77.05
19.17,19.17,89.52,56.96,78.22
20.38,20.38,87.81,57.15,78.44
21.81,21.81,85.27,58.20,78.16
23.67,23.67,84.41,58.91,79.82
20.13,20.13,85.03,63.83,78.96
15.81,15.81,83.64,63.42,79.01
16.88,16.88,84.30,79.61,78.78
18.38,18.38,82.95,75.32,80.38
22.35,22.35,83.06,78.02,79.06
20.88,20.88,80.58,77.93,79.48
26.08,26.08,77.03,77.65,79.98
30.87,30.87,75.47,80.00,77.59
30.18,30.18,72.19,79.16,75.55
24.29,24.29,64.05,79.25,73.92
19.33,19.33,64.34,79.06,71.72
15.52,15.52,71.45,75.44,71.49
16.08,16.08,86.35,72.82,76.76
15.68,15.68,88.24,60.72,77.81
17.31,17.31,90.03,53.92,76.76
16.35,16.35,89.68,51.46,79.77
18.15,18.15,87.43,52.90,79.01
20.08,20.08,86.54,48.81,78.61
25.52,25.52,86.04,63.56,77.62
31.18,31.18,87.38,66.80,78.05
30.92,30.92,85.33,64.77,78.74
25.58,25.58,83.64,63.99,76.30
24.20,24.20,80.38,75.35,77.74
22.14,22.14,75.00,77.88,77.37
20.30,20.30,73.33,76.41,78.37
17.08,17.08,72.71,77.51,77.05
17.65,17.65,70.68,76.54,77.32
18.41,18.41,68.35,75.71,77.19
20.09,20.09,65.15,72.75,75.76
21.35,21.35,63.64,76.42,76.83
18.00,18.00,65.87,78.88,77.72
21.27,21.27,73.50,74.66,75.71
19.11,19.11,83.81,67.89,78.67
22.68,22.68,87.69,63.43,77.43
25.55,25.55,90.44,52.49,77.43
29.19,29.19,89.93,54.05,76.96
28.54,28.54,89.54,52.41,78.34
33.06,33.06,87.66,56.78,77.68
31.47,31.47,87.39,59.77,76.43
33.68,33.68,85.39,59.37,78.03
27.20,27.20,83.86,62.94,76.20
20.83,20.83,82.49,71.31,77.79
25.67,25.67,83.50,72.79,77.24
27.51,27.51,82.34,78.91,78.75
24.77,24.77,78.88,77.61,79.37
24.13,24.13,76.42,79.76,77.81
24.08,24.08,75.21,78.97,78.55
22.78,22.78,69.97,79.23,77.29
21.39,21.39,66.24,75.70,77.66
21.17,21.17,64.88,78.73,77.08
18.98,18.98,65.32,76.03,78.28
16.27,16.27,70.64,74.26,77.70
13.72,13.72,84.52,78.84,77.96
16.16,16.16,88.66,65.82,78.17
17.49,17.49,88.71,57.39,77.35
18.06,18.06,90.55,43.30,79.34
18.30,18.30,88.33,46.21,79.67
26.25,26.25,88.78,51.96,80.33
29.73,29.73,87.67,53.37,77.07
35.86,35.86,86.67,59.61,76.74
33.65,33.65,86.23,63.72,74.76
28.61,28.61,85.83,62.14,74.86
23.90,23.90,84.27,77.83,75.36
23.36,23.36,81.81,77.34,78.39
20.09,20.09,80.32,78.24,78.18
24.67,24.67,78.01,76.66,79.18
26.74,26.74,75.85,79.72,77.87
27.51,27.51,73.78,78.95,77.57
28.35,28.35,70.45,78.84,77.52
25.96,25.96,65.61,78.84,76.63
27.77,27.77,64.33,79.57,77.89
27.56,27.56,71.77,76.23,77.82
23.64,23.64,80.70,73.04,76.38
16.18,16.18,88.29,69.68,77.28
16.02,16.02,89.58,58.61,76.97
15.90,15.90,91.96,52.45,77.04
18.28,18.28,89.78,49.82,76.03
23.84,23.84,86.48,53.69,76.12
25.14,25.14,85.33,54.85,77.40
20.61,20.61,84.58,63.96,77.53
20.06,20.06,84.41,62.20,77.66
18.41,18.41,84.76,65.91,76.59
17.16,17.16,80.85,69.71,76.51
22.55,22.55,79.65,78.68,78.82
19.19,19.19,79.37,76.63,78.81
19.34,19.34,77.70,77.94,78.69
22.89,22.89,74.97,78.31,78.02
26.54,26.54,72.91,77.10,76.24
31.67,31.67,69.67,75.89,76.46
31.15,31.15,67.82,78.99,73.82
26.82,26.82,63.05,75.00,72.96
17.18,17.18,68.84,71.09,71.01
10.65,10.65,81.80,73.49,72.75
17.54,17.54,88.14,67.96,78.31
18.66,18.66,90.22,56.41,78.47
18.81,18.81,90.63,49.85,78.64
22.42,22.42,90.25,55.66,78.95
24.19,24.19,86.94,60.39,79.30
25.02,25.02,86.25,64.64,77.74
22.86,22.86,86.64,67.63,78.40
21.54,21.54,86.82,66.24,77.37
20.17,20.17,84.45,69.21,77.56
17.94,17.94,83.85,70.36,76.78
20.03,20.03,83.71,76.28,79.05
17.69,17.69,82.07,73.83,79.18
20.73,20.73,80.70,77.99,79.69
17.56,17.56,76.62,80.26,77.82
17.03,17.03,71.36,78.79,78.43
17.03,17.03,67.21,79.26,78.34
18.39,18.39,63.83,79.54,77.33
16.57,16.57,66.15,78.66,76.76
12.41,12.41,72.90,75.38,76.18
12.66,12.66,79.83,64.17,76.21
16.48,16.48,88.98,62.74,77.21
17.01,17.01,89.37,58.80,76.52
17.69,17.69,90.58,54.66,77.50
20.82,20.82,89.17,62.84,78.30
21.47,21.47,88.33,65.84,78.26
20.45,20.45,87.90,67.37,76.49
21.18,21.18,88.48,68.27,77.36
22.05,22.05,86.48,66.71,76.94
26.53,26.53,84.69,67.93,77.00
27.24,27.24,82.29,71.89,76.88
23.99,23.99,78.81,76.89,79.41
18.97,18.97,71.29,76.76,78.57
17.43,17.43,69.97,77.52,79.75
14.06,14.06,70.86,75.68,79.33
18.65,18.65,69.37,76.70,77.45
16.96,16.96,68.17,77.59,76.92
15.52,15.52,66.02,76.62,76.90
15.71,15.71,66.96,79.79,79.02
15.65,15.65,69.48,77.82,77.66
17.53,17.53,76.07,75.90,77.18
16.26,16.26,88.71,66.54,77.39
17.10,17.10,88.59,59.32,75.88
19.27,19.27,91.51,53.19,77.96
22.02,22.02,89.11,55.15,78.80
21.74,21.74,86.87,63.01,78.19
25.08,25.08,87.14,64.84,78.72
26.51,26.51,85.47,63.99,78.19
23.16,23.16,84.43,64.94,76.44
22.28,22.28,83.38,64.10,75.78
19.47,19.47,84.28,68.17,75.63
20.62,20.62,84.99,78.00,78.49
20.22,20.22,83.51,75.88,78.77
21.33,21.33,80.26,75.79,79.16
21.89,21.89,77.74,72.90,79.28
18.57,18.57,75.48,73.37,78.55
19.08,19.08,71.52,75.10,78.54
20.29,20.29,66.10,76.86,77.49
20.56,20.56,62.61,76.70,79.09
18.52,18.52,66.75,74.61,76.51
15.36,15.36,74.15,71.49,77.33
12.52,12.52,89.09,69.82,79.45
15.29,15.29,89.75,60.52,77.18
18.13,18.13,89.99,57.10,78.29
22.23,22.23,91.24,59.87,77.20
19.76,19.76,89.48,61.18,77.99
16.62,16.62,88.43,61.30,77.99
17.79,17.79,87.31,63.22,76.97
14.53,14.53,86.30,66.38,78.21
18.20,18.20,85.90,69.36,78.04
17.37,17.37,85.00,68.82,76.38
21.20,21.20,75.81,75.18,78.86
16.03,16.03,70.42,75.13,77.96
17.13,17.13,68.36,75.91,78.98
16.12,16.12,66.08,75.68,78.11
17.44,17.44,64.91,74.84,77.57
18.46,18.46,63.15,73.97,77.25
17.40,17.40,63.14,76.09,74.34
13.68,13.68,63.73,77.56,73.24
10.08,10.08,65.89,75.19,73.17
5.65,5.65,71.14,76.64,72.32
17.32,17.32,87.58,73.86,76.61
15.56,15.56,88.25,65.45,78.14
23.44,23.44,90.49,61.37,78.64
18.67,18.67,90.30,51.81,78.46
20.08,20.08,86.89,46.51,78.54
19.19,19.19,85.37,54.33,76.89
21.77,21.77,84.82,60.78,76.61
24.67,24.67,84.49,64.65,77.67
24.91,24.91,84.80,67.73,77.74
26.44,26.44,81.95,68.12,77.36
20.59,20.59,82.57,72.87,78.32
18.30,18.30,83.71,75.68,78.77
23.23,23.23,82.71,77.24,78.64
22.08,22.08,77.52,78.09,78.10
25.89,25.89,74.80,78.70,77.34
29.30,29.30,71.82,79.51,77.79
29.87,29.87,69.32,78.66,76.79
32.58,32.58,66.22,79.07,78.86
32.39,32.39,66.94,78.69,78.72
27.00,27.00,74.15,72.06,78.20
21.51,21.51,85.94,68.83,77.66
27.74,27.74,89.61,65.74,78.35
30.85,30.85,89.71,61.57,77.66
34.13,34.13,90.29,52.65,78.16
36.28,36.28,88.92,53.95,78.98
32.46,32.46,88.49,59.56,78.29
35.97,35.97,88.17,64.67,78.05
32.48,32.48,88.46,66.24,77.40
24.82,24.82,85.89,68.87,76.05
21.54,21.54,83.85,69.26,75.87
24.25,24.25,80.44,79.59,76.64
24.49,24.49,77.49,75.73,79.98
23.60,23.60,76.96,78.01,79.75
24.47,24.47,73.01,77.91,78.65
20.52,20.52,68.29,76.89,77.65
22.88,22.88,64.61,74.83,77.47
29.59,29.59,64.36,77.17,78.10
35.09,35.09,64.68,78.05,76.55
32.61,32.61,66.36,77.35,79.47
23.53,23.53,71.18,76.05,78.15
13.57,13.57,86.18,78.34,79.32
11.75,11.75,88.79,69.01,76.56
20.11,20.11,90.63,61.15,76.45
21.36,21.36,89.18,55.00,77.72
17.72,17.72,87.53,49.50,78.42
22.40,22.40,86.55,53.51,78.18
26.52,26.52,87.17,61.39,77.04
25.06,25.06,84.90,61.34,76.48
23.20,23.20,83.55,64.26,74.99
20.02,20.02,82.06,66.35,73.74
18.74,18.74,83.87,72.22,76.26
21.36,21.36,81.46,77.45,79.62
23.34,23.34,79.06,79.03,79.47
22.93,22.93,77.23,79.73,79.64
26.18,26.18,75.42,79.11,78.89
32.69,32.69,71.57,77.74,79.25
27.22,27.22,66.84,81.21,77.44
23.14,23.14,63.37,79.39,77.17
21.84,21.84,64.46,75.87,79.07
15.67,15.67,71.22,75.84,78.79
13.89,13.89,82.91,74.96,77.59
15.28,15.28,89.21,69.32,77.96
19.09,19.09,90.47,65.49,77.42
25.81,25.81,91.85,61.88,76.13
27.06,27.06,90.09,57.25,76.27
26.64,26.64,88.05,60.32,75.77
22.95,22.95,86.98,57.40,77.54
22.02,22.02,85.58,57.45,77.62
20.88,20.88,85.27,60.11,76.94
18.58,18.58,85.13,63.66,76.76
20.55,20.55,82.98,78.54,78.33
22.53,22.53,78.88,79.04,80.37
21.04,21.04,71.75,77.40,79.23
23.66,23.66,72.34,77.22,79.12
21.27,21.27,73.58,76.71,79.80
21.40,21.40,72.29,78.20,78.38
20.82,20.82,69.48,79.93,76.30
18.58,18.58,65.81,78.97,74.21
11.75,11.75,62.38,78.51,72.57
14.01,14.01,70.47,77.66,71.01
13.20,13.20,81.09,74.67,73.04
20.59,20.59,89.16,70.65,78.41
22.14,22.14,88.85,64.41,77.95
17.46,17.46,90.85,55.82,77.96
21.28,21.28,90.35,49.89,80.27
23.39,23.39,88.82,54.70,78.36
23.90,23.90,87.54,59.66,78.61
25.92,25.92,86.23,60.56,77.01
26.89,26.89,84.96,57.65,77.94
20.79,20.79,85.04,62.21,78.19
20.43,20.43,82.41,65.42,79.95
24.29,24.29,83.01,76.26,77.98
25.94,25.94,80.82,79.96,78.83
20.86,20.86,76.19,80.83,77.89
16.22,16.22,68.18,78.94,78.14
26.34,26.34,64.79,78.10,77.14
28.97,28.97,66.48,79.09,78.88
24.32,24.32,66.46,79.49,77.75
28.31,28.31,67.70,80.18,77.11
18.88,18.88,71.38,78.87,76.76
15.82,15.82,78.95,75.60,77.33
17.59,17.59,88.68,69.02,77.50
17.15,17.15,89.78,60.54,77.51
21.76,21.76,89.56,55.88,78.49
22.59,22.59,89.18,58.18,78.93
25.23,25.23,86.06,61.36,79.01
23.13,23.13,86.21,64.44,78.32
25.08,25.08,87.16,65.42,78.58
24.97,24.97,87.84,60.22,77.95
15.45,15.45,85.20,65.06,77.78
18.26,18.26,80.80,65.58,77.99
23.77,23.77,80.41,78.31,79.00
24.63,24.63,80.57,79.19,79.15
21.31,21.31,80.00,76.13,78.16
20.07,20.07,77.57,76.81,78.20
22.14,22.14,74.14,78.14,77.06
23.42,23.42,68.68,79.32,76.89
25.08,25.08,66.10,78.83,76.07
23.09,23.09,67.85,76.38,77.90
21.06,21.06,70.04,77.77,79.67
14.07,14.07,77.75,78.80,79.04
16.41,16.41,89.29,69.99,77.12
20.09,20.09,87.67,55.80,77.96
24.34,24.34,89.93,53.64,77.29
28.09,28.09,89.14,50.90,78.70
24.02,24.02,87.43,52.14,77.31
30.57,30.57,85.94,52.79,77.69
30.06,30.06,86.28,56.11,76.19
28.85,28.85,84.38,57.19,75.54
24.75,24.75,84.45,64.58,75.00
21.10,21.10,83.23,73.92,76.74
16.82,16.82,78.68,80.70,80.68
22.79,22.79,73.40,79.54,79.48
30.16,30.16,72.70,77.73,79.98
30.91,30.91,75.25,79.17,79.50
28.74,28.74,73.41,80.82,78.33
27.73,27.73,69.54,80.89,79.26
19.44,19.44,63.16,78.99,81.32
20.87,20.87,64.04,79.92,78.78
19.53,19.53,67.70,79.42,77.54
20.93,20.93,74.02,76.94,77.31
20.85,20.85,88.00,72.75,78.75
21.05,21.05,89.11,60.49,80.23
21.96,21.96,90.55,57.05,79.78
24.53,24.53,89.20,52.56,80.76
25.93,25.93,88.34,52.37,82.18
25.61,25.61,88.84,51.35,81.37
25.74,25.74,87.16,59.73,80.04
24.29,24.29,84.08,64.28,80.38
23.25,23.25,82.28,66.80,80.36
24.05,24.05,84.07,67.26,79.47
27.54,27.54,84.77,77.13,79.78
35.26,35.26,81.39,78.78,80.65
36.52,36.52,74.60,79.19,81.40
37.77,37.77,67.68,78.56,83.13
40.43,40.43,66.86,76.74,82.33
37.13,37.13,67.24,77.50,81.00
31.91,31.91,64.70,79.48,79.79
25.55,25.55,62.50,79.75,75.85
22.04,22.04,63.63,78.29,75.79
18.93,18.93,76.18,74.23,74.05
20.61,20.61,88.96,66.81,77.73
20.79,20.79,87.34,63.46,79.96
25.49,25.49,90.12,55.58,79.73
31.22,31.22,89.83,55.93,81.41
30.71,30.71,87.40,61.94,82.52
32.46,32.46,87.41,65.77,81.85
35.50,35.50,86.83,66.53,80.16
34.41,34.41,85.98,66.69,80.50
37.01,37.01,85.30,62.37,79.41
35.71,35.71,84.35,66.44,79.09
40.59,40.59,80.42,75.70,79.26
46.74,46.74,81.35,80.45,81.76
37.69,37.69,80.35,80.01,81.53
25.01,25.01,79.08,80.44,81.95
29.69,29.69,75.27,79.84,81.55
44.93,44.93,65.68,79.81,80.50
45.77,45.77,65.83,78.72,79.69
40.15,40.15,68.07,79.53,79.68
34.05,34.05,67.53,79.46,80.68
29.18,29.18,74.46,77.07,79.77
32.04,32.04,87.90,68.30,79.94
31.45,31.45,87.91,63.58,79.96
28.47,28.47,89.71,47.47,79.40
33.49,33.49,90.19,48.45,79.63
36.91,36.91,86.91,54.35,79.49
49.90,49.90,85.75,55.41,80.32
45.16,45.16,85.14,55.02,79.77
47.78,47.78,85.71,62.32,79.76
45.65,45.65,86.54,67.52,77.90
37.93,37.93,84.10,67.55,79.47
32.84,32.84,77.79,77.78,79.73
29.95,29.95,72.44,76.42,81.66
28.47,28.47,75.47,76.57,79.77
29.89,29.89,76.47,78.19,80.07
34.42,34.42,75.11,79.95,79.94
36.68,36.68,71.50,79.00,79.31
40.85,40.85,66.93,78.78,80.40
46.03,46.03,66.21,79.97,80.91
46.34,46.34,67.18,78.94,78.74
38.47,38.47,71.01,78.33,79.13
36.58,36.58,84.88,71.83,79.88
37.46,37.46,87.97,65.23,80.23
32.91,32.91,88.66,55.54,79.40
34.97,34.97,89.86,48.29,80.32
36.85,36.85,88.90,56.71,79.89
40.57,40.57,87.77,61.96,79.89
51.36,51.36,87.06,64.08,78.80
49.84,49.84,86.16,65.99,78.90
49.39,49.39,82.71,65.96,77.64
48.08,48.08,83.01,65.81,78.92
42.90,42.90,83.90,77.72,80.05
37.71,37.71,81.71,77.19,80.42
38.24,38.24,75.44,78.71,81.36
37.68,37.68,69.22,80.32,81.11
35.71,35.71,69.95,79.44,80.58
41.47,41.47,70.51,79.12,79.70
43.50,43.50,68.02,79.76,81.51
43.90,43.90,64.18,78.47,79.24
43.63,43.63,65.60,78.88,79.06
40.67,40.67,71.95,76.43,79.91
37.86,37.86,81.77,62.50,80.13
32.79,32.79,86.97,59.92,78.86
34.35,34.35,90.53,51.45,79.80
34.41,34.41,89.90,45.68,80.01
28.15,28.15,88.41,52.06,79.18
32.50,32.50,87.88,52.05,81.00
36.81,36.81,88.71,50.97,81.85
37.18,37.18,86.40,59.13,81.06
37.72,37.72,84.84,64.43,82.87
33.15,33.15,82.80,68.98,80.78
31.25,31.25,84.21,71.61,78.59
33.46,33.46,82.43,78.47,80.60
36.04,36.04,78.34,79.64,80.85
44.39,44.39,71.97,77.29,81.27
38.05,38.05,73.24,78.69,82.01
32.69,32.69,72.32,78.69,81.81
39.51,39.51,67.74,78.81,82.68
45.86,45.86,59.39,82.80,79.71
41.12,41.12,58.87,81.45,80.46
34.15,34.15,59.76,81.88,79.99
33.04,33.04,61.20,79.16,79.46
31.99,31.99,65.20,72.55,82.39
33.76,33.76,67.71,73.89,81.11
37.55,37.55,68.71,71.76,82.26
45.58,45.58,66.87,70.63,81.88
37.20,37.20,61.19,72.36,80.18
33.67,33.67,57.45,71.77,80.94
36.75,36.75,55.36,68.35,81.20
37.81,37.81,54.23,65.35,81.77
33.76,33.76,55.06,66.85,80.49
31.58,31.58,64.72,78.22,80.96
33.98,33.98,70.39,80.64,79.89
43.11,43.11,71.09,81.45,79.49
46.81,46.81,69.38,78.45,81.86
37.46,37.46,67.86,78.01,80.23
35.46,35.46,61.36,79.68,76.71
28.54,28.54,57.77,80.16,79.67
29.22,29.22,54.98,79.12,79.21
26.93,26.93,56.06,80.31,80.00
26.38,26.38,56.23,79.40,79.00
28.69,28.69,64.16,78.89,77.97
26.53,26.53,73.68,71.05,78.99
30.62,30.62,74.81,73.69,78.26
36.21,36.21,70.60,73.17,80.56
31.18,31.18,68.43,71.97,78.86
36.15,36.15,64.66,72.24,78.20
34.05,34.05,61.74,69.13,79.53
31.60,31.60,59.23,70.04,78.26
32.97,32.97,60.15,69.71,79.82
29.41,29.41,58.75,71.68,78.89
27.65,27.65,59.72,75.43,76.12
30.43,30.43,64.44,80.73,80.24
33.29,33.29,64.00,79.25,81.43
30.14,30.14,65.97,78.69,80.77
30.29,30.29,66.59,79.51,80.99
34.83,34.83,67.11,81.01,79.99
39.29,39.29,67.44,80.66,80.52
34.53,34.53,67.72,80.94,79.91
25.30,25.30,69.93,80.82,81.46
22.81,22.81,72.26,78.84,81.03
23.30,23.30,81.15,77.12,79.56
22.48,22.48,87.45,68.69,79.39
25.09,25.09,90.00,58.95,79.90
33.63,33.63,88.54,49.95,80.90
33.23,33.23,88.42,46.52,80.55
34.38,34.38,87.68,51.65,80.66
34.33,34.33,86.61,55.77,81.22
24.78,24.78,86.00,63.51,80.16
25.87,25.87,86.25,67.37,80.14
28.42,28.42,84.23,71.84,79.19
27.46,27.46,81.63,75.12,78.21
19.76,19.76,78.86,79.75,83.39
15.68,15.68,80.28,76.86,83.20
16.33,16.33,77.47,75.08,81.78
21.70,21.70,73.28,76.52,81.26
25.39,25.39,72.42,79.91,81.02
22.97,22.97,72.08,79.23,81.57
20.85,20.85,70.25,80.75,82.81
30.31,30.31,69.69,80.29,82.12
23.41,23.41,73.48,77.15,81.70
23.42,23.42,79.89,77.21,80.00
20.53,20.53,87.72,65.46,80.61
18.64,18.64,88.22,62.57,80.06
22.82,22.82,90.28,52.93,80.17
29.89,29.89,88.75,52.69,78.93
29.92,29.92,87.61,58.72,80.82
25.32,25.32,87.81,60.57,79.59
26.25,26.25,87.09,65.30,79.48
21.15,21.15,84.88,67.69,78.86
15.42,15.42,84.80,66.39,79.62
13.57,13.57,82.50,69.08,77.76
18.49,18.49,80.71,74.40,79.81
18.03,18.03,77.94,79.26,79.47
16.73,16.73,77.17,74.68,80.30
19.58,19.58,76.42,76.76,78.78
20.19,20.19,74.16,74.43,79.57
17.01,17.01,71.72,75.55,79.27
14.07,14.07,69.01,77.72,78.24
13.15,13.15,67.59,78.29,77.38
11.51,11.51,71.37,75.08,74.36
7.14,7.14,77.82,78.87,75.34
9.01,9.01,86.82,71.05,78.77
19.32,19.32,87.78,62.64,78.94
15.39,15.39,90.08,55.47,78.39
13.74,13.74,89.57,40.47,79.58
19.54,19.54,87.78,56.95,79.44
24.29,24.29,87.43,64.09,79.11
26.94,26.94,86.04,67.37,79.44
27.05,27.05,85.13,68.08,77.65
23.14,23.14,84.01,67.44,78.80
20.18,20.18,84.88,67.29,78.22
20.42,20.42,85.21,76.56,79.50
25.07,25.07,83.16,74.72,82.48
20.15,20.15,80.04,76.65,78.57
17.03,17.03,76.85,78.07,80.88
18.98,18.98,74.08,77.56,79.86
22.38,22.38,69.83,77.12,81.28
28.23,28.23,67.27,77.80,81.13
32.97,32.97,67.13,73.63,80.84
34.26,34.26,68.82,75.10,80.60
31.16,31.16,72.57,68.28,79.58
21.39,21.39,88.53,63.10,79.20
21.27,21.27,88.58,62.05,77.71
30.79,30.79,89.42,56.57,79.76
34.19,34.19,90.34,46.02,79.53
31.25,31.25,88.53,59.29,79.10
36.69,36.69,88.09,64.64,80.13
31.44,31.44,86.81,66.58,78.56
27.55,27.55,86.01,65.67,79.75
22.66,22.66,85.74,65.34,79.66
17.13,17.13,84.81,68.86,80.76
22.32,22.32,76.39,72.64,80.64
23.73,23.73,71.58,75.49,81.96
29.37,29.37,69.37,74.41,81.19
31.80,31.80,67.53,76.07,81.30
30.70,30.70,66.73,77.67,79.16
23.70,23.70,66.83,77.00,79.90
24.16,24.16,67.28,76.10,79.54
29.17,29.17,65.73,78.84,80.63
26.22,26.22,65.73,72.57,81.30
16.29,16.29,72.88,74.49,80.00
18.98,18.98,87.11,77.63,79.81
19.74,19.74,87.03,64.17,79.28
22.81,22.81,89.90,59.82,79.40
22.10,22.10,89.92,48.67,79.82
17.50,17.50,87.33,47.91,79.29
21.71,21.71,85.62,57.61,77.45
22.66,22.66,84.80,60.18,79.34
21.24,21.24,84.53,60.87,77.99
19.22,19.22,84.86,61.52,78.01
11.30,11.30,82.38,62.76,76.64
14.61,14.61,83.76,74.88,80.32
21.53,21.53,84.29,74.65,80.06
31.40,31.40,83.82,74.85,81.57
32.96,32.96,80.13,76.29,80.04
27.88,27.88,76.85,76.26,80.41
32.81,32.81,72.63,77.04,79.51
22.10,22.10,68.85,77.02,76.73
17.65,17.65,64.89,78.99,76.28
19.75,19.75,65.78,78.31,75.80
19.27,19.27,71.06,74.03,77.35
17.10,17.10,85.42,67.77,76.02
16.01,16.01,88.54,60.50,78.81
17.44,17.44,89.86,56.98,77.98
19.82,19.82,90.18,56.05,77.86
28.34,28.34,88.84,59.33,78.52
27.14,27.14,88.65,62.65,77.64
20.51,20.51,88.32,62.44,80.15
18.76,18.76,88.56,63.63,80.16
26.19,26.19,86.02,63.61,77.55
23.90,23.90,83.82,65.51,77.96
19.31,19.31,79.04,78.80,79.20
23.32,23.32,75.91,78.90,81.39
22.60,22.60,76.39,79.88,79.14
14.86,14.86,76.44,80.38,79.66
19.36,19.36,76.10,78.93,78.16
25.29,25.29,73.87,77.93,79.35
18.79,18.79,69.54,77.72,78.03
16.14,16.14,63.06,79.87,78.52
13.21,13.21,62.33,78.85,76.85
14.03,14.03,69.44,80.28,74.30
12.72,12.72,83.49,73.40,77.17
22.66,22.66,87.62,69.50,79.10
23.85,23.85,89.66,63.27,78.22
17.85,17.85,89.62,62.33,80.18
22.79,22.79,88.74,59.78,78.95
26.45,26.45,88.75,65.33,77.85
18.36,18.36,88.14,69.11,78.15
21.31,21.31,84.39,67.92,78.95
26.17,26.17,82.73,66.02,78.97
24.78,24.78,83.01,67.33,78.36
25.68,25.68,83.99,75.08,78.48
27.98,27.98,82.80,75.88,79.00
22.70,22.70,77.01,77.74,80.01
21.58,21.58,66.62,78.28,80.30
22.71,22.71,69.90,78.15,78.53
24.23,24.23,70.45,78.39,78.87
23.58,23.58,67.47,79.64,78.51
24.41,24.41,65.73,78.76,77.46
31.94,31.94,66.23,78.63,80.07
23.82,23.82,69.89,77.91,78.54
24.80,24.80,80.74,68.72,77.90
19.81,19.81,88.71,67.04,77.19
18.00,18.00,89.20,56.35,79.06
18.92,18.92,92.29,54.27,78.19
23.23,23.23,89.63,61.40,78.44
25.19,25.19,88.31,63.80,78.50
24.69,24.69,87.39,62.48,77.51
23.05,23.05,86.55,61.25,79.93
22.69,22.69,84.62,65.17,76.96
26.28,26.28,83.84,68.41,78.15
20.89,20.89,83.06,70.19,78.69
23.77,23.77,82.43,76.60,79.87
24.18,24.18,80.70,78.04,78.84
21.22,21.22,77.99,77.58,79.75
24.84,24.84,72.76,77.85,79.43
26.81,26.81,67.92,75.07,79.75
28.94,28.94,66.81,77.72,78.66
23.09,23.09,67.15,79.34,77.21
20.92,20.92,67.65,79.60,78.62
19.43,19.43,70.87,77.22,77.78
15.40,15.40,80.88,73.61,77.73
13.86,13.86,88.38,66.15,77.70
13.62,13.62,89.66,56.97,78.07
16.31,16.31,89.51,51.25,80.14
17.89,17.89,88.51,55.05,79.47
21.75,21.75,85.74,59.01,78.73
22.44,22.44,85.87,59.78,79.00
28.75,28.75,85.76,66.08,76.78
31.42,31.42,86.65,69.08,76.70
32.90,32.90,86.53,66.25,77.63
25.74,25.74,80.73,72.63,77.00
24.11,24.11,75.25,76.78,81.48
22.71,22.71,77.32,78.54,79.83
21.18,21.18,77.97,78.48,79.94
24.92,24.92,76.48,76.83,79.80
22.42,22.42,72.67,75.40,78.60
19.87,19.87,66.99,74.81,79.16
18.68,18.68,62.82,76.59,78.32
16.88,16.88,66.36,79.62,78.17
18.97,18.97,71.63,78.68,77.35
18.54,18.54,81.31,80.11,78.11
18.66,18.66,87.90,65.45,80.37
15.43,15.43,89.95,61.12,78.38
14.30,14.30,89.56,51.68,80.99
16.62,16.62,89.92,51.27,79.88
18.06,18.06,87.78,57.89,79.66
22.72,22.72,86.03,64.31,81.02
21.41,21.41,84.55,64.35,80.22
16.65,16.65,85.06,63.07,79.62
13.09,13.09,83.23,63.01,78.98
10.15,10.15,83.71,74.36,79.30
17.54,17.54,83.57,76.03,80.10
20.15,20.15,82.35,78.00,80.66
22.97,22.97,81.38,76.98,81.65
20.91,20.91,77.25,79.77,79.17
19.53,19.53,74.51,79.36,78.54
21.23,21.23,70.91,79.84,78.54
21.80,21.80,65.71,80.24,78.83
20.54,20.54,61.17,78.18,77.90
11.69,11.69,66.82,76.14,79.10
9.03,9.03,76.47,82.50,77.60
11.29,11.29,88.25,70.09,79.47
19.79,19.79,88.76,62.10,79.60
20.07,20.07,91.45,51.48,78.42
23.41,23.41,87.61,49.25,77.90
26.99,26.99,86.64,58.81,78.04
19.86,19.86,85.94,60.25,78.08
19.55,19.55,86.62,58.01,77.47
19.44,19.44,84.89,55.37,78.42
17.15,17.15,83.40,65.28,77.42
17.02,17.02,81.61,65.73,77.54
22.87,22.87,78.38,74.89,79.83
20.01,20.01,71.94,77.43,79.60
19.81,19.81,67.77,76.99,79.56
21.21,21.21,64.24,79.52,78.70
20.41,20.41,61.52,76.76,79.06
24.99,24.99,60.16,77.76,78.76
29.64,29.64,59.63,79.98,81.15
33.74,33.74,61.21,79.10,80.39
31.67,31.67,68.80,77.23,79.22
27.77,27.77,76.75,68.55,78.15
27.40,27.40,88.76,67.53,79.66
25.47,25.47,89.75,59.08,79.87
25.68,25.68,90.18,49.60,79.89
27.17,27.17,89.18,53.13,79.45
29.65,29.65,89.03,55.30,80.20
28.01,28.01,88.64,60.86,78.23
23.45,23.45,86.60,60.44,79.24
20.91,20.91,84.31,61.66,78.74
21.68,21.68,83.46,65.67,79.98
25.12,25.12,84.31,68.04,78.61
30.80,30.80,83.64,78.28,79.15
36.66,36.66,81.78,79.13,80.68
36.09,36.09,78.57,78.96,79.37
34.92,34.92,76.74,79.61,80.35
32.55,32.55,72.54,77.98,79.13
29.87,29.87,65.74,80.27,80.42
31.22,31.22,60.24,79.90,79.93
34.60,34.60,60.98,80.89,80.13
29.99,29.99,67.03,79.41,79.40
24.55,24.55,72.12,73.35,79.76
18.85,18.85,88.56,76.64,79.08
19.36,19.36,88.20,69.13,80.26
21.16,21.16,88.98,54.36,80.39
23.27,23.27,89.32,58.84,80.30
27.76,27.76,88.19,60.05,78.97
26.68,26.68,87.22,60.50,78.37
24.99,24.99,86.94,58.55,78.08
26.58,26.58,86.35,62.63,78.97
26.18,26.18,86.11,63.20,76.72
22.14,22.14,85.34,66.63,77.52
24.96,24.96,79.88,78.75,79.42
22.61,22.61,76.91,76.25,79.93
24.39,24.39,75.44,77.96,78.80
25.33,25.33,74.41,78.47,79.96
28.48,28.48,72.42,78.14,80.17
30.67,30.67,68.34,78.08,78.93
33.90,33.90,64.54,77.21,77.93
32.46,32.46,60.97,77.63,78.69
26.96,26.96,66.07,78.11,77.88
20.34,20.34,74.61,76.73,75.64
20.66,20.66,88.07,75.21,76.92
20.28,20.28,88.34,67.43,79.68
28.55,28.55,89.77,55.85,77.93
31.40,31.40,91.26,52.86,77.84
27.49,27.49,88.81,56.36,77.54
22.32,22.32,86.19,63.91,77.48
19.47,19.47,84.79,64.96,77.98
21.46,21.46,84.78,63.68,79.25
16.35,16.35,84.49,62.07,78.43
19.74,19.74,81.69,65.67,77.59
25.28,25.28,80.77,72.95,79.60
31.46,31.46,81.95,77.82,79.47
35.07,35.07,81.51,75.21,79.29
37.92,37.92,77.35,75.38,79.38
39.12,39.12,74.58,77.66,80.14
40.63,40.63,71.51,78.21,78.04
40.81,40.81,66.80,79.65,76.16
35.51,35.51,62.19,79.94,74.39
25.74,25.74,63.34,78.42,72.55
22.36,22.36,71.55,74.61,72.94
22.56,22.56,85.86,76.94,76.97
17.12,17.12,89.42,68.24,77.78
18.13,18.13,89.31,51.87,77.53
18.71,18.71,89.36,49.95,76.26
26.22,26.22,88.78,51.73,78.52
34.82,34.82,87.91,55.32,77.84
43.58,43.58,87.82,60.17,77.64
45.12,45.12,86.46,62.80,78.31
38.38,38.38,84.65,66.65,76.55
32.70,32.70,84.23,64.90,77.90
27.53,27.53,83.88,76.21,78.64
20.27,20.27,81.91,75.67,79.52
17.32,17.32,80.82,79.29,79.33
19.92,19.92,75.78,77.63,79.66
20.71,20.71,70.65,79.14,77.59
17.72,17.72,63.76,79.47,77.81
16.69,16.69,62.29,79.23,77.89
20.36,20.36,62.75,76.11,77.65
20.42,20.42,65.97,76.15,77.80
19.10,19.10,72.39,75.00,77.70
18.82,18.82,84.99,69.89,77.04
20.59,20.59,88.61,66.27,78.84
19.70,19.70,90.07,61.25,76.88
21.50,21.50,89.34,54.62,77.72
22.65,22.65,88.10,49.41,77.62
20.57,20.57,87.53,56.59,77.75
22.02,22.02,87.81,57.45,79.41
25.20,25.20,85.54,61.23,79.60
24.10,24.10,84.18,60.52,78.35
18.23,18.23,83.27,64.26,76.69
18.27,18.27,82.30,64.62,78.92
21.81,21.81,77.40,73.77,80.66
22.05,22.05,75.11,74.56,79.69
19.85,19.85,74.01,77.39,80.67
21.29,21.29,72.43,78.20,78.92
20.98,20.98,68.59,80.24,80.00
22.85,22.85,64.67,78.51,78.78
21.81,21.81,64.73,76.53,78.71
17.40,17.40,66.75,76.29,79.96
17.24,17.24,72.74,74.43,78.10
16.71,16.71,82.88,78.05,77.44
15.01,15.01,88.39,71.69,79.64
20.85,20.85,88.26,60.68,79.25
18.51,18.51,91.50,51.34,78.51
18.44,18.44,89.50,50.99,78.78
20.78,20.78,87.01,58.43,79.29
21.40,21.40,85.76,56.64,77.36
21.37,21.37,84.25,58.39,77.18
22.78,22.78,83.89,60.22,74.89
16.69,16.69,85.09,62.32,75.80
15.70,15.70,84.56,72.26,77.50
18.08,18.08,84.13,75.79,81.36
20.98,20.98,81.92,73.94,81.72
23.26,23.26,79.22,76.49,80.90
23.82,23.82,76.64,77.59,80.61
20.96,20.96,71.38,78.25,81.25
18.66,18.66,65.09,77.15,80.14
19.85,19.85,60.36,79.12,80.81
25.27,25.27,62.91,80.44,80.03
24.04,24.04,70.25,77.49,81.27
19.72,19.72,81.22,64.24,79.29
17.66,17.66,89.22,66.29,80.57
18.45,18.45,89.89,60.67,79.79
15.17,15.17,90.22,55.50,81.51
17.57,17.57,89.60,57.99,79.15
22.19,22.19,88.16,63.72,82.47
24.82,24.82,87.28,61.61,80.93
23.30,23.30,86.32,61.91,81.23
20.79,20.79,86.09,63.80,79.85
15.91,15.91,86.07,66.20,78.68
11.67,11.67,80.61,73.58,78.33
19.52,19.52,74.02,76.87,80.56
16.07,16.07,69.87,76.10,79.42
18.21,18.21,68.48,75.89,79.47
18.08,18.08,67.12,76.73,79.80
13.84,13.84,68.30,76.21,78.93
14.66,14.66,66.29,76.79,79.00
9.41,9.41,62.25,77.43,76.35
9.57,9.57,59.77,76.64,75.76
7.01,7.01,65.75,77.11,76.42
10.10,10.10,77.28,82.37,75.53
15.87,15.87,87.97,70.64,78.36
14.46,14.46,89.40,64.99,80.29
21.65,21.65,89.02,59.44,79.84
19.32,19.32,88.36,46.15,79.19
21.93,21.93,86.68,53.98,79.15
21.55,21.55,85.32,61.43,78.36
24.08,24.08,85.23,61.66,77.75
25.34,25.34,85.20,59.49,77.58
22.71,22.71,83.02,63.61,79.01
20.89,20.89,82.04,67.58,78.76
23.63,23.63,83.92,78.20,81.30
23.70,23.70,84.46,76.94,81.70
22.13,22.13,81.29,78.34,80.37
20.27,20.27,78.04,78.73,79.72
19.22,19.22,74.54,78.33,79.94
25.46,25.46,70.72,78.76,82.04
28.72,28.72,66.11,78.93,80.66
26.95,26.95,64.93,78.67,80.09
22.01,22.01,68.09,76.82,80.03
19.27,19.27,76.47,75.77,76.69
19.50,19.50,88.93,69.16,80.46
17.31,17.31,88.64,61.11,79.09
21.30,21.30,90.24,53.94,79.34
26.75,26.75,89.51,53.60,79.61
28.52,28.52,88.34,52.55,79.54
29.63,29.63,87.90,54.44,79.82
28.50,28.50,88.53,60.41,78.84
25.41,25.41,86.15,58.50,80.71
19.72,19.72,84.65,63.96,79.46
14.07,14.07,82.17,71.70,80.08
21.51,21.51,76.78,78.98,80.60
16.94,16.94,74.40,76.58,81.17
19.79,19.79,71.74,76.99,79.68
24.45,24.45,66.58,78.74,78.57
24.43,24.43,65.10,76.79,79.31
22.73,22.73,66.17,77.42,79.52
23.41,23.41,65.47,76.62,80.43
19.20,19.20,65.03,78.44,78.33
15.67,15.67,68.15,78.20,79.13
16.41,16.41,76.21,73.54,77.94
16.04,16.04,87.98,76.89,78.68
16.55,16.55,88.17,66.64,78.28
22.45,22.45,90.44,59.16,78.63
16.52,16.52,88.95,55.18,79.72
20.38,20.38,86.98,56.47,78.98
21.94,21.94,86.59,58.17,79.75
20.74,20.74,85.36,63.33,79.03
25.53,25.53,83.79,63.91,77.50
27.42,27.42,83.14,59.69,79.17
17.12,17.12,83.77,62.84,78.19
18.78,18.78,82.91,75.31,80.62
29.30,29.30,81.92,78.69,78.82
35.36,35.36,80.64,77.69,81.89
36.04,36.04,79.26,79.22,78.88
26.69,26.69,76.93,78.75,80.40
26.18,26.18,73.48,77.88,77.79
18.97,18.97,69.12,78.42,77.68
17.41,17.41,65.31,78.10,77.77
16.90,16.90,66.55,78.55,78.57
17.60,17.60,75.66,77.45,78.28
17.45,17.45,88.37,73.34,76.69
17.61,17.61,89.21,67.17,77.75
14.44,14.44,90.24,62.26,78.95
18.70,18.70,91.60,58.44,77.45
19.59,19.59,89.37,59.76,78.39
17.79,17.79,88.22,60.12,79.03
19.81,19.81,86.90,61.58,79.93
21.59,21.59,86.23,62.84,79.10
22.26,22.26,86.45,68.80,79.12
25.23,25.23,84.42,72.81,78.58
21.12,21.12,78.70,79.71,80.12
24.09,24.09,73.20,80.45,80.86
30.10,30.10,73.79,80.05,79.62
32.89,32.89,75.26,79.83,79.18
29.67,29.67,74.46,79.67,78.33
23.40,23.40,70.48,79.69,78.28
21.67,21.67,66.09,79.87,77.91
23.60,23.60,61.75,80.62,77.37
18.25,18.25,64.10,79.41,76.05
10.88,10.88,71.24,79.68,74.95
16.11,16.11,87.77,79.65,78.99
21.18,21.18,86.92,66.97,79.06
18.57,18.57,89.02,62.91,79.46
21.85,21.85,91.26,54.56,78.47
23.14,23.14,89.14,56.03,80.54
23.68,23.68,87.89,59.93,77.90
29.07,29.07,86.67,62.86,80.11
23.60,23.60,85.10,62.78,78.18
20.23,20.23,85.08,62.46,79.43
24.76,24.76,82.51,66.42,78.68
24.31,24.31,83.70,75.09,78.93
25.08,25.08,82.82,76.74,79.03
17.71,17.71,78.33,78.81,79.07
18.81,18.81,70.30,79.32,79.17
19.06,19.06,62.51,78.34,78.78
22.88,22.88,65.02,79.06,77.98
30.97,30.97,65.50,80.11,76.97
34.32,34.32,64.76,80.90,77.73
26.80,26.80,67.47,79.74,78.20
25.20,25.20,74.63,78.57,77.94
19.06,19.06,86.11,67.64,77.70
19.10,19.10,88.48,70.33,76.27
23.27,23.27,90.50,62.89,78.00
27.62,27.62,88.96,62.30,79.73
32.89,32.89,88.06,67.22,78.39
24.82,24.82,87.28,67.03,78.02
17.91,17.91,87.98,66.22,78.64
22.05,22.05,87.93,64.44,78.61
22.40,22.40,85.78,64.88,77.88
17.71,17.71,83.25,65.85,77.66
18.26,18.26,81.54,72.79,79.59
21.93,21.93,81.76,77.73,80.60
26.22,26.22,80.75,78.26,79.31
29.29,29.29,78.84,78.02,80.00
28.07,28.07,74.28,78.23,79.26
29.52,29.52,68.65,77.35,80.66
26.65,26.65,64.71,78.69,79.09
24.22,24.22,66.42,80.05,79.73
18.66,18.66,66.00,79.98,79.91
13.95,13.95,71.76,78.91,80.53
12.54,12.54,86.53,74.95,78.31
13.91,13.91,88.01,65.91,78.18
23.51,23.51,89.64,60.77,78.43
19.51,19.51,88.77,56.04,79.19
22.17,22.17,87.21,57.49,78.04
27.91,27.91,87.11,61.83,78.62
24.80,24.80,86.69,61.39,78.58
26.54,26.54,84.65,62.18,78.71
29.07,29.07,84.76,62.87,76.12
19.31,19.31,84.19,68.66,75.53
17.95,17.95,80.18,80.65,76.12
25.22,25.22,74.91,81.56,81.08
25.06,25.06,72.60,80.56,78.91
30.77,30.77,76.63,79.83,78.80
31.88,31.88,75.39,78.54,79.16
26.21,26.21,72.26,79.27,79.25
23.42,23.42,65.78,80.53,79.50
19.61,19.61,61.92,79.22,79.71
21.77,21.77,63.32,80.37,79.94
20.68,20.68,65.89,80.45,78.83
15.39,15.39,82.71,79.29,78.40
13.52,13.52,88.73,72.75,79.96
13.38,13.38,88.76,63.40,80.39
19.09,19.09,91.48,54.66,79.53
19.41,19.41,89.37,57.19,80.42
21.30,21.30,88.42,61.73,80.03
21.81,21.81,86.88,62.66,79.82
20.72,20.72,84.74,62.71,77.84
16.43,16.43,82.93,62.99,79.28
13.27,13.27,84.25,63.15,82.22
20.32,20.32,84.20,76.05,79.24
18.21,18.21,82.81,75.74,80.69
23.93,23.93,77.51,78.75,79.52
30.62,30.62,68.60,77.18,81.07
34.91,34.91,68.14,76.98,78.84
33.13,33.13,68.54,78.84,78.13
34.78,34.78,67.18,81.11,77.77
28.14,28.14,64.10,81.56,75.33
21.69,21.69,58.86,81.14,74.14
14.48,14.48,68.04,79.40,73.52
14.91,14.91,78.64,69.72,75.29
12.60,12.60,89.07,66.62,78.99
17.96,17.96,89.56,60.97,78.12
16.71,16.71,90.51,51.40,79.04
19.23,19.23,89.50,56.55,79.64
22.30,22.30,88.01,59.40,79.46
25.91,25.91,87.75,57.04,78.54
33.79,33.79,86.79,52.83,77.70
37.06,37.06,86.14,61.77,77.24
35.34,35.34,85.98,64.47,78.05
26.66,26.66,81.30,66.06,79.71
24.63,24.63,82.53,76.22,79.05
28.59,28.59,82.15,77.05,79.80
29.51,29.51,79.58,75.27,78.70
27.31,27.31,75.15,76.23,77.65
28.91,28.91,67.61,77.39,76.64
26.26,26.26,63.11,76.61,78.46
24.62,24.62,65.46,78.90,78.55
24.44,24.44,66.28,79.60,79.87
21.23,21.23,69.42,79.57,79.55
20.06,20.06,79.73,76.41,79.53
22.76,22.76,88.61,67.87,79.57
20.36,20.36,89.97,62.21,78.51
21.44,21.44,89.51,57.37,79.60
22.31,22.31,89.15,56.85,80.85
24.59,24.59,86.41,59.13,79.23
25.34,25.34,84.93,60.83,79.75
30.97,30.97,86.82,59.66,77.89
33.61,33.61,86.67,60.62,77.52
30.54,30.54,84.98,68.57,77.40
22.98,22.98,80.97,76.98,78.62
22.36,22.36,74.83,78.09,80.06
19.99,19.99,74.62,78.79,80.57
22.88,22.88,76.34,80.03,79.83
24.26,24.26,75.31,79.75,78.89
24.26,24.26,72.62,78.54,79.65
24.90,24.90,67.97,78.06,79.09
24.18,24.18,63.10,78.17,78.65
24.24,24.24,64.13,81.64,79.30
22.40,22.40,68.00,79.10,79.24
19.47,19.47,76.00,80.98,78.22
18.78,18.78,88.80,68.79,79.87
14.62,14.62,88.18,64.81,79.04
18.37,18.37,89.50,57.93,79.88
17.98,17.98,88.80,58.53,79.63
19.85,19.85,88.36,61.78,78.70
22.36,22.36,86.40,64.31,77.65
25.95,25.95,86.95,64.81,80.08
22.87,22.87,83.72,62.35,79.53
27.88,27.88,82.72,67.34,78.10
32.09,32.09,83.12,71.36,77.08
27.01,27.01,82.53,77.43,79.86
22.64,22.64,78.55,79.36,79.88
22.45,22.45,69.80,78.14,81.15
22.11,22.11,69.09,78.92,80.64
19.58,19.58,71.01,80.20,80.59
19.68,19.68,69.87,81.88,79.58
21.43,21.43,65.08,82.20,79.25
16.88,16.88,62.38,81.19,78.76
16.28,16.28,67.30,79.93,77.94
16.53,16.53,75.29,74.11,76.70
15.83,15.83,88.43,66.49,80.98
18.40,18.40,89.68,58.36,78.77
12.80,12.80,90.37,53.85,78.73
11.86,11.86,90.29,56.88,79.65
15.42,15.42,88.66,59.25,80.78
18.41,18.41,88.25,61.19,80.16
19.58,19.58,87.34,61.46,79.79
16.73,16.73,85.99,65.78,79.96
20.06,20.06,83.48,61.56,79.18
21.53,21.53,84.09,65.16,80.10
23.60,23.60,83.54,77.19,79.99
25.40,25.40,79.85,74.50,79.68
24.65,24.65,73.87,75.92,79.85
23.11,23.11,74.45,78.94,80.50
23.54,23.54,74.51,79.18,80.98
25.07,25.07,69.20,80.04,81.62
24.11,24.11,62.74,78.12,80.56
22.54,22.54,65.17,78.52,80.44
23.61,23.61,64.14,79.31,79.36
24.14,24.14,73.70,72.36,78.23
18.49,18.49,88.08,63.20,78.68
12.95,12.95,88.88,58.65,79.21
18.67,18.67,88.70,52.69,79.60
17.22,17.22,90.27,60.29,78.46
17.53,17.53,87.42,63.80,79.09
23.62,23.62,85.57,65.29,79.20
25.60,25.60,86.07,64.37,79.86
25.73,25.73,86.46,62.65,78.31
24.21,24.21,85.00,66.92,78.86
22.34,22.34,84.00,67.86,78.39
25.32,25.32,81.13,79.81,79.54
23.24,23.24,77.03,77.21,79.57
22.85,22.85,76.01,78.89,79.13
23.16,23.16,77.10,81.57,76.44
22.42,22.42,73.74,80.15,77.92
17.90,17.90,67.35,78.02,79.04
21.44,21.44,65.91,79.25,78.89
24.37,24.37,65.64,81.43,78.68
22.39,22.39,66.15,81.04,79.08
15.03,15.03,72.35,80.06,79.10
16.19,16.19,87.59,74.72,77.18
16.48,16.48,88.16,67.28,78.19
22.09,22.09,89.88,57.60,78.57
22.43,22.43,89.72,56.79,77.78
20.72,20.72,87.11,61.41,79.06
20.94,20.94,86.41,64.87,79.55
22.05,22.05,87.37,63.81,78.70
24.27,24.27,86.02,65.87,80.09
19.97,19.97,85.49,67.04,78.60
18.09,18.09,82.73,71.91,78.76
20.34,20.34,79.37,75.87,79.96
20.31,20.31,76.89,78.18,80.69
18.51,18.51,79.33,81.23,81.26
18.82,18.82,76.40,78.46,80.42
20.50,20.50,70.80,77.72,79.03
22.47,22.47,68.62,79.21,79.71
24.16,24.16,67.47,80.74,80.83
18.88,18.88,64.48,80.94,79.76
17.60,17.60,66.83,81.89,79.02
18.91,18.91,72.68,79.76,80.11
21.22,21.22,85.50,75.99,79.46
18.98,18.98,89.01,65.33,79.35
22.34,22.34,89.24,63.74,79.46
22.26,22.26,87.79,53.52,79.52
23.59,23.59,87.88,54.79,80.95
25.45,25.45,87.49,55.63,79.71
25.44,25.44,87.18,58.60,79.00
22.95,22.95,86.32,58.56,77.06
23.40,23.40,84.21,62.18,76.02
27.65,27.65,83.55,66.18,76.25
24.45,24.45,81.78,74.53,79.30
26.56,26.56,80.92,78.13,80.87
26.40,26.40,79.00,79.42,80.87
28.79,28.79,75.11,78.54,80.89
25.40,25.40,70.08,78.39,79.94
23.85,23.85,71.11,79.04,80.78
26.30,26.30,68.91,79.27,81.06
22.95,22.95,65.43,81.72,80.35
23.15,23.15,66.04,82.92,80.45
17.64,17.64,70.34,78.35,79.53
16.39,16.39,84.16,72.81,79.63
13.66,13.66,87.91,62.86,80.32
15.10,15.10,89.59,54.16,79.18
16.85,16.85,90.51,49.86,79.09
16.38,16.38,88.95,50.98,81.37
25.87,25.87,88.10,55.99,80.48
33.24,33.24,87.25,58.32,79.73
31.11,31.11,84.14,56.30,79.48
23.32,23.32,85.26,60.32,78.75
17.85,17.85,84.08,67.29,81.10
19.12,19.12,82.79,70.30,79.17
21.39,21.39,79.59,80.52,81.60
17.12,17.12,79.47,79.56,79.63
24.58,24.58,77.95,80.08,80.11
22.01,22.01,76.17,79.47,79.62
20.48,20.48,72.86,78.23,78.57
15.20,15.20,70.14,79.93,77.47
15.24,15.24,66.63,79.97,75.49
9.76,9.76,64.55,78.67,77.62
8.47,8.47,69.25,76.34,76.21
10.88,10.88,82.40,76.05,75.67
13.20,13.20,87.40,70.42,77.90
24.02,24.02,88.46,55.85,77.97
22.66,22.66,90.72,47.58,77.41
19.20,19.20,89.08,42.09,80.50
21.01,21.01,87.87,50.12,76.75
23.15,23.15,86.42,52.81,76.77
23.81,23.81,85.92,57.57,77.61
21.82,21.82,85.26,59.59,78.29
20.03,20.03,85.94,66.40,77.82
19.95,19.95,84.25,71.22,80.77
21.99,21.99,83.43,76.97,81.45
22.95,22.95,80.45,76.27,81.88
23.80,23.80,77.96,75.97,81.09
25.18,25.18,75.54,78.24,80.23
24.18,24.18,70.22,78.58,81.31
17.89,17.89,67.35,77.01,79.58
17.95,17.95,65.50,76.67,81.99
20.33,20.33,66.11,76.46,79.26
18.36,18.36,73.29,75.16,80.11
16.32,16.32,80.24,62.95,77.81
20.44,20.44,89.08,67.11,79.75
18.82,18.82,90.41,58.85,78.86
24.85,24.85,90.21,53.91,78.67
25.88,25.88,89.31,59.36,79.57
22.71,22.71,87.84,61.40,78.75
27.08,27.08,86.61,61.71,81.28
25.91,25.91,86.22,65.05,81.36
24.84,24.84,85.78,65.07,81.36
29.05,29.05,86.03,70.71,80.71
26.71,26.71,80.78,65.43,81.03
18.71,18.71,76.87,74.53,80.58
24.34,24.34,74.42,73.70,80.16
33.05,33.05,71.58,75.46,79.14
34.63,34.63,71.53,74.89,79.26
31.72,31.72,70.27,76.55,78.87
33.12,33.12,69.03,75.60,79.42
30.57,30.57,66.68,77.07,80.26
20.24,20.24,67.69,76.16,77.64
14.47,14.47,70.86,73.85,78.32
12.38,12.38,78.64,81.19,78.27
14.38,14.38,88.53,70.05,78.51
21.17,21.17,89.61,57.81,79.05
17.14,17.14,89.59,55.43,78.23
21.05,21.05,88.46,53.21,79.14
23.86,23.86,86.21,59.14,80.53
25.18,25.18,85.97,61.46,78.26
24.91,24.91,86.22,64.15,78.08
26.08,26.08,85.23,62.80,77.67
23.56,23.56,82.82,67.07,76.75
22.38,22.38,82.95,68.70,78.75
23.90,23.90,84.74,73.00,81.16
31.92,31.92,84.76,72.27,80.82
31.92,31.92,81.68,73.12,81.53
26.52,26.52,77.49,73.55,79.33
36.53,36.53,72.29,77.67,80.40
27.78,27.78,69.14,76.91,78.20
24.51,24.51,63.92,78.33,79.50
19.85,19.85,63.49,76.32,79.90
16.36,16.36,68.80,75.51,79.89
19.94,19.94,74.07,70.51,79.26
22.41,22.41,88.39,65.24,78.98
22.31,22.31,89.16,56.87,80.51
19.43,19.43,89.96,52.00,78.80
23.74,23.74,89.23,48.86,79.59
19.92,19.92,88.31,57.27,78.05
22.09,22.09,87.91,60.87,78.52
24.74,24.74,89.01,61.47,77.60
27.76,27.76,86.16,62.41,77.76
24.11,24.11,84.62,68.10,78.95
19.57,19.57,81.87,68.81,80.37
20.74,20.74,78.68,76.73,81.85
23.78,23.78,76.77,78.18,81.27
19.99,19.99,77.56,81.38,81.58
21.49,21.49,76.94,80.65,80.33
18.85,18.85,75.22,79.15,80.73
23.78,23.78,71.13,79.34,79.75
16.49,16.49,60.49,78.75,78.61
18.20,18.20,60.18,80.35,77.39
16.73,16.73,67.18,79.90,74.98
15.97,15.97,76.28,78.70,75.43
11.23,11.23,88.61,71.10,77.74
15.67,15.67,89.83,65.35,77.80
21.18,21.18,89.96,57.40,78.11
22.63,22.63,89.19,60.93,80.31
20.80,20.80,88.12,66.72,78.43
24.05,24.05,87.93,68.98,78.27
26.58,26.58,85.39,67.78,78.49
24.01,24.01,83.12,64.83,78.64
22.72,22.72,83.24,69.40,76.76
20.25,20.25,83.84,73.00,77.72
23.64,23.64,82.75,77.35,79.02
20.87,20.87,78.86,74.76,78.99
22.23,22.23,68.67,74.76,79.50
21.10,21.10,71.27,74.72,77.57
22.48,22.48,71.79,79.40,76.24
18.43,18.43,69.37,80.64,77.17
18.92,18.92,64.89,81.59,77.63
19.57,19.57,65.02,80.55,76.43
17.93,17.93,67.64,79.92,78.25
15.97,15.97,74.11,76.70,80.20
16.23,16.23,87.39,70.55,77.46
12.89,12.89,89.95,65.36,77.83
16.36,16.36,90.08,59.58,78.69
19.53,19.53,91.42,58.39,77.55
18.35,18.35,88.85,63.67,76.53
19.34,19.34,87.65,63.38,77.28
20.91,20.91,87.16,59.54,77.94
21.65,21.65,86.07,59.39,77.15
21.33,21.33,84.62,57.44,77.16
19.67,19.67,83.42,64.39,77.33
21.03,21.03,82.70,76.15,79.81
20.53,20.53,82.48,78.60,79.33
23.30,23.30,79.54,79.15,79.15
25.74,25.74,74.19,79.36,78.90
28.86,28.86,65.84,79.17,79.79
29.58,29.58,63.64,78.63,78.15
26.77,26.77,66.09,79.06,79.50
26.89,26.89,65.35,80.94,79.45
18.41,18.41,66.34,80.03,79.57
14.77,14.77,73.09,77.12,79.30
21.45,21.45,86.23,72.06,77.24
17.42,17.42,86.89,64.11,77.38
15.66,15.66,90.32,55.37,76.53
22.02,22.02,89.91,53.81,78.75
28.12,28.12,87.24,60.49,77.74
30.35,30.35,85.85,64.95,78.57
24.24,24.24,86.44,68.02,78.95
27.37,27.37,87.75,67.99,77.81
26.52,26.52,87.04,61.87,76.29
18.88,18.88,83.48,67.07,75.49
22.21,22.21,78.47,70.79,80.15
22.60,22.60,80.07,75.36,82.48
22.16,22.16,79.98,79.01,81.37
26.25,26.25,79.08,77.54,80.21
27.41,27.41,75.74,76.35,80.15
26.30,26.30,70.37,75.90,79.40
21.75,21.75,62.25,77.28,78.76
21.56,21.56,64.57,79.76,80.49
17.88,17.88,66.01,79.29,78.07
15.05,15.05,69.84,78.36,76.33
16.10,16.10,84.52,73.85,79.55
14.11,14.11,89.38,66.43,79.70
9.55,9.55,90.55,58.45,79.49
16.98,16.98,89.44,57.06,78.79
22.70,22.70,88.45,61.76,79.91
22.05,22.05,86.80,67.80,79.75
18.00,18.00,86.18,68.23,79.00
18.07,18.07,85.54,63.97,80.55
20.52,20.52,84.00,65.37,78.64
22.63,22.63,84.18,73.09,77.18
25.65,25.65,83.77,77.58,79.17
24.31,24.31,81.96,77.95,80.67
18.94,18.94,82.53,75.79,80.03
22.69,22.69,78.73,74.77,80.28
21.56,21.56,75.87,72.00,79.80
12.81,12.81,73.93,77.56,78.48
16.85,16.85,71.35,76.78,79.09
17.20,17.20,63.61,79.92,78.05
12.58,12.58,61.67,79.34,78.70
11.45,11.45,71.69,74.77,78.00
17.81,17.81,82.08,76.44,78.33
14.52,14.52,87.30,69.21,77.96
18.85,18.85,89.79,56.99,78.11
21.12,21.12,91.07,53.27,79.13
18.62,18.62,86.86,52.15,79.53
16.26,16.26,86.82,54.56,80.47
17.76,17.76,86.75,59.42,79.62
26.80,26.80,84.54,63.43,78.69
29.27,29.27,83.61,64.59,77.35
20.18,20.18,82.74,69.20,77.84
18.45,18.45,81.92,69.61,78.94
17.12,17.12,75.47,76.23,80.91
15.53,15.53,68.59,75.12,80.02
16.95,16.95,62.96,76.79,80.66
16.79,16.79,61.04,76.58,78.59
19.57,19.57,61.19,76.06,77.63
22.77,22.77,62.38,74.24,79.60
20.22,20.22,61.88,79.11,80.10
19.15,19.15,63.94,79.52,80.33
19.26,19.26,74.43,76.00,78.94
19.69,19.69,83.61,59.42,78.93
19.06,19.06,88.32,59.97,79.32
16.35,16.35,89.01,51.24,79.25
15.64,15.64,91.12,47.60,79.00
14.80,14.80,89.56,49.56,78.66
17.12,17.12,88.05,56.79,78.15
22.78,22.78,87.23,59.14,81.50
20.85,20.85,86.12,64.26,79.53
22.61,22.61,85.20,66.31,78.96
18.70,18.70,85.91,64.74,77.88
11.22,11.22,84.18,68.58,79.23
23.33,23.33,83.91,76.02,79.52
22.70,22.70,81.37,77.98,79.36
18.94,18.94,80.13,79.45,79.70
20.67,20.67,78.13,78.69,79.99
20.51,20.51,72.75,80.46,79.96
15.72,15.72,68.54,79.12,77.24
21.81,21.81,63.67,80.46,78.82
17.42,17.42,62.39,77.38,78.83
19.72,19.72,67.32,76.66,79.12
16.31,16.31,80.82,80.98,79.85
20.68,20.68,87.72,69.91,80.24
15.90,15.90,90.10,64.00,79.00
16.01,16.01,88.95,49.63,79.21
20.06,20.06,89.22,46.11,77.26
15.72,15.72,86.14,49.48,79.17
20.94,20.94,86.11,57.70,79.57
19.51,19.51,86.66,61.09,79.21
16.28,16.28,86.75,62.45,76.76
9.08,9.08,86.65,64.98,77.50
19.58,19.58,82.10,76.43,76.29
24.64,24.64,77.70,78.95,80.75
20.04,20.04,75.07,79.69,80.75
19.79,19.79,75.39,76.90,79.98
17.94,17.94,73.89,78.89,80.42
20.14,20.14,71.24,78.03,79.45
19.12,19.12,69.60,79.12,80.63
16.13,16.13,66.59,78.53,79.50
14.88,14.88,63.50,76.69,78.96
8.14,8.14,67.71,75.98,77.48
12.19,12.19,77.87,73.10,77.66
10.45,10.45,88.11,73.41,79.19
12.85,12.85,89.76,63.98,80.09
19.85,19.85,89.75,54.99,77.99
22.31,22.31,90.75,56.52,77.78
15.18,15.18,87.24,57.55,78.70
21.09,21.09,86.23,56.57,79.12
19.86,19.86,86.82,59.47,79.10
19.06,19.06,85.04,63.70,78.48
13.88,13.88,82.62,65.66,78.92
14.44,14.44,80.38,69.10,79.13
23.89,23.89,82.76,77.23,79.74
23.61,23.61,83.22,77.41,79.49
20.02,20.02,79.76,78.09,80.11
16.71,16.71,77.55,77.81,79.46
19.04,19.04,75.67,78.00,80.04
20.92,20.92,73.31,79.84,79.78
21.45,21.45,69.52,78.20,75.38
15.60,15.60,62.58,75.23,75.02
9.12,9.12,68.03,76.15,73.13
10.26,10.26,79.36,77.45,71.80
14.93,14.93,87.84,64.61,77.89
21.05,21.05,88.90,53.93,77.90
20.61,20.61,90.51,49.28,78.23
15.89,15.89,89.68,46.20,78.78
17.61,17.61,88.40,56.19,78.31
25.39,25.39,88.52,60.14,77.95
23.26,23.26,88.05,63.05,79.32
26.45,26.45,86.49,60.84,79.87
26.81,26.81,84.88,63.42,77.84
23.77,23.77,83.97,68.75,77.95
20.60,20.60,80.62,77.98,79.98
20.82,20.82,80.28,78.06,78.43
17.45,17.45,78.26,75.99,78.92
19.46,19.46,72.89,76.30,78.07
19.52,19.52,66.71,77.76,77.36
16.99,16.99,62.41,77.28,77.58
17.76,17.76,60.83,79.14,78.08
17.31,17.31,62.67,78.77,78.49
22.48,22.48,66.23,77.48,77.27
18.23,18.23,74.74,74.37,78.39
11.42,11.42,89.12,71.92,78.16
8.15,8.15,90.41,68.39,77.33
12.66,12.66,90.36,56.19,77.67
20.11,20.11,88.50,51.24,78.54
19.71,19.71,86.68,59.30,78.23
21.78,21.78,87.95,59.66,78.07
20.62,20.62,85.64,61.19,77.77
18.70,18.70,84.66,62.54,76.98
17.51,17.51,83.58,63.00,76.73
15.94,15.94,83.81,66.41,76.91
16.43,16.43,80.43,72.93,79.15
18.80,18.80,79.08,74.91,79.49
16.99,16.99,77.66,76.08,79.66
17.65,17.65,77.34,73.28,79.74
16.38,16.38,73.14,75.84,78.81
12.09,12.09,68.62,79.08,78.82
15.48,15.48,65.36,78.87,77.79
14.14,14.14,65.13,78.65,78.76
13.12,13.12,67.78,76.58,78.59
16.31,16.31,72.47,75.35,76.77
15.13,15.13,87.37,67.46,77.37
18.92,18.92,88.11,63.48,78.35
22.13,22.13,89.28,54.65,78.38
16.85,16.85,90.59,47.47,78.33
20.94,20.94,88.79,53.00,78.69
19.17,19.17,86.50,56.71,78.59
21.93,21.93,86.27,59.41,78.40
16.68,16.68,85.70,63.27,76.80
14.87,14.87,86.33,65.61,76.22
10.24,10.24,83.82,63.60,76.77
19.33,19.33,83.51,75.65,78.47
20.60,20.60,82.36,74.03,79.07
19.93,19.93,79.78,77.49,79.72
18.76,18.76,78.46,76.07,80.80
19.02,19.02,75.89,74.47,79.34
16.67,16.67,69.52,74.07,79.27
17.93,17.93,64.92,75.13,78.18
22.49,22.49,64.15,75.67,79.07
20.05,20.05,65.86,75.00,78.97
14.03,14.03,74.82,73.35,78.69
17.04,17.04,86.65,61.01,79.54
17.27,17.27,87.77,62.35,79.65
18.19,18.19,90.15,58.27,80.14
19.74,19.74,90.73,53.29,79.62
22.25,22.25,88.05,55.44,80.90
22.38,22.38,86.96,58.44,79.30
20.78,20.78,86.70,61.85,81.64
21.47,21.47,86.71,64.18,79.38
18.19,18.19,86.63,62.74,79.37
12.75,12.75,83.29,67.94,79.75
19.27,19.27,79.25,66.69,79.66
18.65,18.65,75.58,71.17,80.75
18.01,18.01,70.78,73.23,79.81
19.27,19.27,69.71,73.36,80.27
20.98,20.98,69.97,73.59,79.32
18.64,18.64,68.52,75.09,77.99
18.04,18.04,67.00,76.88,78.77
12.97,12.97,63.54,78.89,76.47
8.77,8.77,67.20,75.67,74.19
4.73,4.73,72.97,74.25,72.55
9.92,9.92,84.93,76.70,75.99
15.65,15.65,88.70,66.94,80.80
16.91,16.91,89.33,62.09,77.99
20.38,20.38,88.48,54.71,78.86
19.54,19.54,88.13,54.59,80.20
24.41,24.41,86.12,57.69,79.83
28.39,28.39,86.82,64.44,79.13
26.11,26.11,85.55,62.88,78.25
23.54,23.54,83.54,58.72,78.01
20.43,20.43,82.69,63.50,79.05
19.78,19.78,84.63,70.31,78.74
25.90,25.90,85.70,73.12,81.68
19.57,19.57,82.90,68.35,81.17
18.67,18.67,79.92,69.79,82.68
19.83,19.83,76.10,72.83,80.43
18.35,18.35,71.49,76.52,79.54
22.42,22.42,66.67,75.79,79.47
24.67,24.67,62.33,76.41,81.33
23.73,23.73,63.71,77.24,78.86
23.18,23.18,71.22,75.49,79.95
27.36,27.36,83.34,65.11,79.60
26.07,26.07,87.74,63.74,79.27
24.64,24.64,89.96,54.65,79.44
34.49,34.49,89.85,56.04,78.31
38.64,38.64,88.97,56.04,79.31
29.28,29.28,89.56,60.52,78.73
29.00,29.00,88.78,61.57,80.87
26.50,26.50,86.57,59.83,81.50
23.16,23.16,85.72,62.16,79.41
18.25,18.25,84.27,67.23,80.20
16.29,16.29,80.42,76.26,78.29
21.52,21.52,72.45,76.61,81.59
17.93,17.93,68.84,76.32,81.45
20.53,20.53,65.80,76.79,80.85
21.83,21.83,63.67,74.12,77.22
22.25,22.25,62.81,73.06,80.23
23.02,23.02,64.02,74.34,80.07
25.55,25.55,64.70,76.10,78.61
23.55,23.55,65.20,73.41,79.07
21.19,21.19,69.18,76.23,79.91
15.52,15.52,82.79,81.35,79.35
14.52,14.52,88.47,69.62,77.93
14.19,14.19,88.21,59.53,77.84
17.38,17.38,91.06,55.66,77.47
21.36,21.36,88.65,55.08,79.27
20.68,20.68,85.79,56.44,79.13
24.04,24.04,84.25,57.80,78.30
25.04,25.04,83.15,59.43,78.57
22.91,22.91,83.31,64.20,76.05
20.90,20.90,84.17,65.46,76.07
22.72,22.72,82.02,69.85,77.98
26.38,26.38,83.00,75.45,79.29
32.04,32.04,81.91,76.82,80.11
29.29,29.29,80.27,77.26,80.27
26.95,26.95,76.59,77.68,79.98
24.86,24.86,72.16,78.58,79.83
21.92,21.92,68.32,78.26,80.71
20.44,20.44,65.05,75.47,78.47
18.10,18.10,64.67,75.12,78.20
15.53,15.53,69.09,74.29,76.58
13.62,13.62,81.32,74.32,78.25
18.88,18.88,88.56,65.53,77.99
15.41,15.41,90.47,59.87,78.31
20.60,20.60,90.11,51.84,78.30
22.51,22.51,90.59,56.76,77.96
23.12,23.12,88.55,59.23,79.29
24.91,24.91,87.58,60.10,78.77
24.86,24.86,87.00,62.16,79.33
20.74,20.74,87.88,63.19,79.28
15.61,15.61,86.13,64.70,79.03
14.25,14.25,80.91,74.78,78.50
23.59,23.59,73.68,78.14,80.18
23.40,23.40,73.54,77.33,80.54
24.42,24.42,76.87,78.36,81.79
18.85,18.85,76.22,78.10,80.45
21.41,21.41,74.49,79.31,80.30
20.02,20.02,70.95,78.67,79.54
17.37,17.37,65.19,76.75,78.60
15.91,15.91,58.87,79.19,76.96
8.62,8.62,69.40,79.66,76.34
9.87,9.87,78.14,79.52,77.16
16.00,16.00,88.46,71.96,76.80
10.93,10.93,87.61,65.75,78.31
17.07,17.07,89.80,60.90,79.13
16.03,16.03,90.70,57.34,78.94
23.20,23.20,88.31,60.80,78.83
26.80,26.80,86.95,63.21,80.29
20.97,20.97,86.09,65.01,80.23
22.58,22.58,86.13,62.07,78.09
23.40,23.40,82.61,61.84,79.09
20.57,20.57,82.46,67.82,77.60
26.65,26.65,83.53,77.39,79.12
26.92,26.92,80.82,79.25,78.81
28.89,28.89,72.80,78.56,77.67
24.11,24.11,66.36,78.61,77.80
21.61,21.61,67.72,81.86,77.53
21.42,21.42,67.74,82.00,77.33
16.56,16.56,65.15,80.40,77.83
20.93,20.93,64.83,79.93,77.34
21.08,21.08,70.03,79.61,77.29
19.22,19.22,74.66,73.78,77.45
15.02,15.02,89.20,65.71,78.92
14.47,14.47,89.47,62.93,77.13
18.98,18.98,92.24,55.39,77.10
20.72,20.72,87.91,58.64,78.24
22.48,22.48,87.20,60.84,80.13
21.48,21.48,88.15,64.81,77.61
19.02,19.02,87.73,61.59,78.22
22.82,22.82,86.34,61.13,78.71
20.68,20.68,83.77,66.63,77.86
16.18,16.18,82.12,70.91,77.99
21.85,21.85,83.65,74.71,79.82
24.79,24.79,82.11,76.08,80.20
25.22,25.22,80.09,77.24,79.24
24.57,24.57,76.04,76.95,78.92
23.37,23.37,69.89,77.93,78.44
25.28,25.28,62.81,77.95,79.76
28.26,28.26,63.05,78.21,79.21
26.77,26.77,67.14,78.55,78.87
21.88,21.88,67.09,78.98,79.32
14.86,14.86,77.20,73.16,78.69
16.71,16.71,88.91,67.91,78.26
18.60,18.60,88.81,59.13,77.93
23.17,23.17,89.51,52.51,77.67
19.47,19.47,88.43,54.48,79.10
18.89,18.89,86.79,56.22,79.18
18.40,18.40,86.36,60.09,78.26
18.07,18.07,85.29,62.70,78.57
16.29,16.29,85.55,65.98,77.14
13.43,13.43,85.15,68.65,76.99
12.13,12.13,83.57,73.72,75.23
20.18,20.18,76.30,75.63,80.38
19.92,19.92,72.72,76.84,80.80
19.61,19.61,76.44,76.49,80.67
27.55,27.55,77.48,78.93,80.42
26.14,26.14,74.47,79.76,79.58
23.93,23.93,68.58,78.65,80.38
22.83,22.83,64.08,78.60,79.57
19.50,19.50,65.39,79.87,80.56
16.80,16.80,67.24,78.89,81.28
17.23,17.23,75.90,76.97,77.52
13.38,13.38,88.08,69.10,78.12
13.98,13.98,87.96,62.64,79.16
17.36,17.36,89.86,57.89,80.62
18.51,18.51,91.52,56.53,78.61
19.28,19.28,89.21,63.18,80.04
23.59,23.59,87.35,64.34,81.43
23.28,23.28,85.09,63.82,80.54
19.46,19.46,84.08,62.59,80.02
18.27,18.27,85.00,64.12,78.61
20.67,20.67,83.68,68.99,78.54
17.50,17.50,83.34,79.54,80.98
20.80,20.80,79.85,78.10,80.23
21.75,21.75,71.39,79.12,78.47
25.48,25.48,66.47,77.46,79.10
27.24,27.24,70.73,78.77,79.00
29.21,29.21,70.30,79.77,76.64
22.54,22.54,67.37,80.92,76.36
23.50,23.50,63.74,80.35,76.80
20.69,20.69,61.18,80.13,75.93
14.92,14.92,71.67,77.72,73.45
10.79,10.79,87.44,66.37,78.85
20.79,20.79,88.07,61.67,78.50
20.08,20.08,90.11,58.56,77.90
17.59,17.59,90.71,60.46,79.39
21.47,21.47,89.23,65.53,78.82
25.48,25.48,87.73,67.58,79.61
26.43,26.43,87.37,66.92,79.34
23.76,23.76,86.96,66.87,79.47
22.52,22.52,85.91,68.07,78.17
15.73,15.73,81.54,69.68,79.25
18.48,18.48,82.00,73.47,80.35
26.76,26.76,83.21,78.01,78.26
24.50,24.50,81.29,77.86,78.78
20.45,20.45,77.40,78.51,78.64
20.16,20.16,68.98,78.73,79.10
20.71,20.71,61.02,77.56,77.23
24.29,24.29,64.14,78.10,79.35
28.78,28.78,67.09,79.13,79.61
26.72,26.72,64.20,79.30,78.51
22.99,22.99,72.20,75.00,79.19
22.02,22.02,84.37,71.05,79.51
19.61,19.61,88.63,65.45,78.56
22.05,22.05,90.39,55.33,78.68
20.58,20.58,89.08,44.72,80.25
21.55,21.55,87.42,44.72,79.72
23.23,23.23,86.32,50.37,80.72
22.94,22.94,87.59,56.72,79.19
26.15,26.15,86.63,58.78,79.53
27.72,27.72,85.72,55.59,78.89
25.71,25.71,83.93,64.00,77.64
22.21,22.21,79.39,74.09,81.20
26.64,26.64,76.66,77.46,80.82
23.10,23.10,77.50,78.60,79.05
22.25,22.25,77.75,79.35,79.08
23.79,23.79,75.84,78.81,80.31
25.38,25.38,72.50,78.95,79.92
24.96,24.96,65.75,79.11,79.46
21.94,21.94,65.84,79.29,78.68
19.90,19.90,66.48,79.86,78.00
13.91,13.91,71.80,77.13,78.16
16.04,16.04,83.68,72.53,78.17
10.85,10.85,88.19,67.00,79.33
18.06,18.06,89.20,61.32,79.15
16.51,16.51,89.75,58.64,78.44
23.61,23.61,88.03,63.26,81.19
26.72,26.72,87.11,66.00,80.03
19.66,19.66,86.95,67.02,79.26
18.15,18.15,83.91,62.61,79.56
20.82,20.82,83.07,62.51,79.26
21.54,21.54,83.87,68.21,78.71
24.86,24.86,83.26,77.45,79.74
26.31,26.31,80.83,75.32,79.70
21.24,21.24,71.71,76.12,79.86
23.70,23.70,70.11,73.48,78.86
19.52,19.52,73.90,77.08,79.39
16.13,16.13,73.25,79.84,79.48
18.73,18.73,70.62,79.60,80.25
17.51,17.51,66.11,78.35,78.07
16.24,16.24,63.88,79.09,79.01
16.93,16.93,68.58,75.38,78.10
16.14,16.14,81.97,73.30,78.45
14.91,14.91,89.65,64.25,79.04
15.61,15.61,88.87,57.22,81.26
20.11,20.11,92.06,53.19,80.90
25.76,25.76,90.14,57.27,80.12
24.38,24.38,88.57,58.59,80.23
19.35,19.35,87.61,59.99,79.52
18.76,18.76,86.13,62.80,80.20
20.99,20.99,84.37,63.29,79.08
17.14,17.14,84.50,64.94,79.15
17.59,17.59,83.05,71.49,78.97
23.46,23.46,81.85,77.65,80.63
18.29,18.29,75.77,75.36,81.27
24.49,24.49,74.11,78.18,80.87
20.40,20.40,75.01,78.19,81.76
25.24,25.24,70.73,75.99,80.48
21.20,21.20,65.82,77.83,79.31
23.73,23.73,65.26,81.55,78.80
15.45,15.45,60.65,81.00,77.56
11.26,11.26,69.41,80.07,78.77
11.25,11.25,80.36,72.41,77.51
15.69,15.69,87.08,65.33,81.63
20.15,20.15,88.99,54.62,81.21
22.05,22.05,89.63,51.28,79.33
21.15,21.15,89.20,61.06,81.36
30.52,30.52,86.25,62.19,81.84
32.63,32.63,85.32,60.85,79.36
28.22,28.22,86.30,61.07,81.02
29.09,29.09,86.34,63.09,80.09
29.36,29.36,84.55,68.93,79.84
24.25,24.25,81.63,72.76,79.36
27.16,27.16,79.43,78.54,80.09
25.86,25.86,77.06,79.62,80.73
28.54,28.54,78.14,78.05,79.28
30.03,30.03,76.19,76.19,80.43
28.51,28.51,70.54,76.84,80.11
33.36,33.36,66.95,79.37,78.33
37.40,37.40,66.13,80.84,79.38
35.20,35.20,66.32,81.40,80.99
30.66,30.66,68.27,81.04,79.33
23.01,23.01,80.00,76.64,77.86
21.29,21.29,88.80,68.91,79.55
19.62,19.62,89.81,60.48,79.37
23.93,23.93,89.39,58.02,79.47
26.84,26.84,88.64,61.09,77.88
25.16,25.16,86.58,63.25,78.75
26.26,26.26,87.22,65.31,78.96
25.72,25.72,87.42,64.57,76.56
26.01,26.01,86.15,65.50,77.97
24.43,24.43,83.37,68.92,79.14
25.88,25.88,81.03,76.66,79.87
25.23,25.23,76.92,75.60,81.68
23.06,23.06,79.02,80.12,79.56
21.26,21.26,77.67,77.11,79.45
20.97,20.97,73.61,77.37,80.98
24.92,24.92,70.74,77.85,78.87
25.25,25.25,70.95,82.51,80.32
25.61,25.61,67.94,81.07,80.16
23.70,23.70,68.34,82.22,79.28
20.42,20.42,71.47,79.43,78.82
12.43,12.43,77.15,77.76,77.72
11.25,11.25,88.47,68.73,78.57
19.82,19.82,88.80,63.02,79.51
25.36,25.36,90.55,57.82,78.85
24.34,24.34,87.79,49.86,80.47
21.58,21.58,88.29,48.89,78.56
27.33,27.33,87.58,51.93,78.60
27.81,27.81,86.96,57.13,79.34
28.04,28.04,84.59,55.30,78.10
24.89,24.89,84.33,63.35,77.85
22.50,22.50,83.46,66.96,77.01
24.31,24.31,82.95,77.85,81.02
18.40,18.40,80.51,77.77,80.38
20.81,20.81,77.48,76.05,80.97
27.10,27.10,73.51,76.79,81.63
23.60,23.60,73.04,80.63,80.33
25.80,25.80,70.80,80.12,81.03
25.46,25.46,66.61,80.26,80.98
23.80,23.80,67.47,81.14,81.94
22.15,22.15,69.60,78.53,81.76
20.29,20.29,76.65,73.29,80.05
14.59,14.59,87.76,69.66,80.38
19.04,19.04,88.80,61.48,81.71
23.62,23.62,89.80,52.77,78.94
26.08,26.08,89.93,48.76,80.15
24.46,24.46,89.17,51.70,80.36
23.13,23.13,87.70,56.49,78.93
22.06,22.06,85.00,62.14,80.49
22.81,22.81,85.95,59.05,79.51
24.91,24.91,85.48,58.71,79.47
25.92,25.92,84.52,64.80,80.91
23.23,23.23,81.84,75.24,79.50
18.12,18.12,81.67,75.69,80.75
21.70,21.70,80.91,76.89,80.79
19.50,19.50,80.35,75.26,79.67
20.21,20.21,77.62,76.48,78.63
18.75,18.75,74.62,78.34,79.62
14.85,14.85,72.97,78.66,77.89
16.07,16.07,67.49,77.71,76.50
17.49,17.49,65.98,76.47,75.43
19.62,19.62,74.73,75.53,73.56
19.87,19.87,87.68,67.88,77.12
17.74,17.74,88.01,62.46,79.87
14.99,14.99,89.90,54.25,77.31
17.06,17.06,89.76,51.70,79.52
18.90,18.90,89.13,59.46,78.17
23.38,23.38,87.76,64.70,78.81
24.69,24.69,86.56,65.98,77.94
26.74,26.74,86.29,67.02,77.74
31.48,31.48,86.80,68.93,77.74
26.44,26.44,85.12,67.15,78.41
21.56,21.56,84.19,77.06,80.28
24.67,24.67,81.13,76.28,83.01
22.11,22.11,78.80,76.27,80.35
20.80,20.80,77.29,75.76,82.27
23.40,23.40,73.42,75.97,79.92
25.47,25.47,67.01,71.37,82.51
35.85,35.85,64.96,71.50,79.71
39.38,39.38,65.70,76.56,80.71
43.08,43.08,67.67,74.45,79.13
37.16,37.16,73.61,73.43,78.73
34.45,34.45,86.71,69.81,80.04
36.71,36.71,88.37,65.19,79.67
32.28,32.28,90.51,60.80,79.78
33.67,33.67,89.74,53.10,78.41
37.88,37.88,87.85,55.96,79.91
28.08,28.08,86.69,62.81,78.19
26.93,26.93,86.31,67.90,78.44
28.25,28.25,86.23,68.92,81.54
25.73,25.73,86.28,66.02,77.72
24.22,24.22,82.71,66.91,79.08
26.36,26.36,80.31,72.64,79.00
34.91,34.91,81.13,75.62,81.64
41.03,41.03,76.20,77.64,80.18
39.44,39.44,73.38,77.76,81.11
33.11,33.11,72.21,78.95,78.60
28.91,28.91,70.80,77.96,80.44
32.27,32.27,68.91,77.93,79.54
33.11,33.11,66.43,78.50,79.10
32.61,32.61,68.16,76.28,78.96
29.44,29.44,73.68,72.54,77.75
22.32,22.32,84.91,72.19,78.81
14.86,14.86,89.19,66.41,77.39
20.13,20.13,89.44,60.93,77.67
27.31,27.31,89.86,48.52,78.32
32.11,32.11,87.94,56.71,79.64
30.54,30.54,86.95,57.88,79.26
32.49,32.49,87.44,60.81,78.44
29.41,29.41,86.07,64.16,77.23
26.96,26.96,84.02,60.97,77.68
32.64,32.64,82.88,66.25,78.53
33.10,33.10,83.37,75.24,80.12
31.84,31.84,84.26,73.75,80.87
31.94,31.94,82.90,73.81,81.38
28.40,28.40,78.83,74.80,78.92
21.31,21.31,74.97,74.40,79.87
20.43,20.43,70.63,75.58,78.81
19.12,19.12,67.74,76.54,80.00
16.54,16.54,64.17,73.30,78.67
18.64,18.64,65.84,75.86,78.39
20.93,20.93,73.05,72.46,78.40
18.02,18.02,82.57,62.93,77.80
15.88,15.88,88.40,60.56,79.21
15.64,15.64,90.40,51.81,79.61
18.61,18.61,90.15,55.52,78.87
20.13,20.13,88.69,57.65,77.94
22.04,22.04,88.88,58.94,79.27
25.68,25.68,88.41,61.63,82.47
28.05,28.05,86.38,61.04,80.89
24.54,24.54,84.80,58.98,80.87
21.94,21.94,84.33,59.96,80.56
17.53,17.53,82.97,71.09,80.44
28.71,28.71,78.38,76.38,80.24
35.73,35.73,79.59,77.73,78.97
36.25,36.25,79.46,78.52,80.36
26.39,26.39,77.57,76.71,78.72
28.19,28.19,74.50,77.24,79.73
29.24,29.24,66.97,76.59,78.54
31.77,31.77,61.81,79.11,77.76
24.40,24.40,63.68,77.27,77.40
15.33,15.33,70.09,75.30,74.45
21.82,21.82,84.11,74.94,76.26
32.16,32.16,89.54,68.86,78.66
35.63,35.63,88.91,54.16,79.60
32.58,32.58,90.31,51.07,79.07
39.34,39.34,89.17,58.15,79.46
49.72,49.72,87.10,62.87,79.87
40.71,40.71,85.31,62.15,78.79
33.95,33.95,83.51,52.09,80.35
25.41,25.41,83.83,59.79,78.27
29.20,29.20,85.62,69.67,77.52
29.30,29.30,82.53,75.26,79.74
27.90,27.90,79.39,79.00,79.92
30.39,30.39,70.50,78.50,80.49
30.68,30.68,71.95,78.16,80.36
31.98,31.98,73.00,78.98,78.50
28.61,28.61,72.82,80.33,76.31
28.02,28.02,69.27,80.04,77.82
33.57,33.57,65.54,79.42,78.75
41.80,41.80,64.61,80.37,78.97
33.35,33.35,70.61,79.44,78.41
20.48,20.48,80.60,74.14,79.15
20.18,20.18,87.93,64.22,78.26
29.65,29.65,89.75,58.63,77.71
33.20,33.20,90.74,55.20,78.47
31.84,31.84,90.28,53.41,77.56
24.84,24.84,88.19,60.07,78.75
26.73,26.73,87.48,62.86,78.98
26.49,26.49,86.64,65.40,79.16
29.74,29.74,85.57,67.13,77.83
28.76,28.76,84.05,65.85,78.33
26.17,26.17,82.44,67.93,77.07
26.02,26.02,83.94,74.55,80.37
33.56,33.56,80.74,78.29,79.67
39.87,39.87,75.31,79.64,79.00
36.36,36.36,67.45,77.84,77.64
29.19,29.19,64.94,75.54,78.45
30.13,30.13,67.05,78.42,78.98
31.42,31.42,66.30,80.46,78.82
24.08,24.08,65.59,80.20,78.49
21.99,21.99,70.20,78.62,79.84
24.17,24.17,77.58,73.31,79.06
22.13,22.13,88.56,63.77,78.62
22.07,22.07,88.72,54.11,78.56
24.47,24.47,89.80,47.35,77.77
30.33,30.33,88.79,56.02,77.89
31.18,31.18,86.97,61.99,78.69
30.74,30.74,86.86,64.93,77.28
30.03,30.03,88.25,65.36,77.14
32.76,32.76,87.18,64.36,75.50
28.10,28.10,84.98,64.80,76.32
29.41,29.41,81.19,69.29,78.15
27.30,27.30,82.09,73.77,80.68
30.59,30.59,81.38,76.90,79.21
35.92,35.92,80.55,78.04,80.31
34.11,34.11,78.19,76.49,79.82
26.40,26.40,74.15,77.63,78.68
25.16,25.16,66.86,75.43,79.44
24.55,24.55,63.63,77.91,80.52
20.24,20.24,66.68,79.32,79.12
14.58,14.58,69.81,77.78,77.54
10.67,10.67,76.97,78.32,77.12
12.50,12.50,89.00,66.12,79.65
17.49,17.49,89.31,55.02,79.16
21.00,21.00,90.53,46.55,79.40
22.95,22.95,87.86,44.07,79.03
25.75,25.75,87.18,55.54,79.07
23.61,23.61,86.96,57.74,80.03
26.10,26.10,85.97,61.05,80.19
21.68,21.68,84.78,65.65,79.26
26.12,26.12,84.69,66.90,79.29
26.33,26.33,84.28,69.55,78.53
25.04,25.04,82.10,76.99,80.34
27.75,27.75,82.33,78.49,80.03
29.84,29.84,79.54,73.05,79.54
32.97,32.97,77.99,76.84,79.18
40.51,40.51,76.94,75.56,79.97
33.23,33.23,76.91,74.88,79.04
30.92,30.92,72.54,74.08,78.97
31.65,31.65,64.15,74.23,77.29
32.91,32.91,67.11,75.30,77.32
29.96,29.96,75.62,77.70,75.81
32.57,32.57,88.92,68.33,78.58
36.43,36.43,89.01,62.01,78.08
37.38,37.38,89.97,53.15,78.90
34.58,34.58,89.91,44.31,79.40
38.92,38.92,87.18,45.47,78.95
38.97,38.97,86.14,55.81,78.53
41.58,41.58,84.56,55.52,77.82
43.62,43.62,83.87,58.16,77.30
39.71,39.71,83.16,58.03,77.13
38.53,38.53,83.20,61.21,76.71
30.54,30.54,78.92,76.31,80.77
31.38,31.38,75.47,77.61,80.67
26.69,26.69,71.31,74.95,81.23
23.60,23.60,65.80,77.73,79.41
27.84,27.84,59.94,77.64,78.75
35.09,35.09,59.64,75.99,78.83
40.89,40.89,60.16,79.20,79.03
43.07,43.07,63.09,79.10,80.01
46.97,46.97,69.47,79.47,80.37
48.89,48.89,72.62,68.55,78.65
40.50,40.50,86.39,58.81,78.77
37.51,37.51,88.97,48.68,79.56
40.16,40.16,90.00,44.16,79.58
37.77,37.77,91.58,41.83,80.23
39.40,39.40,89.32,47.01,79.87
36.84,36.84,88.19,53.47,80.12
28.33,28.33,86.86,56.40,79.12
28.12,28.12,86.44,56.58,79.89
26.54,26.54,87.20,61.94,78.16
29.15,29.15,84.30,66.73,78.21
29.06,29.06,83.85,75.88,79.12
29.15,29.15,82.52,76.37,80.13
35.27,35.27,81.26,76.22,78.93
39.67,39.67,80.42,78.45,79.03
41.85,41.85,76.65,78.79,77.91
40.04,40.04,73.11,78.83,79.81
36.14,36.14,68.02,80.79,80.09
33.84,33.84,64.25,80.20,80.35
35.12,35.12,65.90,79.74,79.85
39.04,39.04,74.30,72.75,80.53
42.13,42.13,86.71,71.96,80.02
38.12,38.12,88.18,64.51,79.12
42.08,42.08,89.32,53.29,79.62
40.30,40.30,90.38,42.92,79.62
40.15,40.15,87.84,52.56,77.68
34.23,34.23,86.62,51.59,78.56
28.71,28.71,85.73,60.44,78.67
26.20,26.20,86.00,61.73,80.13
21.08,21.08,86.39,63.66,78.28
19.14,19.14,83.98,61.83,75.62
26.29,26.29,79.85,75.58,79.75
36.18,36.18,73.45,78.06,78.83
36.28,36.28,72.92,77.02,79.46
28.47,28.47,74.13,77.30,80.88
39.03,39.03,71.31,77.39,79.85
36.78,36.78,67.88,78.16,79.34
35.65,35.65,67.56,78.06,79.79
34.47,34.47,63.95,78.91,78.04
28.07,28.07,64.87,78.46,77.68
23.44,23.44,73.56,75.81,76.19
21.42,21.42,84.39,65.93,77.14
22.88,22.88,89.91,62.28,79.09
28.04,28.04,90.52,56.94,78.19
29.07,29.07,89.41,47.84,77.29
25.60,25.60,90.11,55.93,79.50
31.64,31.64,87.81,64.02,80.11
36.01,36.01,87.43,65.85,78.10
39.67,39.67,84.75,64.20,77.77
32.88,32.88,83.11,59.87,78.61
25.99,25.99,81.88,65.70,78.10
25.55,25.55,83.36,69.31,78.55
35.28,35.28,83.93,75.52,79.58
39.28,39.28,80.44,76.41,79.84
46.51,46.51,77.72,78.76,78.96
44.25,44.25,75.37,81.10,78.34
41.27,41.27,73.56,80.69,78.77
41.44,41.44,71.61,79.42,77.22
33.97,33.97,64.11,77.54,75.37
25.29,25.29,68.39,77.12,74.81
24.84,24.84,75.07,73.87,72.97
31.85,31.85,83.28,68.76,75.95
33.55,33.55,88.72,59.90,78.06
31.37,31.37,89.73,52.72,77.94
35.31,35.31,90.78,38.00,78.56
40.21,40.21,89.56,36.62,79.20
41.08,41.08,89.46,39.39,78.45
40.15,40.15,87.75,51.14,78.67
44.56,44.56,86.26,55.61,78.53
44.18,44.18,85.51,55.28,78.18
34.81,34.81,85.02,67.04,77.16
28.34,28.34,81.83,75.64,78.83
25.88,25.88,80.14,77.43,79.95
24.27,24.27,77.42,79.92,79.23
24.14,24.14,72.23,78.85,79.04
29.38,29.38,67.86,80.02,79.54
38.84,38.84,61.05,78.22,78.95
44.17,44.17,59.55,75.82,78.73
44.20,44.20,61.02,77.53,79.11
39.20,39.20,64.88,76.40,77.04
41.86,41.86,67.81,77.83,77.08
41.99,41.99,83.32,77.50,77.53
40.36,40.36,89.38,69.66,77.72
37.79,37.79,89.32,62.40,78.21
39.25,39.25,91.12,55.41,77.48
39.53,39.53,88.27,50.96,78.91
39.12,39.12,86.75,57.45,77.25
38.95,38.95,85.63,61.12,77.95
37.01,37.01,84.11,61.81,77.93
36.19,36.19,83.99,61.23,78.14
30.93,30.93,84.38,64.19,77.56
28.24,28.24,81.69,66.56,78.08
26.96,26.96,80.81,76.96,79.31
28.49,28.49,79.66,76.99,80.59
32.01,32.01,79.33,77.86,78.79
37.59,37.59,76.20,78.62,78.54
39.64,39.64,73.47,79.69,78.51
39.49,39.49,69.81,78.20,79.11
35.22,35.22,66.38,79.36,78.36
31.55,31.55,63.71,80.21,78.70
30.35,30.35,70.10,76.52,79.80
31.46,31.46,79.57,71.36,78.27
32.45,32.45,88.51,67.15,78.71
33.97,33.97,89.65,57.66,78.78
33.30,33.30,90.36,40.78,79.20
32.11,32.11,90.40,43.55,77.56
32.55,32.55,88.61,52.29,79.09
34.31,34.31,87.06,60.34,79.32
34.82,34.82,86.33,64.90,79.34
36.72,36.72,87.45,64.80,75.93
33.83,33.83,85.14,66.98,75.84
32.11,32.11,83.65,72.72,77.08
35.20,35.20,82.30,75.64,81.42
36.27,36.27,80.22,73.87,82.57
36.36,36.36,78.53,74.93,81.49
38.16,38.16,76.12,76.30,81.19
38.59,38.59,70.50,74.81,80.88
42.21,42.21,64.31,74.76,80.74
40.67,40.67,59.55,75.87,80.02
41.12,41.12,63.11,75.93,81.72
38.69,38.69,70.28,73.76,80.36
38.10,38.10,75.42,68.32,79.76
35.83,35.83,88.34,66.08,77.78
38.09,38.09,88.72,62.40,80.52
38.79,38.79,90.23,56.39,79.47
36.02,36.02,88.87,56.23,79.82
34.72,34.72,87.62,65.09,78.96
34.96,34.96,86.82,68.32,79.69
33.85,33.85,86.80,68.95,79.66
34.60,34.60,86.56,70.37,79.64
36.10,36.10,83.94,70.24,79.75
39.40,39.40,81.32,66.83,80.32
43.17,43.17,80.84,73.43,80.53
41.71,41.71,76.69,75.85,80.19
38.78,38.78,74.41,74.96,79.50
36.82,36.82,73.47,75.00,79.18
39.14,39.14,72.20,74.50,78.73
37.27,37.27,70.26,73.66,76.98
33.20,33.20,67.60,75.38,75.44
30.60,30.60,66.13,75.55,74.11
27.34,27.34,67.22,76.16,72.83
33.54,33.54,78.37,76.90,74.12
44.31,44.31,88.14,66.91,78.11
49.42,49.42,88.19,60.60,78.99
43.85,43.85,90.84,53.56,79.63
42.28,42.28,88.40,53.85,77.94
46.44,46.44,87.48,59.93,79.81
41.97,41.97,87.87,65.52,77.34
42.66,42.66,85.57,67.34,76.74
48.15,48.15,84.58,67.58,77.20
52.72,52.72,83.49,67.03,78.23
50.77,50.77,83.90,68.42,80.01
45.93,45.93,85.20,77.07,79.65
46.28,46.28,84.19,74.11,81.88
44.74,44.74,81.07,75.01,79.40
45.38,45.38,78.64,73.49,81.43
49.86,49.86,75.26,73.86,79.83
50.91,50.91,70.98,73.59,79.90
60.92,60.92,66.86,76.10,79.52
63.23,63.23,63.96,76.87,81.14
58.96,58.96,68.24,75.28,81.00
61.96,61.96,74.16,68.01,78.28
61.40,61.40,89.06,64.63,79.47
61.43,61.43,88.17,61.85,77.69
64.89,64.89,89.73,58.10,79.27
62.07,62.07,89.82,58.16,79.69
61.17,61.17,88.56,63.63,80.06
55.01,55.01,88.29,66.59,79.81
56.28,56.28,86.95,68.34,80.45
53.43,53.43,85.86,70.50,79.95
48.64,48.64,85.22,70.95,79.19
54.44,54.44,84.80,68.21,78.77
55.35,55.35,77.36,72.13,79.63
56.31,56.31,70.37,75.71,81.94
55.50,55.50,68.90,74.77,78.61
58.60,58.60,67.83,75.78,79.43
60.75,60.75,66.95,76.11,79.25
55.63,55.63,66.19,77.38,80.59
59.13,59.13,65.51,77.35,81.04
57.70,57.70,65.88,78.94,79.90
60.35,60.35,66.36,78.04,79.95
52.15,52.15,72.13,73.66,76.17
53.23,53.23,87.62,73.75,78.75
51.45,51.45,87.94,64.01,78.23
55.01,55.01,89.11,54.08,77.35
57.46,57.46,90.64,55.41,78.50
57.82,57.82,87.27,58.86,79.59
53.30,53.30,85.88,61.13,77.64
50.27,50.27,84.55,62.18,77.39
47.10,47.10,84.26,63.58,76.70
44.66,44.66,85.13,62.95,77.42
47.36,47.36,82.92,62.06,76.27
54.79,54.79,82.97,75.95,79.31
61.61,61.61,82.86,75.70,80.32
60.95,60.95,81.38,73.89,81.28
60.36,60.36,79.65,76.35,81.62
56.90,56.90,74.54,75.63,81.59
56.12,56.12,71.20,76.50,80.02
51.65,51.65,65.71,78.78,78.18
55.01,55.01,61.85,77.80,78.70
49.52,49.52,65.97,77.14,77.77
49.87,49.87,74.52,72.97,76.93
49.00,49.00,84.84,67.83,77.63
45.45,45.45,87.24,59.10,77.57
43.35,43.35,89.92,52.20,78.37
48.45,48.45,90.91,55.35,79.05
48.54,48.54,89.73,58.41,77.76
48.37,48.37,88.08,60.21,78.25
47.75,47.75,87.44,59.16,78.63
52.14,52.14,88.34,60.44,79.71
53.38,53.38,86.41,63.98,81.06
54.02,54.02,83.64,68.20,80.60
59.30,59.30,77.30,79.94,80.07
63.50,63.50,74.32,77.66,79.50
68.25,68.25,76.61,76.90,80.28
70.54,70.54,76.67,77.13,78.61
66.33,66.33,75.09,78.27,77.33
62.14,62.14,71.64,77.34,77.75
58.72,58.72,67.25,78.77,77.62
60.83,60.83,60.70,78.66,76.81
54.54,54.54,63.15,79.07,75.42
50.19,50.19,68.05,79.31,73.81
59.79,59.79,84.07,69.63,77.29
61.79,61.79,87.39,67.49,77.91
67.41,67.41,89.38,59.63,77.45
58.67,58.67,89.75,54.19,78.13
61.91,61.91,89.48,59.01,79.58
67.27,67.27,87.74,62.32,78.86
64.93,64.93,87.20,61.26,77.10
66.13,66.13,85.88,56.02,76.87
62.50,62.50,83.09,61.84,75.97
63.24,63.24,83.14,68.90,77.10
60.51,60.51,83.20,77.09,78.04
58.27,58.27,81.68,79.31,80.09
52.26,52.26,76.60,78.31,78.54
53.22,53.22,66.60,76.01,77.11
52.09,52.09,69.42,76.82,78.32
51.98,51.98,69.05,79.47,76.85
60.53,60.53,66.33,81.91,78.27
58.73,58.73,64.39,81.51,77.17
59.82,59.82,65.38,80.87,77.62
59.69,59.69,72.66,78.37,77.68
61.71,61.71,81.53,67.34,78.02
63.88,63.88,88.28,68.16,78.28
60.51,60.51,90.26,58.80,77.96
61.20,61.20,91.85,55.03,78.87
64.12,64.12,88.24,60.02,77.20
61.01,61.01,88.49,62.62,76.95
57.14,57.14,88.09,61.32,78.39
53.06,53.06,86.81,60.62,77.18
52.19,52.19,84.83,61.04,77.31
50.93,50.93,82.56,65.06,75.65
54.42,54.42,84.41,66.44,78.47
58.32,58.32,82.78,74.48,80.30
67.64,67.64,80.98,75.98,81.07
65.35,65.35,77.56,77.64,79.63
61.70,61.70,72.68,78.31,78.44
60.44,60.44,66.45,77.03,79.50
63.70,63.70,63.69,76.96,78.41
60.98,60.98,66.16,78.99,76.54
61.82,61.82,65.38,77.08,78.20
59.81,59.81,70.12,76.23,81.06
62.46,62.46,80.02,76.01,78.09
63.16,63.16,87.42,66.52,76.48
61.44,61.44,87.82,61.59,76.15
66.51,66.51,89.01,52.53,76.85
62.41,62.41,87.15,50.30,77.49
62.24,62.24,84.99,53.50,76.08
63.13,63.13,84.14,58.11,76.95
62.96,62.96,84.65,58.20,78.06
56.72,56.72,84.70,57.86,75.13
55.41,55.41,84.91,64.19,73.20
54.45,54.45,79.41,74.59,74.63
53.31,53.31,73.97,77.59,81.15
51.20,51.20,75.38,77.11,80.20
50.73,50.73,76.93,76.90,80.36
51.44,51.44,74.21,75.88,81.38
54.07,54.07,69.73,76.62,80.14
52.20,52.20,64.37,77.17,81.26
45.92,45.92,62.00,76.96,78.60
45.07,45.07,63.70,78.05,80.49
47.26,47.26,69.75,76.32,81.18
49.16,49.16,77.65,74.56,80.33
47.24,47.24,85.99,64.94,76.66
45.82,45.82,88.68,59.80,76.19
46.84,46.84,86.64,55.25,76.39
45.84,45.84,87.41,60.19,77.50
41.86,41.86,85.03,62.22,76.35
43.93,43.93,83.16,61.45,76.87
44.05,44.05,81.86,57.85,76.77
42.55,42.55,82.84,59.52,76.39
40.48,40.48,81.15,62.63,74.32
41.46,41.46,79.64,70.57,75.54
47.38,47.38,77.31,75.55,76.99
47.16,47.16,71.17,74.45,76.53
46.61,46.61,67.57,74.12,76.26
47.23,47.23,68.57,75.86,74.65
45.55,45.55,68.74,77.60,73.09
44.78,44.78,66.39,78.25,73.58
43.12,43.12,62.26,78.06,72.58
42.58,42.58,56.91,78.16,70.42
43.57,43.57,62.84,76.46,68.90
46.00,46.00,73.29,71.49,71.10
46.24,46.24,84.49,65.07,74.13
53.08,53.08,84.48,55.40,74.05
49.18,49.18,85.96,43.58,74.00
47.70,47.70,85.85,44.32,74.75
47.99,47.99,83.82,44.60,74.15
48.26,48.26,83.46,44.46,74.53
47.27,47.27,83.54,49.88,73.71
48.85,48.85,82.03,47.58,74.68
52.88,52.88,78.27,57.51,74.78
50.85,50.85,77.00,61.42,75.02
44.66,44.66,78.53,73.48,74.68
38.87,38.87,77.47,74.84,74.45
39.18,39.18,73.38,75.49,73.71
46.18,46.18,66.61,74.34,74.64
40.81,40.81,60.80,75.08,73.36
36.73,36.73,60.96,75.02,73.11
35.64,35.64,61.31,76.20,73.25
36.47,36.47,61.92,76.37,74.41
34.13,34.13,63.14,74.70,72.95
37.25,37.25,71.74,73.42,72.36
39.39,39.39,82.49,62.81,73.88
36.56,36.56,82.83,55.96,73.20
38.08,38.08,85.74,47.28,72.21
37.19,37.19,82.06,45.76,72.78
33.65,33.65,81.21,48.67,72.30
39.90,39.90,82.25,55.73,72.17
39.91,39.91,81.05,56.94,73.22
42.31,42.31,80.47,56.43,73.64
40.34,40.34,79.46,52.37,73.22
46.47,46.47,77.04,59.40,73.68
37.70,37.70,73.86,67.28,76.05
36.80,36.80,72.31,71.41,71.63
35.89,35.89,72.83,72.09,72.24
36.70,36.70,70.60,73.90,71.62
34.54,34.54,66.94,74.10,71.67
38.06,38.06,62.19,74.06,73.24
36.35,36.35,60.17,73.72,72.43
34.16,34.16,59.91,75.60,71.89
32.47,32.47,61.24,74.76,71.85
34.95,34.95,68.04,71.88,71.38
35.99,35.99,81.62,64.88,72.14
36.23,36.23,81.07,53.20,71.89
37.05,37.05,82.23,42.12,71.48
36.87,36.87,82.21,42.57,71.08
36.33,36.33,80.64,46.46,70.77
32.01,32.01,79.38,47.47,69.23
33.71,33.71,77.55,48.84,70.50
30.91,30.91,76.69,52.87,70.88
29.12,29.12,77.21,53.68,70.82
27.68,27.68,77.17,60.98,70.08
29.14,29.14,72.85,72.45,70.36
28.70,28.70,67.79,72.42,70.08
30.67,30.67,65.54,69.58,72.17
29.17,29.17,66.35,69.32,70.79
29.43,29.43,65.21,71.56,70.58
29.45,29.45,62.37,74.17,69.94
25.77,25.77,59.19,73.47,68.67
20.98,20.98,58.40,73.55,67.93
19.83,19.83,59.15,73.50,70.86
21.38,21.38,64.17,70.56,68.95
22.22,22.22,77.72,68.84,70.40
22.78,22.78,79.05,59.27,71.63
23.18,23.18,80.86,51.12,70.96
23.25,23.25,82.52,45.25,69.97
21.92,21.92,80.63,44.27,70.33
20.56,20.56,79.50,44.32,69.96
27.06,27.06,78.04,50.05,71.34
21.34,21.34,76.29,50.18,71.86
21.37,21.37,76.07,49.76,71.72
30.66,30.66,74.34,54.11,71.18
30.52,30.52,73.72,68.70,72.39
25.78,25.78,70.63,64.40,72.24
22.63,22.63,67.28,65.92,71.94
15.73,15.73,67.09,69.95,70.90
12.24,12.24,65.96,71.81,70.40
13.21,13.21,61.98,68.48,71.39
12.02,12.02,59.89,69.79,70.37
11.86,11.86,58.08,71.20,68.86
11.80,11.80,55.84,70.97,68.78
13.23,13.23,55.95,69.12,69.33
14.17,14.17,61.96,67.45,67.74
16.67,16.67,64.82,64.19,68.94
21.62,21.62,66.15,64.80,69.07
21.53,21.53,65.20,58.97,66.74
22.54,22.54,64.16,59.91,69.04
18.65,18.65,61.99,59.77,69.58
13.60,13.60,60.66,57.40,67.65
12.16,12.16,60.37,58.73,67.83
11.68,11.68,60.46,59.81,68.81
9.58,9.58,60.10,59.86,67.75
10.81,10.81,62.85,65.61,67.70
13.22,13.22,63.04,67.45,68.18
9.91,9.91,61.69,69.88,68.47
11.02,11.02,58.57,70.66,67.34
12.18,12.18,59.11,69.27,67.70
10.70,10.70,57.16,70.49,66.84
9.72,9.72,57.75,68.71,67.19
11.68,11.68,57.81,67.70,67.39
9.15,9.15,58.40,68.36,67.71
6.86,6.86,58.00,70.22,65.59
7.69,7.69,57.80,63.77,68.21
10.20,10.20,58.41,63.72,68.40
11.68,11.68,58.87,59.03,66.16
11.71,11.71,58.78,60.42,67.28
8.63,8.63,58.21,58.66,66.65
10.78,10.78,58.14,56.33,67.40
8.11,8.11,56.76,57.76,67.01
9.33,9.33,56.73,57.62,65.79
8.24,8.24,56.12,54.28,68.16
5.17,5.17,55.20,57.24,66.54
8.34,8.34,59.87,60.10,67.13
8.77,8.77,60.25,66.20,67.69
5.95,5.95,58.74,69.32,67.77
7.03,7.03,58.10,67.79,66.49
7.17,7.17,56.57,67.84,66.62
6.66,6.66,55.09,66.44,66.70
7.19,7.19,54.99,63.81,67.19
7.30,7.30,54.44,65.11,67.71
8.09,8.09,55.42,66.21,67.14
8.49,8.49,60.32,66.50,67.52
9.94,9.94,71.16,61.26,65.30
8.78,8.78,74.17,50.61,66.79
7.47,7.47,76.88,45.41,65.74
7.01,7.01,77.29,43.03,66.31
7.97,7.97,75.12,43.36,66.36
10.55,10.55,75.20,42.59,64.20
14.03,14.03,74.23,43.71,65.25
16.02,16.02,70.58,45.99,63.47
18.34,18.34,71.53,45.88,62.44
15.37,15.37,71.41,54.42,61.31
11.78,11.78,71.40,55.87,63.18
9.86,9.86,67.70,63.38,65.17
8.34,8.34,65.31,62.51,65.27
11.43,11.43,60.37,66.81,65.22
12.05,12.05,60.09,64.92,66.20
13.87,13.87,59.41,63.30,65.70
15.28,15.28,55.70,64.49,67.60
17.43,17.43,51.96,63.41,66.96
16.68,16.68,52.85,65.81,67.41
13.11,13.11,56.31,61.43,66.19
14.64,14.64,67.95,56.20,64.48
13.19,13.19,72.64,50.26,65.30
11.43,11.43,74.00,43.23,64.81
12.33,12.33,76.29,45.63,64.13
12.71,12.71,75.35,46.10,62.80
12.67,12.67,73.73,45.19,64.40
13.74,13.74,70.87,47.74,63.09
14.81,14.81,71.02,42.07,63.33
12.32,12.32,72.09,51.32,63.56
9.62,9.62,70.77,50.81,64.15
9.75,9.75,67.98,53.73,62.33
12.01,12.01,68.65,63.16,63.21
12.90,12.90,67.39,64.56,61.78
14.49,14.49,66.64,62.23,63.04
14.96,14.96,64.20,62.90,63.63
17.83,17.83,61.85,63.23,61.33
19.10,19.10,58.83,62.55,61.34
20.87,20.87,57.18,62.60,60.80
20.95,20.95,55.63,61.75,59.94
19.53,19.53,54.91,61.84,59.02
16.55,16.55,55.03,59.10,60.22
13.94,13.94,58.88,55.63,63.50
13.53,13.53,58.09,54.55,63.83
13.53,13.53,56.94,49.71,62.39
17.49,17.49,57.20,46.66,64.59
20.75,20.75,55.37,47.39,63.37
23.00,23.00,55.05,47.95,60.33
23.44,23.44,54.14,48.01,60.97
22.12,22.12,52.30,47.41,60.62
20.30,20.30,52.46,47.95,61.61
17.42,17.42,53.79,54.04,61.45
17.20,17.20,57.42,63.28,65.64
16.05,16.05,56.16,60.79,65.92
16.80,16.80,54.02,60.86,64.56
19.30,19.30,53.20,60.47,63.17
19.73,19.73,52.47,59.98,65.83
21.77,21.77,51.48,61.89,62.65
23.34,23.34,50.57,61.49,63.62
24.09,24.09,50.91,61.11,62.25
22.51,22.51,50.96,61.36,64.20
19.83,19.83,51.05,56.60,62.34
18.27,18.27,54.41,60.70,64.18
18.54,18.54,54.27,52.75,61.15
19.78,19.78,54.90,49.66,60.48
22.29,22.29,54.35,49.80,60.60
23.75,23.75,53.76,47.05,58.94
23.98,23.98,53.63,44.70,60.95
25.41,25.41,52.97,44.28,61.07
23.92,23.92,51.38,45.29,62.69
20.74,20.74,52.08,42.25,61.56
18.09,18.09,52.23,50.27,61.83
21.23,21.23,57.08,57.46,61.08
20.31,20.31,55.51,56.40,63.22
21.88,21.88,54.30,55.09,59.99
23.14,23.14,53.50,56.76,61.07
22.89,22.89,52.17,58.77,60.22
24.51,24.51,52.43,54.88,61.30
26.67,26.67,51.57,56.33,60.26
25.01,25.01,51.35,58.10,58.82
23.56,23.56,50.78,58.53,60.32
23.15,23.15,50.30,59.21,58.36
21.29,21.29,52.98,55.55,62.79
19.53,19.53,52.69,53.62,60.26
19.31,19.31,54.44,49.61,60.32
19.91,19.91,54.48,48.15,60.72
22.18,22.18,53.60,43.86,59.35
23.68,23.68,53.44,42.85,58.61
24.60,24.60,52.59,40.58,58.76
23.53,23.53,49.36,42.11,59.15
21.60,21.60,48.96,41.35,59.03
18.10,18.10,51.73,45.44,60.31
20.16,20.16,57.33,54.99,61.25
18.50,18.50,56.42,58.76,61.24
19.09,19.09,55.71,59.61,60.64
22.98,22.98,53.85,59.11,59.33
23.09,23.09,53.48,59.03,58.59
23.67,23.67,51.87,58.08,57.89
25.41,25.41,50.91,57.12,57.81
25.12,25.12,49.98,57.23,57.21
24.02,24.02,48.99,58.08,56.96
23.12,23.12,49.01,49.74,55.04
23.38,23.38,50.49,57.18,59.62
23.26,23.26,50.05,45.67,58.65
25.87,25.87,50.57,47.23,58.28
27.02,27.02,51.07,44.45,56.88
28.46,28.46,50.33,40.98,56.80
30.20,30.20,49.90,42.83,56.61
30.01,30.01,49.62,40.58,55.65
28.14,28.14,48.18,38.82,58.15
25.59,25.59,48.77,39.84,59.23
19.53,19.53,48.85,42.68,58.16
23.38,23.38,56.03,47.25,59.83
21.31,21.31,56.41,50.17,59.47
22.58,22.58,54.72,51.04,57.65
25.81,25.81,52.95,53.17,58.98
25.15,25.15,51.73,52.96,58.74
27.80,27.80,50.34,51.37,57.95
29.76,29.76,47.96,54.38,57.58
30.01,30.01,48.32,53.59,55.29
28.75,28.75,48.20,51.17,52.14
25.68,25.68,51.26,48.88,52.03
25.67,25.67,53.62,42.79,55.86
21.64,21.64,53.89,44.74,56.58
23.13,23.13,52.63,44.69,57.94
24.63,24.63,53.40,42.38,56.42
25.81,25.81,51.29,41.35,54.06
28.18,28.18,51.33,39.35,52.38
30.00,30.00,50.56,40.23,54.25
30.28,30.28,51.28,41.71,53.36
27.99,27.99,49.97,39.32,52.07
23.85,23.85,50.81,39.23,51.70
25.84,25.84,55.99,51.31,52.87
23.90,23.90,56.68,52.90,53.00
25.48,25.48,54.89,52.73,51.83
27.85,27.85,53.83,53.08,51.59
28.94,28.94,53.39,54.00,51.50
30.70,30.70,51.65,52.73,50.14
30.95,30.95,51.55,50.46,51.14
30.24,30.24,51.06,50.34,50.34
30.52,30.52,51.70,51.67,51.83
27.83,27.83,51.94,50.26,50.65
29.95,29.95,53.32,44.34,52.94
29.87,29.87,52.29,43.10,51.77
30.34,30.34,52.10,43.51,52.41
32.56,32.56,50.75,39.22,48.45
32.54,32.54,50.10,38.30,47.85
35.65,35.65,50.97,41.08,48.61
36.34,36.34,50.06,38.26,47.09
35.35,35.35,48.42,35.08,46.19
33.10,33.10,48.84,35.59,48.22
29.17,29.17,48.53,40.17,48.51
27.13,27.13,53.39,50.74,51.92
27.08,27.08,54.43,52.01,51.58
27.81,27.81,52.01,53.28,51.32
27.83,27.83,51.79,51.45,51.59
28.43,28.43,50.38,49.88,51.22
28.27,28.27,50.15,50.03,52.17
28.38,28.38,51.00,51.14,52.99
28.95,28.95,50.51,50.80,52.84
28.88,28.88,50.51,49.57,50.80
26.43,26.43,51.98,47.82,50.15
27.01,27.01,51.91,36.87,52.32
25.83,25.83,52.40,42.02,49.70
26.59,26.59,50.30,36.66,49.63
28.42,28.42,51.69,38.33,50.54
28.38,28.38,50.95,37.83,52.91
30.52,30.52,49.41,34.74,51.72
32.20,32.20,46.99,37.34,48.34
32.90,32.90,46.31,37.16,49.59
32.19,32.19,46.11,33.73,48.54
28.94,28.94,46.13,33.35,46.84
28.54,28.54,50.98,40.23,50.71
27.25,27.25,53.95,44.83,52.87
27.70,27.70,52.29,47.58,52.18
28.77,28.77,51.01,48.59,53.49
29.38,29.38,50.87,46.29,53.03
30.47,30.47,49.75,47.72,52.83
31.27,31.27,49.34,47.76,52.18
32.00,32.00,48.05,47.17,50.79
32.05,32.05,47.41,47.91,51.82
29.21,29.21,48.41,46.81,49.69
28.75,28.75,56.40,43.35,51.98
27.63,27.63,61.31,40.46,51.92
26.85,26.85,63.53,34.99,50.86
28.95,28.95,63.54,28.83,50.94
29.74,29.74,60.78,30.51,50.97
29.49,29.49,61.00,34.19,50.33
30.20,30.20,59.26,31.29,50.06
31.55,31.55,57.95,32.81,49.07
31.01,31.01,57.95,34.69,49.15
29.62,29.62,57.67,33.45,48.25
29.94,29.94,56.53,43.19,47.77
30.32,30.32,54.76,44.81,48.55
30.30,30.30,55.40,43.97,47.93
30.21,30.21,53.02,43.49,50.29
30.25,30.25,53.23,44.85,48.52
30.91,30.91,52.32,46.24,45.95
32.62,32.62,50.24,44.45,46.80
31.89,31.89,50.72,45.92,46.67
32.56,32.56,49.78,45.07,47.06
28.51,28.51,49.38,45.68,46.09
27.76,27.76,49.28,43.34,46.81
26.33,26.33,51.04,42.41,49.03
27.30,27.30,50.64,38.99,49.20
28.49,28.49,50.24,34.72,46.90
30.81,30.81,48.50,35.07,47.11
30.67,30.67,47.92,33.94,48.27
31.40,31.40,46.81,32.08,48.12
30.92,30.92,46.66,32.14,47.21
30.64,30.64,45.07,31.74,46.51
30.99,30.99,45.98,32.16,46.15
29.33,29.33,47.45,37.29,46.77
31.82,31.82,51.59,44.07,47.55
30.92,30.92,50.78,44.30,48.10
31.00,31.00,49.50,41.25,47.35
31.44,31.44,48.76,41.30,46.03
31.33,31.33,48.65,41.24,46.64
32.19,32.19,47.72,38.38,46.90
31.61,31.61,49.51,42.68,48.13
31.98,31.98,47.22,40.68,46.16
30.78,30.78,47.84,39.87,46.78
31.74,31.74,48.16,37.55,47.85
33.36,33.36,47.57,38.65,46.47
32.43,32.43,47.08,37.76,46.44
31.85,31.85,47.93,37.68,46.29
33.26,33.26,44.76,33.34,43.60
33.20,33.20,45.19,36.59,44.64
34.07,34.07,45.78,32.48,44.54
33.95,33.95,45.27,34.26,43.28
33.22,33.22,43.91,34.23,41.40
31.40,31.40,43.51,34.56,40.18
30.80,30.80,45.60,37.33,42.35
32.35,32.35,48.89,36.53,42.47
30.68,30.68,48.26,39.62,43.23
31.03,31.03,48.15,39.37,42.39
30.52,30.52,48.16,39.50,41.99
31.19,31.19,45.83,39.07,43.24
32.47,32.47,46.99,34.72,43.02
30.65,30.65,46.98,34.40,43.14
29.64,29.64,45.22,35.75,41.88
30.50,30.50,46.66,35.91,41.67
28.56,28.56,47.29,38.93,43.55
30.03,30.03,46.20,37.74,43.97
29.97,29.97,45.71,36.60,43.17
30.09,30.09,45.25,32.93,43.36
30.98,30.98,45.59,30.32,41.74
33.54,33.54,43.63,27.80,39.70
31.68,31.68,43.69,30.66,41.35
29.96,29.96,41.78,30.31,41.34
27.41,27.41,40.71,27.54,38.23
28.22,28.22,40.41,27.81,38.73
28.03,28.03,40.62,30.11,40.11
32.13,32.13,46.65,39.71,40.26
32.27,32.27,46.97,35.11,40.50
31.81,31.81,45.74,37.85,41.09
31.83,31.83,45.41,37.49,40.63
31.23,31.23,44.87,37.52,39.50
31.14,31.14,43.81,37.92,38.96
30.05,30.05,43.94,37.65,39.04
29.03,29.03,42.33,33.76,37.47
29.50,29.50,42.55,34.85,36.37
29.22,29.22,41.93,31.90,38.42
29.16,29.16,43.83,34.82,42.94
28.50,28.50,43.14,36.08,42.58
30.06,30.06,40.13,32.36,43.32
28.04,28.04,39.87,31.71,39.42
28.41,28.41,38.76,28.81,38.11
28.99,28.99,37.92,30.45,38.04
28.55,28.55,38.68,31.22,40.67
29.34,29.34,38.17,28.61,40.81
29.71,29.71,39.07,29.24,40.06
29.07,29.07,40.33,29.50,39.24
33.65,33.65,44.25,33.62,37.89
33.33,33.33,45.88,35.40,39.15
33.24,33.24,44.54,36.51,38.88
32.14,32.14,44.93,37.42,38.98
32.32,32.32,43.91,36.18,37.84
30.91,30.91,44.14,36.60,35.70
30.79,30.79,43.86,37.40,36.54
28.20,28.20,42.52,35.42,33.88
25.61,25.61,41.92,37.65,33.08
25.82,25.82,43.45,36.51,33.30
32.90,32.90,42.33,33.25,37.50
33.31,33.31,41.30,35.00,37.19
33.11,33.11,41.28,29.92,37.23
32.87,32.87,40.37,24.62,37.52
33.71,33.71,40.44,28.57,38.49
33.56,33.56,38.39,26.46,36.20
31.72,31.72,37.39,24.91,35.64
32.32,32.32,38.05,26.40,35.93
32.55,32.55,37.26,24.87,34.71
31.00,31.00,37.45,25.86,32.94
33.47,33.47,42.06,33.09,33.43
33.33,33.33,43.87,39.07,34.88
32.41,32.41,43.18,37.51,34.75
32.48,32.48,43.09,36.84,33.18
32.62,32.62,42.31,35.85,32.50
32.32,32.32,41.39,33.04,32.23
32.03,32.03,41.84,33.43,34.67
32.31,32.31,42.46,33.54,36.48
32.18,32.18,41.92,33.61,35.34
31.32,31.32,42.13,33.56,35.97
31.59,31.59,43.06,31.48,39.69
31.93,31.93,41.84,32.04,36.27
32.49,32.49,40.68,34.04,35.17
34.02,34.02,41.33,30.23,34.70
31.86,31.86,39.94,28.66,32.79
32.46,32.46,38.76,27.96,33.39
30.90,30.90,37.56,28.74,30.36
31.45,31.45,36.98,30.40,31.03
30.95,30.95,37.30,28.80,33.00
30.28,30.28,37.21,29.56,34.02
33.27,33.27,42.50,32.92,34.14
34.61,34.61,42.78,36.39,34.98
33.29,33.29,42.41,35.04,35.87
32.77,32.77,41.01,30.05,35.64
31.55,31.55,40.73,30.57,34.07
32.94,32.94,40.18,30.38,34.38
30.67,30.67,40.02,32.18,32.48
32.39,32.39,40.44,31.53,32.81
31.11,31.11,40.10,34.05,31.81
29.85,29.85,40.19,31.76,32.04
31.78,31.78,41.29,31.14,36.92
31.74,31.74,40.54,31.49,35.70
31.26,31.26,37.19,23.14,32.97
33.03,33.03,39.58,26.32,33.67
32.21,32.21,39.72,25.61,34.12
32.27,32.27,38.34,25.32,32.99
31.92,31.92,37.45,26.20,30.91
29.59,29.59,36.49,24.80,30.88
27.73,27.73,34.52,24.54,29.44
28.02,28.02,35.75,23.84,31.22
30.95,30.95,39.98,32.46,33.35
33.68,33.68,41.56,33.39,38.28
32.35,32.35,40.88,29.86,37.04
32.18,32.18,40.80,28.49,35.51
30.60,30.60,40.07,30.41,37.24
30.38,30.38,40.07,32.26,36.21
30.67,30.67,39.27,32.31,35.32
31.32,31.32,38.06,31.15,38.26
29.82,29.82,37.85,31.68,38.26
28.92,28.92,37.03,35.47,36.59
29.18,29.18,43.91,41.39,38.68
30.39,30.39,38.43,47.43,36.97
28.86,28.86,37.09,49.88,37.70
30.10,30.10,36.91,46.88,36.78
31.39,31.39,38.62,44.15,36.21
30.55,30.55,39.71,40.42,35.74
30.49,30.49,41.83,39.28,35.60
29.69,29.69,41.78,35.85,36.14
30.30,30.30,39.62,34.94,33.79
29.63,29.63,39.56,32.75,33.75
31.63,31.63,41.25,33.12,33.05
32.39,32.39,41.75,33.26,32.63
31.65,31.65,40.26,28.07,31.87
31.95,31.95,40.13,31.87,30.81
29.62,29.62,40.89,31.75,31.07
29.55,29.55,40.41,30.38,30.57
27.86,27.86,38.16,31.27,28.37
28.03,28.03,38.48,30.27,29.58
27.06,27.06,36.66,28.87,27.39
24.47,24.47,35.46,28.65,25.72
27.35,27.35,38.30,25.70,29.48
30.12,30.12,38.79,29.81,34.49
30.93,30.93,37.51,23.88,33.01
30.24,30.24,36.86,25.09,33.11
30.36,30.36,36.68,23.03,31.90
29.47,29.47,34.87,20.72,31.79
28.86,28.86,34.28,20.34,29.99
26.73,26.73,32.83,21.97,28.88
27.81,27.81,32.11,20.21,29.01
28.15,28.15,33.27,19.36,29.42
29.99,29.99,36.05,22.63,27.80
29.43,29.43,38.47,28.02,32.91
30.14,30.14,38.29,31.89,32.20
29.74,29.74,36.72,30.27,33.53
28.87,28.87,36.13,29.98,30.89
28.81,28.81,37.75,29.63,34.20
29.79,29.79,36.61,30.16,29.99
28.75,28.75,37.50,30.33,34.71
29.54,29.54,36.23,30.35,30.74
28.99,28.99,37.35,29.85,33.15
29.17,29.17,35.92,27.00,30.09
29.42,29.42,35.10,26.94,30.84
29.97,29.97,34.40,26.65,29.88
29.82,29.82,34.94,21.48,30.24
29.43,29.43,34.50,20.94,28.86
29.04,29.04,32.02,19.51,26.85
28.34,28.34,33.48,21.42,27.77
28.04,28.04,33.38,20.31,28.10
27.81,27.81,32.13,21.02,26.68
26.97,26.97,33.11,19.48,29.36
28.89,28.89,33.30,20.35,27.90
30.32,30.32,37.40,30.68,30.18
30.83,30.83,37.06,29.30,32.97
29.85,29.85,35.78,27.62,30.82
29.27,29.27,35.55,25.43,31.05
29.59,29.59,35.74,26.38,30.81
28.41,28.41,35.11,26.21,29.78
27.70,27.70,34.82,27.88,32.12
28.40,28.40,34.39,28.35,28.96
28.97,28.97,36.18,28.29,31.89
27.39,27.39,36.40,26.06,29.32
29.21,29.21,35.44,27.12,31.01
29.20,29.20,32.13,25.27,29.84
29.22,29.22,33.04,23.05,29.77
29.06,29.06,32.98,18.45,29.22
27.98,27.98,31.85,16.75,27.80
28.03,28.03,30.57,17.87,26.88
25.71,25.71,29.48,18.98,27.60
25.36,25.36,29.15,19.24,28.63
23.66,23.66,28.75,19.22,27.66
25.08,25.08,31.44,18.00,28.30
28.74,28.74,36.80,29.42,31.46
28.36,28.36,35.56,26.20,32.06
29.46,29.46,35.01,25.70,31.81
28.72,28.72,35.66,26.00,31.79
27.04,27.04,34.64,26.50,29.45
27.25,27.25,33.91,25.97,27.46
26.49,26.49,32.31,24.78,24.51
26.35,26.35,32.69,25.24,24.97
23.95,23.95,30.97,24.59,24.58
24.30,24.30,35.40,30.37,29.02
25.59,25.59,37.30,37.62,28.95
26.53,26.53,38.44,40.22,26.81
26.13,26.13,39.07,39.61,26.18
26.68,26.68,39.86,36.17,29.37
25.88,25.88,39.75,35.69,29.82
25.72,25.72,38.86,32.69,27.93
26.04,26.04,39.68,33.36,28.20
25.57,25.57,39.32,32.03,30.56
25.04,25.04,36.47,28.76,28.62
26.36,26.36,37.74,30.20,27.55
29.09,29.09,35.09,29.66,28.14
28.84,28.84,34.99,26.19,26.71
27.87,27.87,35.89,26.71,26.88
28.06,28.06,35.74,29.34,25.68
28.07,28.07,34.68,27.85,25.42
25.41,25.41,34.05,26.33,25.32
23.87,23.87,32.70,24.53,24.43
22.40,22.40,32.57,25.75,23.26
21.50,21.50,32.72,26.74,21.83
20.70,20.70,31.36,24.71,20.81
26.33,26.33,32.00,23.60,24.69
26.80,26.80,31.46,21.57,23.28
28.66,28.66,32.91,17.71,24.97
28.66,28.66,32.34,20.31,24.71
27.26,27.26,32.03,16.60,24.49
25.82,25.82,29.50,18.14,21.94
26.28,26.28,28.89,15.88,21.24
25.14,25.14,28.66,15.31,20.36
25.87,25.87,29.04,18.35,20.36
25.45,25.45,28.40,17.73,19.82
27.38,27.38,33.36,26.48,23.46
26.71,26.71,33.34,25.84,23.60
27.36,27.36,32.70,24.46,23.49
24.59,24.59,31.56,23.90,21.79
25.75,25.75,31.98,25.04,22.04
23.94,23.94,31.09,24.65,22.51
24.55,24.55,31.23,25.66,23.86
25.40,25.40,30.38,22.68,24.22
25.73,25.73,31.50,23.79,24.47
24.51,24.51,31.14,22.19,22.30
25.70,25.70,30.16,23.11,23.03
25.58,25.58,27.89,21.17,21.77
25.28,25.28,27.14,17.33,20.32
24.28,24.28,26.90,18.32,19.73
25.15,25.15,26.45,18.22,18.90
24.21,24.21,26.00,15.14,17.14
23.87,23.87,25.81,15.04,17.66
24.15,24.15,26.13,19.18,19.42
24.16,24.16,26.11,17.11,19.16
22.34,22.34,24.68,18.15,18.16
25.89,25.89,33.27,23.98,21.40
24.62,24.62,31.54,23.91,22.72
25.48,25.48,30.62,24.00,22.65
23.81,23.81,30.73,21.64,20.94
24.99,24.99,29.66,18.40,23.16
24.07,24.07,30.05,21.59,22.40
23.84,23.84,29.18,20.16,19.99
23.18,23.18,28.87,18.38,19.29
22.41,22.41,29.68,19.79,19.58
24.10,24.10,29.37,20.17,19.37
25.26,25.26,27.50,19.70,20.82
24.33,24.33,26.83,18.69,21.63
24.03,24.03,26.10,17.66,21.36
24.91,24.91,25.51,13.75,19.72
24.31,24.31,24.68,12.83,20.72
23.30,23.30,24.55,13.03,19.14
22.03,22.03,23.92,12.41,17.40
21.01,21.01,23.73,13.44,17.52
20.56,20.56,22.56,11.27,16.64
20.07,20.07,22.47,10.75,16.69
24.30,24.30,26.93,14.68,18.87
23.21,23.21,28.68,20.72,19.13
23.23,23.23,28.70,18.56,19.87
21.74,21.74,27.85,20.76,19.17
21.59,21.59,28.12,19.75,19.32
23.28,23.28,27.88,20.10,18.90
20.82,20.82,28.15,22.00,19.05
20.89,20.89,27.80,21.87,18.06
20.15,20.15,27.70,21.29,17.79
19.87,19.87,28.19,19.78,17.69
21.05,21.05,32.62,28.06,21.48
23.40,23.40,34.45,28.30,19.63
23.65,23.65,34.52,27.57,19.02
24.24,24.24,33.44,24.21,19.22
25.95,25.95,33.33,24.96,20.69
23.76,23.76,31.26,22.84,21.19
20.53,20.53,29.92,21.02,19.72
20.60,20.60,29.49,20.13,20.64
21.90,21.90,28.19,20.52,20.09
22.26,22.26,27.78,19.06,19.39
21.03,21.03,31.36,26.57,19.81
22.11,22.11,32.85,27.24,18.39
21.97,21.97,33.81,26.95,18.98
21.53,21.53,33.24,24.05,18.48
22.41,22.41,32.83,24.60,20.32
22.47,22.47,32.50,24.67,21.14
21.12,21.12,32.40,23.81,20.78
20.67,20.67,30.45,20.96,20.54
19.90,19.90,27.38,18.92,18.92
18.38,18.38,25.39,17.05,15.59
20.04,20.04,31.56,25.64,19.73
22.81,22.81,31.15,25.59,17.60
21.83,21.83,33.56,26.40,16.86
20.70,20.70,33.45,24.75,19.10
22.87,22.87,31.82,23.96,19.97
22.56,22.56,31.18,23.67,20.40
22.60,22.60,31.23,23.49,20.65
21.39,21.39,28.97,19.67,19.26
21.53,21.53,27.06,19.00,17.31
22.51,22.51,24.31,16.13,15.80
20.28,20.28,30.51,24.06,20.13
22.81,22.81,29.16,23.70,17.45
22.50,22.50,32.72,26.34,17.84
21.94,21.94,33.20,24.64,16.85
22.06,22.06,30.69,22.42,15.92
23.49,23.49,29.73,19.89,17.13
21.73,21.73,29.34,23.30,19.26
21.36,21.36,30.68,22.15,19.38
21.12,21.12,31.45,23.30,20.39
20.14,20.14,29.93,20.11,19.11
20.56,20.56,28.21,20.65,23.65
23.05,23.05,27.68,22.81,21.19
21.35,21.35,26.97,23.04,19.84
20.87,20.87,27.67,23.79,21.66
21.20,21.20,28.33,22.86,20.65
20.27,20.27,29.72,25.38,18.03
20.84,20.84,30.69,24.42,14.42
19.70,19.70,30.86,22.57,14.55
19.13,19.13,32.65,23.99,16.31
18.89,18.89,29.98,20.93,16.51
21.02,21.02,28.41,19.67,16.61
21.64,21.64,28.38,21.73,17.78
23.00,23.00,26.00,19.27,16.28
21.91,21.91,24.84,16.34,14.86
21.14,21.14,24.33,16.39,15.53
21.04,21.04,27.45,23.33,17.49
20.14,20.14,28.35,25.15,13.30
19.51,19.51,30.63,23.12,14.95
18.88,18.88,30.89,22.14,14.08
19.45,19.45,27.65,18.49,16.55
20.91,20.91,26.16,19.84,14.98
20.30,20.30,29.66,24.82,13.20
18.90,18.90,31.64,24.83,12.67
20.09,20.09,31.50,22.84,13.67
19.89,19.89,29.59,20.71,15.24
19.59,19.59,26.99,18.45,15.90
19.09,19.09,25.03,15.79,16.12
18.53,18.53,24.89,16.32,15.58
16.78,16.78,26.02,17.74,17.97
16.01,16.01,26.94,18.69,16.82
18.17,18.17,26.83,19.09,16.14
20.97,20.97,29.66,24.19,14.41
19.27,19.27,29.11,20.86,14.29
19.07,19.07,30.99,22.37,14.33
18.25,18.25,30.63,21.75,16.31
18.90,18.90,28.68,19.67,16.40
17.60,17.60,27.70,21.00,16.21
18.47,18.47,26.38,19.26,16.71
17.72,17.72,26.69,19.49,16.59
15.58,15.58,23.52,17.23,13.54
17.60,17.60,23.18,14.95,13.13
18.62,18.62,28.82,23.86,14.88
17.95,17.95,30.35,23.82,14.89
18.69,18.69,29.55,20.77,14.75
18.40,18.40,29.97,21.38,15.30
17.19,17.19,28.71,20.99,15.82
18.02,18.02,25.76,16.86,16.79
17.39,17.39,25.49,17.05,15.58
18.51,18.51,24.55,17.19,15.73
18.65,18.65,22.47,14.22,14.54
18.79,18.79,21.95,13.06,12.16
17.37,17.37,22.03,13.50,13.02
19.87,19.87,21.83,12.59,12.39
19.21,19.21,21.00,10.72,11.43
17.87,17.87,20.82,9.80,11.40
17.28,17.28,19.67,8.94,9.74
17.78,17.78,18.73,14.06,10.03
16.89,16.89,18.20,11.12,9.90
17.20,17.20,20.14,11.08,9.84
16.01,16.01,17.87,10.01,9.84
13.63,13.63,17.26,12.26,10.00
17.31,17.31,18.05,13.74,9.43
17.47,17.47,17.15,12.65,8.44
18.57,18.57,17.74,9.42,7.85
17.44,17.44,17.24,7.05,8.84
16.14,16.14,16.26,5.35,7.90
16.41,16.41,16.77,6.76,7.89
17.14,17.14,16.52,5.62,7.78
17.51,17.51,14.79,4.91,7.55
17.81,17.81,14.94,4.92,7.25
18.45,18.45,16.34,5.28,7.40
15.82,15.82,16.00,12.85,8.42
15.76,15.76,16.94,11.84,8.29
16.70,16.70,14.76,9.36,6.49
15.50,15.50,14.21,4.54,6.10
13.32,13.32,13.18,4.96,5.78
14.18,14.18,13.39,3.63,6.54
14.30,14.30,14.04,2.83,6.91
14.18,14.18,13.81,2.42,6.33
14.93,14.93,13.41,2.35,5.55
12.57,12.57,12.24,4.07,4.64
14.65,14.65,14.73,9.73,5.68
14.48,14.48,15.39,10.13,6.13
14.73,14.73,14.88,7.93,7.18
14.98,14.98,14.95,5.77,7.06
12.64,12.64,12.03,1.26,4.71
14.39,14.39,12.70,2.19,3.97
13.85,13.85,13.55,3.76,3.01
14.18,14.18,12.60,4.55,3.08
14.30,14.30,12.89,5.55,3.95
13.06,13.06,11.38,3.33,3.22
14.51,14.51,13.50,7.18,3.99
16.01,16.01,13.70,4.88,3.87
14.83,14.83,13.64,2.83,3.30
15.80,15.80,14.25,0.98,3.66
14.24,14.24,12.93,1.29,3.17
15.39,15.39,13.65,0.62,2.81
4.84,4.84,4.21,0.03,0.68
-0.00,-0.00,0.00,-0.00,-0.00
-0.00,-0.00,-0.00,-0.00,-0.00
-0.00,-0.00,-0.00,-0.00,-0.00
-0.00,-0.00,-0.00,-0.00,-0.00
-0.00,-0.00,-0.00,-0.00,-0.00
-0.00,-0.00,-0.00,-0.00,-0.00
-0.00,-0.00,-0.00,-0.00,-0.00
-0.00,-0.00,-0.00,-0.00,-0.00
-0.00,-0.00,-0.00,-0.00,-0.00
-0.00,-0.00,-0.00,-0.00,-0.00
-0.00,-0.00,-0.00,-0.00,-0.00
-0.00,-0.00,-0.00,-0.00,-0.00
